Date,Season,HomeTeam,AwayTeam,FTHG,FTAG,FTR,B365H,B365D,B365A
2002-08-17,2002/03,Blackburn,Sunderland,0.0,0.0,D,1.727,3.25,4.333
2002-08-17,2002/03,Charlton,Chelsea,2.0,3.0,A,2.8,3.25,2.2
2002-08-17,2002/03,Everton,Tottenham,2.0,2.0,D,2.25,3.25,2.75
2002-08-17,2002/03,Fulham,Bolton,4.0,1.0,H,1.727,3.25,4.333
2002-08-17,2002/03,Leeds,Man City,3.0,0.0,H,1.667,3.4,4.5
2002-08-17,2002/03,Man United,West Brom,1.0,0.0,H,1.2,5.0,12.0
2002-08-17,2002/03,Southampton,Middlesbrough,0.0,0.0,D,2.25,3.25,2.75
2002-08-18,2002/03,Aston Villa,Liverpool,0.0,1.0,A,3.0,3.25,2.1
2002-08-18,2002/03,Arsenal,Birmingham,2.0,0.0,H,1.222,5.0,10.0
2002-08-19,2002/03,Newcastle,West Ham,4.0,0.0,H,1.571,3.4,5.5
2002-08-23,2002/03,Chelsea,Man United,2.0,2.0,D,2.75,3.25,2.25
2002-08-24,2002/03,Liverpool,Southampton,3.0,0.0,H,1.333,4.333,7.5
2002-08-24,2002/03,Man City,Newcastle,1.0,0.0,H,2.5,3.2,2.5
2002-08-24,2002/03,Middlesbrough,Fulham,2.0,2.0,D,2.0,3.25,3.25
2002-08-24,2002/03,Sunderland,Everton,0.0,1.0,A,2.1,3.0,3.25
2002-08-24,2002/03,Tottenham,Aston Villa,1.0,0.0,H,1.833,3.25,3.75
2002-08-24,2002/03,West Brom,Leeds,1.0,3.0,A,3.75,3.25,1.833
2002-08-24,2002/03,West Ham,Arsenal,2.0,2.0,D,4.0,3.5,1.727
2002-08-24,2002/03,Birmingham,Blackburn,0.0,1.0,A,2.625,3.2,2.375
2002-08-24,2002/03,Bolton,Charlton,1.0,2.0,A,2.1,3.25,3.0
2002-08-27,2002/03,Arsenal,West Brom,5.0,2.0,H,1.17,5.5,13.0
2002-08-27,2002/03,Charlton,Tottenham,0.0,1.0,A,2.4,3.2,2.6
2002-08-28,2002/03,Aston Villa,Man City,1.0,0.0,H,2.2,3.25,2.8
2002-08-28,2002/03,Blackburn,Liverpool,2.0,2.0,D,3.0,3.25,2.1
2002-08-28,2002/03,Everton,Birmingham,1.0,1.0,D,1.67,3.4,4.5
2002-08-28,2002/03,Leeds,Sunderland,0.0,1.0,A,1.5,3.4,6.5
2002-08-28,2002/03,Southampton,Chelsea,1.0,1.0,D,3.0,3.25,2.1
2002-08-31,2002/03,Tottenham,Southampton,2.0,1.0,H,1.667,3.4,4.5
2002-08-31,2002/03,West Ham,Charlton,0.0,2.0,A,1.727,3.5,4.0
2002-08-31,2002/03,West Brom,Fulham,1.0,0.0,H,2.625,3.2,2.375
2002-08-31,2002/03,Sunderland,Man United,1.0,1.0,D,5.0,3.4,1.615
2002-08-31,2002/03,Middlesbrough,Blackburn,1.0,0.0,H,2.2,3.25,2.8
2002-08-31,2002/03,Man City,Everton,3.0,1.0,H,1.727,3.25,4.333
2002-08-31,2002/03,Birmingham,Leeds,2.0,1.0,H,4.0,3.25,1.8
2002-09-01,2002/03,Bolton,Aston Villa,1.0,0.0,H,2.5,3.0,2.625
2002-09-01,2002/03,Chelsea,Arsenal,1.0,1.0,D,3.0,3.0,2.25
2002-09-02,2002/03,Liverpool,Newcastle,2.0,2.0,D,1.615,3.4,5.0
2002-09-03,2002/03,Man United,Middlesbrough,1.0,0.0,H,1.333,4.0,9.0
2002-09-10,2002/03,Arsenal,Man City,2.0,1.0,H,1.333,4.333,7.5
2002-09-10,2002/03,Middlesbrough,Sunderland,3.0,0.0,H,2.1,3.0,3.25
2002-09-11,2002/03,West Ham,West Brom,0.0,1.0,A,1.571,3.4,5.5
2002-09-11,2002/03,Southampton,Everton,1.0,0.0,H,2.0,3.25,3.25
2002-09-11,2002/03,Newcastle,Leeds,0.0,2.0,A,2.1,3.25,3.0
2002-09-11,2002/03,Man United,Bolton,0.0,1.0,A,1.2,5.5,10.0
2002-09-11,2002/03,Aston Villa,Charlton,2.0,0.0,H,1.8,3.25,4.0
2002-09-11,2002/03,Fulham,Tottenham,3.0,2.0,H,2.375,3.2,2.625
2002-09-11,2002/03,Blackburn,Chelsea,2.0,3.0,A,2.5,3.2,2.5
2002-09-11,2002/03,Liverpool,Birmingham,2.0,2.0,D,1.25,4.5,11.0
2002-09-14,2002/03,Bolton,Liverpool,2.0,3.0,A,4.333,3.25,1.727
2002-09-14,2002/03,Charlton,Arsenal,0.0,3.0,A,5.0,3.4,1.615
2002-09-14,2002/03,Chelsea,Newcastle,3.0,0.0,H,1.909,3.25,3.5
2002-09-14,2002/03,Everton,Middlesbrough,2.0,1.0,H,2.3,3.2,2.7
2002-09-14,2002/03,Leeds,Man United,1.0,0.0,H,2.75,3.0,2.375
2002-09-14,2002/03,Sunderland,Fulham,0.0,3.0,A,2.1,3.25,3.0
2002-09-14,2002/03,West Brom,Southampton,1.0,0.0,H,2.25,3.25,2.75
2002-09-15,2002/03,Tottenham,West Ham,3.0,2.0,H,1.667,3.4,4.5
2002-09-15,2002/03,Man City,Blackburn,2.0,2.0,D,1.909,3.25,3.5
2002-09-16,2002/03,Birmingham,Aston Villa,3.0,0.0,H,2.5,3.0,2.625
2002-09-21,2002/03,West Ham,Man City,0.0,0.0,D,2.1,3.25,3.0
2002-09-21,2002/03,Middlesbrough,Birmingham,1.0,0.0,H,1.667,3.4,4.5
2002-09-21,2002/03,Southampton,Charlton,0.0,0.0,D,2.0,3.25,3.25
2002-09-21,2002/03,Newcastle,Sunderland,2.0,0.0,H,1.727,3.2,4.5
2002-09-21,2002/03,Liverpool,West Brom,2.0,0.0,H,1.25,4.5,11.0
2002-09-21,2002/03,Man United,Tottenham,1.0,0.0,H,1.444,3.75,6.5
2002-09-21,2002/03,Arsenal,Bolton,2.0,1.0,H,1.2,5.5,10.0
2002-09-22,2002/03,Aston Villa,Everton,3.0,2.0,H,1.833,3.25,3.75
2002-09-22,2002/03,Blackburn,Leeds,1.0,0.0,H,2.75,3.25,2.25
2002-09-23,2002/03,Fulham,Chelsea,0.0,0.0,D,2.625,3.0,2.5
2002-09-28,2002/03,Tottenham,Middlesbrough,0.0,3.0,A,1.833,3.25,3.75
2002-09-28,2002/03,Sunderland,Aston Villa,1.0,0.0,H,2.375,3.0,2.75
2002-09-28,2002/03,Man City,Liverpool,0.0,3.0,A,2.8,3.25,2.2
2002-09-28,2002/03,Leeds,Arsenal,1.0,4.0,A,3.0,3.25,2.1
2002-09-28,2002/03,Everton,Fulham,2.0,0.0,H,2.25,3.25,2.75
2002-09-28,2002/03,Charlton,Man United,1.0,3.0,A,4.5,3.4,1.667
2002-09-28,2002/03,Bolton,Southampton,1.0,1.0,D,2.0,3.25,3.25
2002-09-28,2002/03,Birmingham,Newcastle,0.0,2.0,A,2.625,3.2,2.375
2002-09-28,2002/03,Chelsea,West Ham,2.0,3.0,A,1.571,3.4,5.5
2002-09-30,2002/03,West Brom,Blackburn,0.0,2.0,A,2.6,3.2,2.4
2002-10-05,2002/03,West Ham,Birmingham,1.0,2.0,A,1.727,3.25,4.333
2002-10-05,2002/03,Newcastle,West Brom,2.0,1.0,H,1.4,3.75,7.5
2002-10-05,2002/03,Southampton,Man City,2.0,0.0,H,2.3,3.2,2.7
2002-10-05,2002/03,Middlesbrough,Bolton,2.0,0.0,H,1.533,3.5,5.5
2002-10-06,2002/03,Arsenal,Sunderland,3.0,1.0,H,1.167,5.5,13.0
2002-10-06,2002/03,Aston Villa,Leeds,0.0,0.0,D,2.6,3.2,2.4
2002-10-06,2002/03,Blackburn,Tottenham,1.0,2.0,A,2.1,3.25,3.0
2002-10-06,2002/03,Fulham,Charlton,1.0,0.0,H,1.667,3.4,4.5
2002-10-06,2002/03,Liverpool,Chelsea,1.0,0.0,H,1.727,3.25,4.333
2002-10-07,2002/03,Man United,Everton,3.0,0.0,H,1.3,4.5,8.0
2002-10-19,2002/03,Everton,Arsenal,2.0,1.0,H,5.5,3.5,1.533
2002-10-19,2002/03,West Brom,Birmingham,1.0,1.0,D,2.375,3.0,2.75
2002-10-19,2002/03,Sunderland,West Ham,0.0,1.0,A,2.0,3.25,3.25
2002-10-19,2002/03,Man City,Chelsea,0.0,3.0,A,2.6,3.2,2.4
2002-10-19,2002/03,Blackburn,Newcastle,5.0,2.0,H,2.3,3.2,2.7
2002-10-19,2002/03,Fulham,Man United,1.0,1.0,D,4.333,3.25,1.727
2002-10-19,2002/03,Leeds,Liverpool,0.0,1.0,A,2.75,3.0,2.375
2002-10-20,2002/03,Charlton,Middlesbrough,1.0,0.0,H,2.8,3.2,2.25
2002-10-20,2002/03,Tottenham,Bolton,3.0,1.0,H,1.533,3.5,5.5
2002-10-21,2002/03,Aston Villa,Southampton,0.0,1.0,A,1.727,3.25,4.333
2002-10-23,2002/03,Fulham,West Ham,0.0,1.0,A,1.8,3.25,4.0
2002-10-26,2002/03,Newcastle,Charlton,2.0,1.0,H,1.533,3.5,5.5
2002-10-26,2002/03,Middlesbrough,Leeds,2.0,2.0,D,2.2,3.25,2.8
2002-10-26,2002/03,Man United,Aston Villa,1.0,1.0,D,1.3,4.5,8.0
2002-10-26,2002/03,Liverpool,Tottenham,2.0,1.0,H,1.533,3.5,5.5
2002-10-26,2002/03,Birmingham,Man City,0.0,2.0,A,2.1,3.25,3.0
2002-10-26,2002/03,Chelsea,West Brom,2.0,0.0,H,1.4,3.75,7.5
2002-10-26,2002/03,Arsenal,Blackburn,1.0,2.0,A,1.3,4.5,8.0
2002-10-27,2002/03,Southampton,Fulham,4.0,2.0,H,2.375,3.2,2.625
2002-10-27,2002/03,West Ham,Everton,0.0,1.0,A,2.0,3.25,3.25
2002-10-28,2002/03,Bolton,Sunderland,1.0,1.0,D,2.1,3.25,3.0
2002-11-02,2002/03,Man United,Southampton,2.0,1.0,H,1.333,4.333,7.5
2002-11-02,2002/03,Liverpool,West Ham,2.0,0.0,H,1.333,4.333,7.5
2002-11-02,2002/03,West Brom,Man City,1.0,2.0,A,2.4,3.2,2.6
2002-11-02,2002/03,Birmingham,Bolton,3.0,1.0,H,1.909,3.25,3.5
2002-11-03,2002/03,Blackburn,Aston Villa,0.0,0.0,D,1.727,3.25,4.333
2002-11-03,2002/03,Charlton,Sunderland,1.0,1.0,D,1.909,3.25,3.5
2002-11-03,2002/03,Fulham,Arsenal,0.0,1.0,A,4.5,3.4,1.667
2002-11-03,2002/03,Leeds,Everton,0.0,1.0,A,1.727,3.25,4.333
2002-11-03,2002/03,Tottenham,Chelsea,0.0,0.0,D,2.3,3.2,2.7
2002-11-04,2002/03,Newcastle,Middlesbrough,2.0,0.0,H,2.0,3.25,3.25
2002-11-09,2002/03,Southampton,Blackburn,1.0,1.0,D,2.25,3.25,2.75
2002-11-09,2002/03,Everton,Charlton,1.0,0.0,H,1.667,3.4,4.5
2002-11-09,2002/03,Middlesbrough,Liverpool,1.0,0.0,H,3.25,3.25,2.0
2002-11-09,2002/03,Man City,Man United,3.0,1.0,H,3.5,3.25,1.909
2002-11-09,2002/03,Chelsea,Birmingham,3.0,0.0,H,1.444,3.75,6.5
2002-11-09,2002/03,Aston Villa,Fulham,3.0,1.0,H,2.2,3.25,2.8
2002-11-09,2002/03,Arsenal,Newcastle,1.0,0.0,H,1.5,3.5,6.0
2002-11-09,2002/03,Bolton,West Brom,1.0,1.0,D,2.0,3.25,3.25
2002-11-10,2002/03,Sunderland,Tottenham,2.0,0.0,H,2.7,3.2,2.3
2002-11-10,2002/03,West Ham,Leeds,3.0,4.0,A,2.375,3.2,2.625
2002-11-16,2002/03,Arsenal,Tottenham,3.0,0.0,H,1.533,3.5,5.5
2002-11-16,2002/03,Chelsea,Middlesbrough,1.0,0.0,H,1.727,3.2,4.5
2002-11-16,2002/03,Man City,Charlton,0.0,1.0,A,1.667,3.4,4.5
2002-11-16,2002/03,Newcastle,Southampton,2.0,1.0,H,1.615,3.4,5.0
2002-11-16,2002/03,West Brom,Aston Villa,0.0,0.0,D,2.625,3.0,2.5
2002-11-17,2002/03,Liverpool,Sunderland,0.0,0.0,D,1.364,4.0,7.5
2002-11-17,2002/03,Birmingham,Fulham,0.0,0.0,D,2.3,3.2,2.7
2002-11-17,2002/03,Blackburn,Everton,0.0,1.0,A,2.1,3.25,3.0
2002-11-17,2002/03,Leeds,Bolton,2.0,4.0,A,1.5,3.5,6.0
2002-11-17,2002/03,West Ham,Man United,1.0,1.0,D,4.0,3.25,1.8
2002-11-23,2002/03,Middlesbrough,Man City,3.0,1.0,H,1.727,3.25,4.333
2002-11-23,2002/03,Everton,West Brom,1.0,0.0,H,1.444,3.6,7.0
2002-11-23,2002/03,Sunderland,Birmingham,0.0,1.0,A,1.909,3.25,3.5
2002-11-23,2002/03,Southampton,Arsenal,3.0,2.0,H,4.333,3.25,1.727
2002-11-23,2002/03,Man United,Newcastle,5.0,3.0,H,1.615,3.4,5.0
2002-11-23,2002/03,Bolton,Chelsea,1.0,1.0,D,3.5,3.25,1.909
2002-11-23,2002/03,Aston Villa,West Ham,4.0,1.0,H,1.8,3.25,4.0
2002-11-23,2002/03,Fulham,Liverpool,3.0,2.0,H,3.75,3.25,1.833
2002-11-24,2002/03,Charlton,Blackburn,3.0,1.0,H,2.4,3.2,2.6
2002-11-24,2002/03,Tottenham,Leeds,2.0,0.0,H,2.1,3.25,3.0
2002-11-30,2002/03,Man City,Bolton,2.0,0.0,H,1.8,3.25,4.0
2002-11-30,2002/03,Arsenal,Aston Villa,3.0,1.0,H,1.333,4.0,9.0
2002-11-30,2002/03,Birmingham,Tottenham,1.0,1.0,D,2.6,3.2,2.4
2002-11-30,2002/03,Blackburn,Fulham,2.0,1.0,H,2.0,3.25,3.25
2002-11-30,2002/03,Chelsea,Sunderland,3.0,0.0,H,1.4,3.75,7.5
2002-11-30,2002/03,West Brom,Middlesbrough,1.0,0.0,H,2.7,3.2,2.3
2002-12-01,2002/03,Leeds,Charlton,1.0,2.0,A,1.8,3.25,4.0
2002-12-01,2002/03,Liverpool,Man United,1.0,2.0,A,2.3,3.2,2.7
2002-12-01,2002/03,Newcastle,Everton,2.0,1.0,H,1.909,3.25,3.5
2002-12-02,2002/03,West Ham,Southampton,0.0,1.0,A,2.25,3.25,2.75
2002-12-07,2002/03,Middlesbrough,West Ham,2.0,2.0,D,1.615,3.4,5.0
2002-12-07,2002/03,Bolton,Blackburn,1.0,1.0,D,2.6,3.2,2.4
2002-12-07,2002/03,Southampton,Birmingham,2.0,0.0,H,1.727,3.5,4.0
2002-12-07,2002/03,Man United,Arsenal,2.0,0.0,H,2.25,3.25,2.75
2002-12-07,2002/03,Fulham,Leeds,1.0,0.0,H,2.1,3.25,3.0
2002-12-07,2002/03,Aston Villa,Newcastle,0.0,1.0,A,2.375,3.2,2.625
2002-12-07,2002/03,Charlton,Liverpool,2.0,0.0,H,3.5,3.25,1.909
2002-12-07,2002/03,Everton,Chelsea,1.0,3.0,A,2.5,3.2,2.5
2002-12-08,2002/03,Tottenham,West Brom,3.0,1.0,H,1.444,3.6,7.0
2002-12-09,2002/03,Sunderland,Man City,0.0,3.0,A,2.3,3.2,2.7
2002-12-14,2002/03,Middlesbrough,Chelsea,1.0,1.0,D,2.625,3.2,2.375
2002-12-14,2002/03,Aston Villa,West Brom,2.0,1.0,H,1.8,3.25,4.0
2002-12-14,2002/03,Charlton,Man City,2.0,2.0,D,2.1,3.25,3.0
2002-12-14,2002/03,Everton,Blackburn,2.0,1.0,H,1.833,3.25,3.75
2002-12-14,2002/03,Man United,West Ham,3.0,0.0,H,1.286,4.5,9.0
2002-12-14,2002/03,Southampton,Newcastle,1.0,1.0,D,2.3,3.2,2.7
2002-12-15,2002/03,Fulham,Birmingham,0.0,1.0,A,1.8,3.25,4.0
2002-12-15,2002/03,Sunderland,Liverpool,2.0,1.0,H,4.333,3.25,1.727
2002-12-15,2002/03,Tottenham,Arsenal,1.0,1.0,D,3.0,3.1,2.2
2002-12-16,2002/03,Bolton,Leeds,0.0,3.0,A,2.4,3.2,2.6
2002-12-21,2002/03,West Brom,Sunderland,2.0,2.0,D,2.375,2.875,2.875
2002-12-21,2002/03,West Ham,Bolton,1.0,1.0,D,1.833,3.25,3.75
2002-12-21,2002/03,Newcastle,Fulham,2.0,0.0,H,1.533,3.5,5.5
2002-12-21,2002/03,Leeds,Southampton,1.0,1.0,D,1.909,3.25,3.5
2002-12-21,2002/03,Birmingham,Charlton,1.0,1.0,D,2.2,3.25,2.8
2002-12-21,2002/03,Arsenal,Middlesbrough,2.0,0.0,H,1.4,3.75,7.5
2002-12-21,2002/03,Chelsea,Aston Villa,2.0,0.0,H,1.5,3.5,6.0
2002-12-22,2002/03,Liverpool,Everton,0.0,0.0,D,1.833,3.25,3.75
2002-12-22,2002/03,Blackburn,Man United,1.0,0.0,H,4.0,3.5,1.727
2002-12-23,2002/03,Man City,Tottenham,2.0,3.0,A,2.25,3.25,2.75
2002-12-26,2002/03,Man City,Aston Villa,3.0,1.0,H,1.909,3.25,3.5
2002-12-26,2002/03,Bolton,Newcastle,4.0,3.0,H,3.0,3.25,2.1
2002-12-26,2002/03,Chelsea,Southampton,0.0,0.0,D,1.5,3.5,6.0
2002-12-26,2002/03,Liverpool,Blackburn,1.0,1.0,D,1.615,3.6,4.5
2002-12-26,2002/03,Birmingham,Everton,1.0,1.0,D,2.5,3.2,2.5
2002-12-26,2002/03,Middlesbrough,Man United,3.0,1.0,H,4.0,3.25,1.8
2002-12-26,2002/03,Sunderland,Leeds,1.0,2.0,A,2.4,3.2,2.6
2002-12-26,2002/03,Tottenham,Charlton,2.0,2.0,D,1.667,3.4,4.5
2002-12-26,2002/03,West Brom,Arsenal,1.0,2.0,A,5.5,3.5,1.533
2002-12-26,2002/03,West Ham,Fulham,1.0,1.0,D,2.25,3.25,2.75
2002-12-28,2002/03,Southampton,Sunderland,2.0,1.0,H,1.667,3.5,4.333
2002-12-28,2002/03,Man United,Birmingham,2.0,0.0,H,1.25,5.0,9.0
2002-12-28,2002/03,Leeds,Chelsea,2.0,0.0,H,2.625,3.2,2.375
2002-12-28,2002/03,Fulham,Man City,0.0,1.0,A,2.25,3.4,2.625
2002-12-28,2002/03,Blackburn,West Ham,2.0,2.0,D,1.615,3.4,5.0
2002-12-28,2002/03,Charlton,West Brom,1.0,0.0,H,1.667,3.5,4.333
2002-12-28,2002/03,Aston Villa,Middlesbrough,1.0,0.0,H,2.25,3.25,2.75
2002-12-28,2002/03,Everton,Bolton,0.0,0.0,D,1.533,3.5,5.5
2002-12-29,2002/03,Arsenal,Liverpool,1.0,1.0,D,1.727,3.25,4.333
2002-12-29,2002/03,Newcastle,Tottenham,2.0,1.0,H,1.8,3.4,3.75
2003-01-01,2002/03,Man United,Sunderland,2.0,1.0,H,1.2,5.5,10.0
2003-01-01,2002/03,Southampton,Tottenham,1.0,0.0,H,2.2,3.25,3.25
2003-01-01,2002/03,Newcastle,Liverpool,1.0,0.0,H,2.3,3.2,2.7
2003-01-01,2002/03,Leeds,Birmingham,2.0,0.0,H,1.615,3.4,5.0
2003-01-01,2002/03,Arsenal,Chelsea,3.0,2.0,H,1.8,3.25,4.0
2003-01-01,2002/03,Blackburn,Middlesbrough,1.0,0.0,H,1.909,3.25,3.5
2003-01-01,2002/03,Aston Villa,Bolton,2.0,0.0,H,1.727,3.25,4.333
2003-01-01,2002/03,Everton,Man City,2.0,2.0,D,1.8,3.25,4.0
2003-01-11,2002/03,West Ham,Newcastle,2.0,2.0,D,2.7,3.2,2.3
2003-01-11,2002/03,West Brom,Man United,1.0,3.0,A,5.5,3.5,1.533
2003-01-11,2002/03,Sunderland,Blackburn,0.0,0.0,D,2.5,3.2,2.5
2003-01-11,2002/03,Man City,Leeds,2.0,1.0,H,2.25,3.25,2.75
2003-01-11,2002/03,Middlesbrough,Southampton,2.0,2.0,D,2.1,3.25,3.0
2003-01-11,2002/03,Chelsea,Charlton,4.0,1.0,H,1.571,3.4,5.5
2003-01-11,2002/03,Bolton,Fulham,0.0,0.0,D,2.25,3.25,2.75
2003-01-11,2002/03,Liverpool,Aston Villa,1.0,1.0,D,1.533,3.5,5.5
2003-01-12,2002/03,Birmingham,Arsenal,0.0,4.0,A,5.0,3.4,1.615
2003-01-12,2002/03,Tottenham,Everton,4.0,3.0,H,1.909,3.25,3.5
2003-01-18,2002/03,Newcastle,Man City,2.0,0.0,H,1.727,3.5,4.0
2003-01-18,2002/03,Leeds,West Brom,0.0,0.0,D,1.533,3.5,5.5
2003-01-18,2002/03,Man United,Chelsea,2.0,1.0,H,1.727,3.25,4.333
2003-01-18,2002/03,Everton,Sunderland,2.0,1.0,H,1.615,3.4,5.0
2003-01-18,2002/03,Southampton,Liverpool,0.0,1.0,A,2.4,3.2,2.6
2003-01-18,2002/03,Blackburn,Birmingham,1.0,1.0,D,1.615,3.4,5.0
2003-01-18,2002/03,Aston Villa,Tottenham,0.0,1.0,A,2.2,3.25,2.8
2003-01-18,2002/03,Charlton,Bolton,1.0,1.0,D,1.727,3.5,4.0
2003-01-19,2002/03,Arsenal,West Ham,3.0,1.0,H,1.286,5.0,7.5
2003-01-19,2002/03,Fulham,Middlesbrough,1.0,0.0,H,2.2,3.2,2.875
2003-01-22,2002/03,Charlton,West Ham,4.0,2.0,H,2.1,3.25,3.0
2003-01-22,2002/03,Newcastle,Bolton,1.0,0.0,H,1.4,3.75,7.5
2003-01-28,2002/03,Middlesbrough,Aston Villa,2.0,5.0,A,1.8,3.25,4.0
2003-01-28,2002/03,Chelsea,Leeds,3.0,2.0,H,1.615,3.4,5.0
2003-01-28,2002/03,Sunderland,Southampton,0.0,1.0,A,2.5,3.2,2.5
2003-01-28,2002/03,Bolton,Everton,1.0,2.0,A,2.5,3.2,2.5
2003-01-29,2002/03,Liverpool,Arsenal,2.0,2.0,D,2.625,3.2,2.375
2003-01-29,2002/03,Man City,Fulham,4.0,1.0,H,1.727,3.25,4.333
2003-01-29,2002/03,Tottenham,Newcastle,0.0,1.0,A,2.3,3.2,2.7
2003-01-29,2002/03,West Brom,Charlton,0.0,1.0,A,2.5,3.2,2.5
2003-01-29,2002/03,West Ham,Blackburn,2.0,1.0,H,2.5,3.2,2.5
2003-02-01,2002/03,Southampton,Man United,0.0,2.0,A,4.0,3.25,1.8
2003-02-01,2002/03,Arsenal,Fulham,2.0,1.0,H,1.25,5.0,9.0
2003-02-01,2002/03,Bolton,Birmingham,4.0,2.0,H,2.25,3.25,2.75
2003-02-01,2002/03,Chelsea,Tottenham,1.0,1.0,D,1.66,3.4,4.5
2003-02-01,2002/03,Everton,Leeds,2.0,0.0,H,1.9,3.25,3.5
2003-02-01,2002/03,Man City,West Brom,1.0,2.0,A,1.5,3.5,6.0
2003-02-01,2002/03,Sunderland,Charlton,1.0,3.0,A,2.4,3.2,2.6
2003-02-02,2002/03,West Ham,Liverpool,0.0,3.0,A,3.25,3.25,2.0
2003-02-02,2002/03,Aston Villa,Blackburn,3.0,0.0,H,2.2,3.25,2.8
2003-02-04,2002/03,Birmingham,Man United,0.0,1.0,A,6.5,3.75,1.444
2003-02-08,2002/03,Birmingham,Chelsea,1.0,3.0,A,4.0,3.25,1.8
2003-02-08,2002/03,Blackburn,Southampton,1.0,0.0,H,2.2,3.25,2.8
2003-02-08,2002/03,Charlton,Everton,2.0,1.0,H,2.25,3.25,2.75
2003-02-08,2002/03,Fulham,Aston Villa,2.0,1.0,H,2.25,3.25,2.75
2003-02-08,2002/03,Leeds,West Ham,1.0,0.0,H,1.727,3.5,4.0
2003-02-08,2002/03,Liverpool,Middlesbrough,1.0,1.0,D,1.444,3.75,6.5
2003-02-08,2002/03,Tottenham,Sunderland,4.0,1.0,H,1.5,3.5,6.0
2003-02-08,2002/03,West Brom,Bolton,1.0,1.0,D,2.3,3.2,2.7
2003-02-09,2002/03,Man United,Man City,1.0,1.0,D,1.4,3.75,7.5
2003-02-09,2002/03,Newcastle,Arsenal,1.0,1.0,D,2.625,3.2,2.375
2003-02-19,2002/03,Fulham,West Brom,3.0,0.0,H,1.727,3.25,4.333
2003-02-22,2002/03,Bolton,Man United,1.0,1.0,D,5.5,3.5,1.533
2003-02-22,2002/03,Charlton,Aston Villa,3.0,0.0,H,2.1,3.25,3.0
2003-02-22,2002/03,Chelsea,Blackburn,1.0,2.0,A,1.533,3.5,5.5
2003-02-22,2002/03,Everton,Southampton,2.0,1.0,H,1.833,3.25,3.75
2003-02-22,2002/03,Leeds,Newcastle,0.0,3.0,A,2.5,3.2,2.5
2003-02-22,2002/03,Man City,Arsenal,1.0,5.0,A,4.333,3.25,1.727
2003-02-22,2002/03,Sunderland,Middlesbrough,1.0,3.0,A,2.5,3.0,2.625
2003-02-23,2002/03,Birmingham,Liverpool,2.0,1.0,H,3.75,3.25,1.833
2003-02-23,2002/03,West Brom,West Ham,1.0,2.0,A,2.375,3.2,2.625
2003-02-24,2002/03,Tottenham,Fulham,1.0,1.0,D,1.727,3.25,4.333
2003-03-01,2002/03,Southampton,West Brom,1.0,0.0,H,1.615,3.4,5.0
2003-03-01,2002/03,West Ham,Tottenham,2.0,0.0,H,2.4,3.2,2.6
2003-03-01,2002/03,Newcastle,Chelsea,2.0,1.0,H,2.0,3.25,3.25
2003-03-01,2002/03,Blackburn,Man City,1.0,0.0,H,1.909,3.25,3.5
2003-03-01,2002/03,Fulham,Sunderland,1.0,0.0,H,1.615,3.4,5.0
2003-03-01,2002/03,Middlesbrough,Everton,1.0,1.0,D,2.25,3.25,2.75
2003-03-02,2002/03,Arsenal,Charlton,2.0,0.0,H,1.3,4.5,8.0
2003-03-03,2002/03,Aston Villa,Birmingham,0.0,2.0,A,1.909,3.25,3.5
2003-03-05,2002/03,Man United,Leeds,2.0,1.0,H,1.36,4.0,7.5
2003-03-05,2002/03,Middlesbrough,Newcastle,1.0,0.0,H,2.7,3.2,2.3
2003-03-08,2002/03,Liverpool,Bolton,2.0,0.0,H,1.444,3.75,6.5
2003-03-15,2002/03,Everton,West Ham,0.0,0.0,D,1.72,3.25,4.33
2003-03-15,2002/03,Sunderland,Bolton,0.0,2.0,A,2.3,3.2,2.7
2003-03-15,2002/03,Leeds,Middlesbrough,2.0,3.0,A,2.2,3.25,2.8
2003-03-15,2002/03,Fulham,Southampton,2.0,2.0,D,2.2,3.25,2.8
2003-03-15,2002/03,Charlton,Newcastle,0.0,2.0,A,2.62,3.2,2.37
2003-03-15,2002/03,Blackburn,Arsenal,2.0,0.0,H,4.0,3.25,1.8
2003-03-15,2002/03,Aston Villa,Man United,0.0,1.0,A,4.5,3.4,1.66
2003-03-16,2002/03,Man City,Birmingham,1.0,0.0,H,1.8,3.25,4.0
2003-03-16,2002/03,Tottenham,Liverpool,2.0,3.0,A,2.5,3.2,2.5
2003-03-16,2002/03,West Brom,Chelsea,0.0,2.0,A,4.33,3.25,1.72
2003-03-22,2002/03,Middlesbrough,Charlton,1.0,1.0,D,1.909,3.25,3.5
2003-03-22,2002/03,Newcastle,Blackburn,5.0,1.0,H,1.615,3.4,5.0
2003-03-22,2002/03,West Ham,Sunderland,2.0,0.0,H,1.667,3.4,4.5
2003-03-22,2002/03,Southampton,Aston Villa,2.0,2.0,D,1.8,3.25,4.0
2003-03-22,2002/03,Man United,Fulham,3.0,0.0,H,1.286,4.5,9.0
2003-03-22,2002/03,Birmingham,West Brom,1.0,0.0,H,1.833,3.25,3.75
2003-03-22,2002/03,Chelsea,Man City,5.0,0.0,H,1.571,3.6,5.0
2003-03-23,2002/03,Arsenal,Everton,2.0,1.0,H,1.444,3.75,6.5
2003-03-23,2002/03,Liverpool,Leeds,3.0,1.0,H,1.571,3.4,5.5
2003-03-24,2002/03,Bolton,Tottenham,1.0,0.0,H,2.3,3.2,2.7
2003-04-05,2002/03,Tottenham,Birmingham,2.0,1.0,H,1.727,3.25,4.333
2003-04-05,2002/03,Sunderland,Chelsea,1.0,2.0,A,5.0,3.4,1.615
2003-04-05,2002/03,Southampton,West Ham,1.0,1.0,D,2.0,3.25,3.25
2003-04-05,2002/03,Middlesbrough,West Brom,3.0,0.0,H,1.533,3.5,5.5
2003-04-05,2002/03,Man United,Liverpool,4.0,0.0,H,1.727,3.25,4.333
2003-04-05,2002/03,Bolton,Man City,2.0,0.0,H,2.2,3.25,2.8
2003-04-05,2002/03,Aston Villa,Arsenal,1.0,1.0,D,4.5,3.4,1.667
2003-04-05,2002/03,Charlton,Leeds,1.0,6.0,A,1.909,3.25,3.5
2003-04-06,2002/03,Everton,Newcastle,2.0,1.0,H,2.5,3.2,2.5
2003-04-07,2002/03,Fulham,Blackburn,0.0,4.0,A,2.25,3.25,2.75
2003-04-12,2002/03,West Ham,Aston Villa,2.0,2.0,D,2.0,3.25,3.25
2003-04-12,2002/03,West Brom,Everton,1.0,2.0,A,3.5,3.25,1.909
2003-04-12,2002/03,Newcastle,Man United,2.0,6.0,A,2.625,3.2,2.375
2003-04-12,2002/03,Liverpool,Fulham,2.0,0.0,H,1.444,3.5,7.5
2003-04-12,2002/03,Man City,Middlesbrough,0.0,0.0,D,2.2,3.25,2.8
2003-04-12,2002/03,Chelsea,Bolton,1.0,0.0,H,1.5,3.5,6.0
2003-04-12,2002/03,Blackburn,Charlton,1.0,0.0,H,1.727,3.25,4.333
2003-04-12,2002/03,Birmingham,Sunderland,2.0,0.0,H,1.667,3.4,4.5
2003-04-12,2002/03,Leeds,Tottenham,2.0,2.0,D,1.909,3.25,3.5
2003-04-16,2002/03,Arsenal,Man United,2.0,2.0,D,2.25,3.25,2.75
2003-04-18,2002/03,Tottenham,Man City,0.0,2.0,A,1.8,3.25,4.0
2003-04-19,2002/03,Sunderland,West Brom,1.0,2.0,A,2.1,3.25,3.0
2003-04-19,2002/03,Southampton,Leeds,3.0,2.0,H,2.2,3.25,2.8
2003-04-19,2002/03,Middlesbrough,Arsenal,0.0,2.0,A,3.75,3.25,1.833
2003-04-19,2002/03,Man United,Blackburn,3.0,1.0,H,1.3,4.5,8.0
2003-04-19,2002/03,Fulham,Newcastle,2.0,1.0,H,3.0,3.25,2.1
2003-04-19,2002/03,Charlton,Birmingham,0.0,2.0,A,2.1,3.25,3.0
2003-04-19,2002/03,Bolton,West Ham,1.0,0.0,H,2.2,3.25,2.8
2003-04-19,2002/03,Aston Villa,Chelsea,2.0,1.0,H,2.8,3.25,2.2
2003-04-19,2002/03,Everton,Liverpool,1.0,2.0,A,2.5,3.2,2.5
2003-04-21,2002/03,Man City,Sunderland,3.0,0.0,H,1.571,3.6,5.0
2003-04-21,2002/03,West Ham,Middlesbrough,1.0,0.0,H,1.833,3.5,3.5
2003-04-21,2002/03,Newcastle,Aston Villa,1.0,1.0,D,1.5,3.4,6.0
2003-04-21,2002/03,Liverpool,Charlton,2.0,1.0,H,1.4,3.75,7.0
2003-04-21,2002/03,West Brom,Tottenham,2.0,3.0,A,3.0,3.25,2.1
2003-04-21,2002/03,Blackburn,Bolton,0.0,0.0,D,1.8,3.4,3.6
2003-04-21,2002/03,Birmingham,Southampton,3.0,2.0,H,2.1,3.25,3.0
2003-04-21,2002/03,Chelsea,Everton,4.0,1.0,H,1.727,3.2,4.333
2003-04-22,2002/03,Leeds,Fulham,2.0,0.0,H,1.667,3.4,4.5
2003-04-26,2002/03,Sunderland,Newcastle,0.0,1.0,A,4.5,3.4,1.667
2003-04-26,2002/03,Leeds,Blackburn,2.0,3.0,A,2.0,3.4,3.0
2003-04-26,2002/03,Everton,Aston Villa,2.0,1.0,H,1.8,3.25,4.0
2003-04-26,2002/03,Chelsea,Fulham,1.0,1.0,D,1.4,4.0,6.5
2003-04-26,2002/03,West Brom,Liverpool,0.0,6.0,A,5.0,3.6,1.571
2003-04-26,2002/03,Bolton,Arsenal,2.0,2.0,D,5.0,3.6,1.571
2003-04-26,2002/03,Birmingham,Middlesbrough,3.0,0.0,H,2.1,3.25,3.0
2003-04-26,2002/03,Charlton,Southampton,2.0,1.0,H,2.2,3.25,2.8
2003-04-27,2002/03,Tottenham,Man United,0.0,2.0,A,5.0,3.4,1.615
2003-04-27,2002/03,Man City,West Ham,0.0,1.0,A,2.2,3.4,2.75
2003-05-03,2002/03,West Ham,Chelsea,1.0,0.0,H,2.5,3.4,2.375
2003-05-03,2002/03,Southampton,Bolton,0.0,0.0,D,2.375,3.6,2.375
2003-05-03,2002/03,Newcastle,Birmingham,1.0,0.0,H,1.4,3.75,7.5
2003-05-03,2002/03,Middlesbrough,Tottenham,5.0,1.0,H,2.1,3.25,3.0
2003-05-03,2002/03,Liverpool,Man City,1.0,2.0,A,1.333,4.333,7.5
2003-05-03,2002/03,Fulham,Everton,2.0,0.0,H,2.4,3.2,2.6
2003-05-03,2002/03,Blackburn,West Brom,1.0,1.0,D,1.286,4.5,9.0
2003-05-03,2002/03,Man United,Charlton,4.0,1.0,H,1.143,6.5,12.0
2003-05-03,2002/03,Aston Villa,Sunderland,1.0,0.0,H,1.4,3.75,7.5
2003-05-04,2002/03,Arsenal,Leeds,2.0,3.0,A,1.3,4.5,8.0
2003-05-07,2002/03,Arsenal,Southampton,6.0,1.0,H,1.444,3.75,6.5
2003-05-11,2002/03,Tottenham,Blackburn,0.0,4.0,A,2.5,3.5,2.3
2003-05-11,2002/03,West Brom,Newcastle,2.0,2.0,D,4.0,3.5,1.727
2003-05-11,2002/03,Birmingham,West Ham,2.0,2.0,D,3.25,3.5,1.909
2003-05-11,2002/03,Bolton,Middlesbrough,2.0,1.0,H,1.571,3.6,5.0
2003-05-11,2002/03,Charlton,Fulham,0.0,1.0,A,2.1,3.25,3.0
2003-05-11,2002/03,Chelsea,Liverpool,2.0,1.0,H,2.375,3.0,2.75
2003-05-11,2002/03,Everton,Man United,1.0,2.0,A,2.5,3.4,2.375
2003-05-11,2002/03,Leeds,Aston Villa,3.0,1.0,H,1.833,3.25,3.75
2003-05-11,2002/03,Man City,Southampton,0.0,1.0,A,1.615,3.4,5.0
2003-05-11,2002/03,Sunderland,Arsenal,0.0,4.0,A,5.0,3.4,1.615
2015-08-08,2015/16,Norwich,Crystal Palace,1.0,3.0,A,2.55,3.3,3.0
2015-08-08,2015/16,Leicester,Sunderland,4.0,2.0,H,1.95,3.5,4.33
2015-08-08,2015/16,Man United,Tottenham,1.0,0.0,H,1.65,4.0,6.0
2015-08-08,2015/16,Chelsea,Swansea,2.0,2.0,D,1.36,5.0,11.0
2015-08-08,2015/16,Bournemouth,Aston Villa,0.0,1.0,A,2.0,3.6,4.0
2015-08-08,2015/16,Everton,Watford,2.0,2.0,D,1.7,3.9,5.5
2015-08-09,2015/16,Arsenal,West Ham,0.0,2.0,A,1.29,6.0,12.0
2015-08-09,2015/16,Newcastle,Southampton,2.0,2.0,D,2.88,3.3,2.7
2015-08-09,2015/16,Stoke,Liverpool,0.0,1.0,A,3.4,3.4,2.3
2015-08-10,2015/16,West Brom,Man City,0.0,3.0,A,5.75,4.0,1.67
2015-08-14,2015/16,Aston Villa,Man United,0.0,1.0,A,5.5,3.8,1.73
2015-08-15,2015/16,West Ham,Leicester,1.0,2.0,A,2.25,3.5,3.4
2015-08-15,2015/16,Southampton,Everton,0.0,3.0,A,1.95,3.6,4.33
2015-08-15,2015/16,Sunderland,Norwich,1.0,3.0,A,2.5,3.3,3.1
2015-08-15,2015/16,Swansea,Newcastle,2.0,0.0,H,1.95,3.6,4.33
2015-08-15,2015/16,Tottenham,Stoke,2.0,2.0,D,1.8,3.75,5.0
2015-08-15,2015/16,Watford,West Brom,0.0,0.0,D,2.3,3.4,3.4
2015-08-16,2015/16,Man City,Chelsea,3.0,0.0,H,2.1,3.5,3.75
2015-08-16,2015/16,Crystal Palace,Arsenal,1.0,2.0,A,5.25,3.9,1.73
2015-08-17,2015/16,Liverpool,Bournemouth,1.0,0.0,H,1.45,4.75,8.0
2015-08-22,2015/16,Crystal Palace,Aston Villa,2.0,1.0,H,1.85,3.6,4.75
2015-08-22,2015/16,Leicester,Tottenham,1.0,1.0,D,2.63,3.6,2.75
2015-08-22,2015/16,Man United,Newcastle,0.0,0.0,D,1.36,5.25,10.0
2015-08-22,2015/16,Norwich,Stoke,1.0,1.0,D,2.3,3.3,3.5
2015-08-22,2015/16,Sunderland,Swansea,1.0,1.0,D,4.0,3.4,2.1
2015-08-22,2015/16,West Ham,Bournemouth,3.0,4.0,A,2.38,3.4,3.2
2015-08-23,2015/16,Everton,Man City,0.0,2.0,A,5.0,4.0,1.73
2015-08-23,2015/16,Watford,Southampton,0.0,0.0,D,2.8,3.3,2.75
2015-08-23,2015/16,West Brom,Chelsea,2.0,3.0,A,6.5,4.0,1.62
2015-08-24,2015/16,Arsenal,Liverpool,0.0,0.0,D,1.75,4.0,5.0
2015-08-29,2015/16,Tottenham,Everton,0.0,0.0,D,2.0,3.5,4.2
2015-08-29,2015/16,Stoke,West Brom,0.0,1.0,A,1.95,3.4,4.5
2015-08-29,2015/16,Newcastle,Arsenal,0.0,1.0,A,6.0,4.2,1.62
2015-08-29,2015/16,Man City,Watford,2.0,0.0,H,1.2,8.0,15.0
2015-08-29,2015/16,Aston Villa,Sunderland,2.0,2.0,D,1.91,3.5,4.75
2015-08-29,2015/16,Chelsea,Crystal Palace,1.0,2.0,A,1.36,5.0,11.0
2015-08-29,2015/16,Bournemouth,Leicester,1.0,1.0,D,2.2,3.6,3.4
2015-08-29,2015/16,Liverpool,West Ham,0.0,3.0,A,1.36,5.5,9.0
2015-08-30,2015/16,Southampton,Norwich,3.0,0.0,H,2.05,3.5,4.0
2015-08-30,2015/16,Swansea,Man United,2.0,1.0,H,3.6,3.3,2.25
2015-09-12,2015/16,Watford,Swansea,1.0,0.0,H,2.75,3.4,2.75
2015-09-12,2015/16,West Brom,Southampton,0.0,0.0,D,3.2,3.2,2.5
2015-09-12,2015/16,Man United,Liverpool,3.0,1.0,H,2.0,3.4,4.33
2015-09-12,2015/16,Norwich,Bournemouth,3.0,1.0,H,2.4,3.4,3.2
2015-09-12,2015/16,Crystal Palace,Man City,0.0,1.0,A,5.5,4.2,1.67
2015-09-12,2015/16,Arsenal,Stoke,2.0,0.0,H,1.29,6.0,12.0
2015-09-12,2015/16,Everton,Chelsea,3.0,1.0,H,4.0,3.6,2.0
2015-09-13,2015/16,Leicester,Aston Villa,3.0,2.0,H,1.91,3.75,4.33
2015-09-13,2015/16,Sunderland,Tottenham,0.0,1.0,A,4.33,3.6,1.95
2015-09-14,2015/16,West Ham,Newcastle,2.0,0.0,H,2.25,3.5,3.4
2015-09-19,2015/16,Aston Villa,West Brom,0.0,1.0,A,2.3,3.25,3.5
2015-09-19,2015/16,Bournemouth,Sunderland,2.0,0.0,H,1.7,4.0,5.5
2015-09-19,2015/16,Chelsea,Arsenal,2.0,0.0,H,2.45,3.5,3.0
2015-09-19,2015/16,Man City,West Ham,1.0,2.0,A,1.29,6.5,11.0
2015-09-19,2015/16,Newcastle,Watford,1.0,2.0,A,2.5,3.3,3.1
2015-09-19,2015/16,Stoke,Leicester,2.0,2.0,D,2.5,3.4,3.0
2015-09-19,2015/16,Swansea,Everton,0.0,0.0,D,2.3,3.4,3.4
2015-09-20,2015/16,Tottenham,Crystal Palace,1.0,0.0,H,2.0,3.6,4.0
2015-09-20,2015/16,Southampton,Man United,2.0,3.0,A,3.1,3.3,2.5
2015-09-20,2015/16,Liverpool,Norwich,1.0,1.0,D,1.67,4.0,5.75
2015-09-26,2015/16,Leicester,Arsenal,2.0,5.0,A,4.5,4.0,1.8
2015-09-26,2015/16,Liverpool,Aston Villa,3.0,2.0,H,1.53,4.33,7.0
2015-09-26,2015/16,Man United,Sunderland,3.0,0.0,H,1.2,7.5,16.0
2015-09-26,2015/16,Newcastle,Chelsea,2.0,2.0,D,6.0,4.2,1.62
2015-09-26,2015/16,Southampton,Swansea,3.0,1.0,H,2.05,3.4,4.2
2015-09-26,2015/16,Stoke,Bournemouth,2.0,1.0,H,2.55,3.3,3.0
2015-09-26,2015/16,Tottenham,Man City,4.0,1.0,H,4.2,3.8,1.91
2015-09-26,2015/16,West Ham,Norwich,2.0,2.0,D,2.25,3.5,3.4
2015-09-27,2015/16,Watford,Crystal Palace,0.0,1.0,A,2.5,3.3,3.1
2015-09-28,2015/16,West Brom,Everton,2.0,3.0,A,3.1,3.3,2.5
2015-10-03,2015/16,Norwich,Leicester,1.0,2.0,A,2.3,3.5,3.3
2015-10-03,2015/16,Man City,Newcastle,6.0,1.0,H,1.25,7.0,13.0
2015-10-03,2015/16,Sunderland,West Ham,2.0,2.0,D,3.2,3.4,2.4
2015-10-03,2015/16,Chelsea,Southampton,1.0,3.0,A,1.83,3.7,4.8
2015-10-03,2015/16,Bournemouth,Watford,1.0,1.0,D,2.1,3.5,3.8
2015-10-03,2015/16,Crystal Palace,West Brom,2.0,0.0,H,1.83,3.6,5.0
2015-10-03,2015/16,Aston Villa,Stoke,0.0,1.0,A,2.5,3.3,3.1
2015-10-04,2015/16,Arsenal,Man United,3.0,0.0,H,2.0,3.8,3.8
2015-10-04,2015/16,Everton,Liverpool,1.0,1.0,D,2.7,3.4,2.8
2015-10-04,2015/16,Swansea,Tottenham,2.0,2.0,D,2.75,3.25,2.8
2015-10-17,2015/16,West Brom,Sunderland,1.0,0.0,H,2.05,3.4,4.2
2015-10-17,2015/16,Watford,Arsenal,0.0,3.0,A,6.0,4.2,1.62
2015-10-17,2015/16,Tottenham,Liverpool,0.0,0.0,D,2.5,3.5,3.0
2015-10-17,2015/16,Southampton,Leicester,2.0,2.0,D,1.75,4.0,5.0
2015-10-17,2015/16,Everton,Man United,0.0,3.0,A,3.25,3.4,2.38
2015-10-17,2015/16,Crystal Palace,West Ham,1.0,3.0,A,2.0,3.6,4.0
2015-10-17,2015/16,Chelsea,Aston Villa,2.0,0.0,H,1.33,5.75,10.0
2015-10-17,2015/16,Man City,Bournemouth,5.0,1.0,H,1.33,5.75,10.0
2015-10-18,2015/16,Newcastle,Norwich,6.0,2.0,H,2.6,3.4,2.88
2015-10-19,2015/16,Swansea,Stoke,0.0,1.0,A,2.05,3.4,4.2
2015-10-24,2015/16,West Ham,Chelsea,2.0,1.0,H,4.0,3.8,1.95
2015-10-24,2015/16,Stoke,Watford,0.0,2.0,A,2.1,3.3,4.0
2015-10-24,2015/16,Arsenal,Everton,2.0,1.0,H,1.44,4.75,8.0
2015-10-24,2015/16,Leicester,Crystal Palace,1.0,0.0,H,2.2,3.6,3.4
2015-10-24,2015/16,Aston Villa,Swansea,1.0,2.0,A,3.0,3.3,2.6
2015-10-24,2015/16,Norwich,West Brom,0.0,1.0,A,2.0,3.5,4.2
2015-10-25,2015/16,Liverpool,Southampton,1.0,1.0,D,2.05,3.6,3.8
2015-10-25,2015/16,Man United,Man City,0.0,0.0,D,2.6,3.5,2.8
2015-10-25,2015/16,Sunderland,Newcastle,3.0,0.0,H,2.6,3.4,2.9
2015-10-25,2015/16,Bournemouth,Tottenham,1.0,5.0,A,3.4,3.5,2.25
2015-10-31,2015/16,West Brom,Leicester,2.0,3.0,A,2.9,3.4,2.6
2015-10-31,2015/16,Chelsea,Liverpool,1.0,3.0,A,2.1,3.5,3.75
2015-10-31,2015/16,Crystal Palace,Man United,0.0,0.0,D,3.8,3.5,2.1
2015-10-31,2015/16,Man City,Norwich,2.0,1.0,H,1.29,6.0,12.0
2015-10-31,2015/16,Newcastle,Stoke,0.0,0.0,D,2.4,3.4,3.2
2015-10-31,2015/16,Swansea,Arsenal,0.0,3.0,A,5.0,4.0,1.75
2015-10-31,2015/16,Watford,West Ham,2.0,0.0,H,2.6,3.4,2.9
2015-11-01,2015/16,Everton,Sunderland,6.0,2.0,H,1.5,4.5,7.5
2015-11-01,2015/16,Southampton,Bournemouth,2.0,0.0,H,1.55,4.33,6.5
2015-11-02,2015/16,Tottenham,Aston Villa,3.0,1.0,H,1.44,4.75,8.0
2015-11-07,2015/16,Bournemouth,Newcastle,0.0,1.0,A,2.25,3.5,3.4
2015-11-07,2015/16,Leicester,Watford,2.0,1.0,H,1.85,3.8,4.5
2015-11-07,2015/16,Man United,West Brom,2.0,0.0,H,1.33,5.25,12.0
2015-11-07,2015/16,Norwich,Swansea,1.0,0.0,H,2.45,3.4,3.1
2015-11-07,2015/16,Stoke,Chelsea,1.0,0.0,H,3.8,3.6,2.05
2015-11-07,2015/16,Sunderland,Southampton,0.0,1.0,A,4.75,3.8,1.8
2015-11-07,2015/16,West Ham,Everton,1.0,1.0,D,2.6,3.5,2.8
2015-11-08,2015/16,Arsenal,Tottenham,1.0,1.0,D,1.73,4.0,5.0
2015-11-08,2015/16,Aston Villa,Man City,0.0,0.0,D,7.5,5.0,1.44
2015-11-08,2015/16,Liverpool,Crystal Palace,1.0,2.0,A,1.67,3.8,6.0
2015-11-21,2015/16,Swansea,Bournemouth,2.0,2.0,D,1.91,3.6,4.5
2015-11-21,2015/16,Watford,Man United,1.0,2.0,A,4.33,3.4,2.0
2015-11-21,2015/16,Southampton,Stoke,0.0,1.0,A,1.57,4.0,7.0
2015-11-21,2015/16,West Brom,Arsenal,2.0,1.0,H,7.0,4.33,1.53
2015-11-21,2015/16,Man City,Liverpool,1.0,4.0,A,1.7,4.0,5.5
2015-11-21,2015/16,Everton,Aston Villa,4.0,0.0,H,1.57,4.2,6.5
2015-11-21,2015/16,Chelsea,Norwich,1.0,0.0,H,1.4,5.0,9.0
2015-11-21,2015/16,Newcastle,Leicester,0.0,3.0,A,2.88,3.6,2.5
2015-11-22,2015/16,Tottenham,West Ham,4.0,1.0,H,1.57,4.2,6.5
2015-11-23,2015/16,Crystal Palace,Sunderland,0.0,1.0,A,1.57,4.0,7.0
2015-11-28,2015/16,Sunderland,Stoke,2.0,0.0,H,3.2,3.3,2.45
2015-11-28,2015/16,Leicester,Man United,1.0,1.0,D,3.1,3.5,2.4
2015-11-28,2015/16,Man City,Southampton,3.0,1.0,H,1.6,4.33,6.0
2015-11-28,2015/16,Bournemouth,Everton,3.0,3.0,D,2.9,3.6,2.5
2015-11-28,2015/16,Aston Villa,Watford,2.0,3.0,A,2.75,3.3,2.8
2015-11-28,2015/16,Crystal Palace,Newcastle,5.0,1.0,H,1.7,3.9,5.5
2015-11-29,2015/16,Liverpool,Swansea,1.0,0.0,H,1.44,4.75,8.0
2015-11-29,2015/16,Norwich,Arsenal,1.0,1.0,D,6.0,4.2,1.62
2015-11-29,2015/16,Tottenham,Chelsea,0.0,0.0,D,2.6,3.4,2.9
2015-11-29,2015/16,West Ham,West Brom,1.0,1.0,D,2.05,3.5,4.0
2015-12-05,2015/16,Swansea,Leicester,0.0,3.0,A,2.7,3.4,2.75
2015-12-05,2015/16,Watford,Norwich,2.0,0.0,H,2.15,3.5,3.6
2015-12-05,2015/16,Stoke,Man City,2.0,0.0,H,5.25,4.0,1.7
2015-12-05,2015/16,West Brom,Tottenham,1.0,1.0,D,4.75,3.6,1.85
2015-12-05,2015/16,Man United,West Ham,0.0,0.0,D,1.44,4.5,9.0
2015-12-05,2015/16,Chelsea,Bournemouth,0.0,1.0,A,1.36,5.25,9.5
2015-12-05,2015/16,Arsenal,Sunderland,3.0,1.0,H,1.29,6.0,13.0
2015-12-05,2015/16,Southampton,Aston Villa,1.0,1.0,D,1.5,4.5,7.5
2015-12-06,2015/16,Newcastle,Liverpool,2.0,0.0,H,5.75,4.33,1.62
2015-12-07,2015/16,Everton,Crystal Palace,1.0,1.0,D,2.1,3.6,3.75
2015-12-12,2015/16,Bournemouth,Man United,2.0,1.0,H,3.4,3.4,2.3
2015-12-12,2015/16,Crystal Palace,Southampton,1.0,0.0,H,2.6,3.3,3.0
2015-12-12,2015/16,Man City,Swansea,2.0,1.0,H,1.3,6.0,11.0
2015-12-12,2015/16,Norwich,Everton,1.0,1.0,D,2.9,3.5,2.55
2015-12-12,2015/16,Sunderland,Watford,0.0,1.0,A,2.9,3.3,2.63
2015-12-12,2015/16,West Ham,Stoke,0.0,0.0,D,2.63,3.3,2.9
2015-12-13,2015/16,Tottenham,Newcastle,1.0,2.0,A,1.36,5.5,9.0
2015-12-13,2015/16,Liverpool,West Brom,2.0,2.0,D,1.4,4.75,10.0
2015-12-13,2015/16,Aston Villa,Arsenal,0.0,2.0,A,6.5,4.2,1.57
2015-12-14,2015/16,Leicester,Chelsea,2.0,1.0,H,3.2,3.5,2.35
2015-12-19,2015/16,Chelsea,Sunderland,3.0,1.0,H,1.33,5.25,12.0
2015-12-19,2015/16,Everton,Leicester,2.0,3.0,A,2.1,3.75,3.6
2015-12-19,2015/16,Man United,Norwich,1.0,2.0,A,1.45,4.5,8.5
2015-12-19,2015/16,Newcastle,Aston Villa,1.0,1.0,D,2.05,3.5,4.0
2015-12-19,2015/16,Southampton,Tottenham,0.0,2.0,A,2.7,3.4,2.8
2015-12-19,2015/16,Stoke,Crystal Palace,1.0,2.0,A,2.5,3.2,3.2
2015-12-19,2015/16,West Brom,Bournemouth,1.0,2.0,A,2.55,3.3,3.0
2015-12-20,2015/16,Swansea,West Ham,0.0,0.0,D,2.1,3.4,3.9
2015-12-20,2015/16,Watford,Liverpool,3.0,0.0,H,4.2,3.6,1.95
2015-12-21,2015/16,Arsenal,Man City,2.0,1.0,H,2.45,3.5,3.0
2015-12-26,2015/16,Aston Villa,West Ham,1.0,1.0,D,2.63,3.25,2.75
2015-12-26,2015/16,Swansea,West Brom,1.0,0.0,H,1.91,3.4,4.5
2015-12-26,2015/16,Stoke,Man United,2.0,0.0,H,3.25,3.2,2.3
2015-12-26,2015/16,Southampton,Arsenal,4.0,0.0,H,3.6,3.5,2.05
2015-12-26,2015/16,Newcastle,Everton,0.0,1.0,A,3.2,3.5,2.2
2015-12-26,2015/16,Tottenham,Norwich,3.0,0.0,H,1.4,4.75,8.0
2015-12-26,2015/16,Liverpool,Leicester,1.0,0.0,H,1.91,3.8,3.8
2015-12-26,2015/16,Chelsea,Watford,2.0,2.0,D,1.44,4.5,7.5
2015-12-26,2015/16,Bournemouth,Crystal Palace,0.0,0.0,D,2.4,3.3,3.0
2015-12-26,2015/16,Man City,Sunderland,4.0,1.0,H,1.2,7.0,13.0
2015-12-28,2015/16,West Ham,Southampton,2.0,1.0,H,3.6,3.4,2.2
2015-12-28,2015/16,Arsenal,Bournemouth,2.0,0.0,H,1.44,4.75,8.0
2015-12-28,2015/16,Crystal Palace,Swansea,0.0,0.0,D,2.1,3.4,4.0
2015-12-28,2015/16,Everton,Stoke,3.0,4.0,A,1.95,3.6,4.2
2015-12-28,2015/16,Man United,Chelsea,0.0,0.0,D,2.6,3.3,3.0
2015-12-28,2015/16,Norwich,Aston Villa,2.0,0.0,H,2.05,3.6,3.8
2015-12-28,2015/16,Watford,Tottenham,1.0,2.0,A,3.75,3.5,2.1
2015-12-28,2015/16,West Brom,Newcastle,1.0,0.0,H,2.2,3.25,3.75
2015-12-29,2015/16,Leicester,Man City,0.0,0.0,D,4.33,4.0,1.85
2015-12-30,2015/16,Sunderland,Liverpool,0.0,1.0,A,5.5,3.9,1.7
2016-01-02,2015/16,Arsenal,Newcastle,1.0,0.0,H,1.29,6.5,11.0
2016-01-02,2015/16,Leicester,Bournemouth,0.0,0.0,D,1.91,3.75,4.33
2016-01-02,2015/16,Man United,Swansea,2.0,1.0,H,1.55,4.2,7.0
2016-01-02,2015/16,Norwich,Southampton,1.0,0.0,H,3.2,3.4,2.4
2016-01-02,2015/16,Sunderland,Aston Villa,3.0,1.0,H,2.5,3.25,3.2
2016-01-02,2015/16,Watford,Man City,1.0,2.0,A,5.0,4.0,1.75
2016-01-02,2015/16,West Brom,Stoke,2.0,1.0,H,2.8,3.2,2.8
2016-01-02,2015/16,West Ham,Liverpool,2.0,0.0,H,4.0,3.5,2.05
2016-01-03,2015/16,Everton,Tottenham,1.0,1.0,D,2.8,3.5,2.63
2016-01-03,2015/16,Crystal Palace,Chelsea,0.0,3.0,A,3.8,3.5,2.1
2016-01-12,2015/16,Aston Villa,Crystal Palace,1.0,0.0,H,3.2,3.25,2.45
2016-01-12,2015/16,Bournemouth,West Ham,1.0,3.0,A,2.0,3.6,4.0
2016-01-12,2015/16,Newcastle,Man United,3.0,3.0,D,5.0,3.7,1.8
2016-01-13,2015/16,Tottenham,Leicester,0.0,1.0,A,1.75,3.8,5.25
2016-01-13,2015/16,Chelsea,West Brom,2.0,2.0,D,1.44,4.5,9.0
2016-01-13,2015/16,Liverpool,Arsenal,3.0,3.0,D,2.88,3.4,2.6
2016-01-13,2015/16,Man City,Everton,0.0,0.0,D,1.53,4.75,6.0
2016-01-13,2015/16,Southampton,Watford,2.0,0.0,H,1.95,3.5,4.33
2016-01-13,2015/16,Stoke,Norwich,3.0,1.0,H,2.05,3.3,4.2
2016-01-13,2015/16,Swansea,Sunderland,2.0,4.0,A,1.8,3.6,5.25
2016-01-16,2015/16,Southampton,West Brom,3.0,0.0,H,1.73,3.75,5.5
2016-01-16,2015/16,Bournemouth,Norwich,3.0,0.0,H,1.91,3.6,4.5
2016-01-16,2015/16,Chelsea,Everton,3.0,3.0,D,1.83,3.75,4.75
2016-01-16,2015/16,Man City,Crystal Palace,4.0,0.0,H,1.4,5.25,8.5
2016-01-16,2015/16,Newcastle,West Ham,2.0,1.0,H,2.5,3.4,3.0
2016-01-16,2015/16,Tottenham,Sunderland,4.0,1.0,H,1.36,5.25,9.5
2016-01-16,2015/16,Aston Villa,Leicester,1.0,1.0,D,3.6,3.4,2.2
2016-01-17,2015/16,Liverpool,Man United,0.0,1.0,A,2.3,3.25,3.5
2016-01-17,2015/16,Stoke,Arsenal,0.0,0.0,D,4.33,3.6,1.95
2016-01-18,2015/16,Swansea,Watford,1.0,0.0,H,2.38,3.25,3.4
2016-01-23,2015/16,West Brom,Aston Villa,0.0,0.0,D,2.1,3.3,4.0
2016-01-23,2015/16,Watford,Newcastle,2.0,1.0,H,2.05,3.5,4.0
2016-01-23,2015/16,Sunderland,Bournemouth,1.0,1.0,D,3.0,3.4,2.5
2016-01-23,2015/16,West Ham,Man City,2.0,2.0,D,5.0,4.0,1.73
2016-01-23,2015/16,Man United,Southampton,0.0,1.0,A,1.91,3.5,4.75
2016-01-23,2015/16,Leicester,Stoke,3.0,0.0,H,2.1,3.5,3.8
2016-01-23,2015/16,Crystal Palace,Tottenham,1.0,3.0,A,3.6,3.5,2.15
2016-01-23,2015/16,Norwich,Liverpool,4.0,5.0,A,4.33,3.5,1.95
2016-01-24,2015/16,Arsenal,Chelsea,0.0,1.0,A,2.1,3.5,3.9
2016-01-24,2015/16,Everton,Swansea,1.0,2.0,A,1.73,3.8,5.5
2016-02-02,2015/16,West Ham,Aston Villa,2.0,0.0,H,1.91,3.5,4.75
2016-02-02,2015/16,West Brom,Swansea,1.0,1.0,D,2.63,3.1,3.1
2016-02-02,2015/16,Sunderland,Man City,0.0,1.0,A,8.0,4.75,1.45
2016-02-02,2015/16,Norwich,Tottenham,0.0,3.0,A,4.5,3.75,1.85
2016-02-02,2015/16,Leicester,Liverpool,2.0,0.0,H,2.63,3.4,2.88
2016-02-02,2015/16,Crystal Palace,Bournemouth,1.0,2.0,A,2.45,3.3,3.2
2016-02-02,2015/16,Arsenal,Southampton,0.0,0.0,D,1.75,3.75,5.25
2016-02-02,2015/16,Man United,Stoke,3.0,0.0,H,1.7,3.75,5.75
2016-02-03,2015/16,Everton,Newcastle,3.0,0.0,H,1.65,4.2,5.5
2016-02-03,2015/16,Watford,Chelsea,0.0,0.0,D,4.33,3.5,1.95
2016-02-06,2015/16,Swansea,Crystal Palace,1.0,1.0,D,2.25,3.3,3.6
2016-02-06,2015/16,Tottenham,Watford,1.0,0.0,H,1.5,4.33,8.0
2016-02-06,2015/16,Stoke,Everton,0.0,3.0,A,2.7,3.4,2.8
2016-02-06,2015/16,Newcastle,West Brom,1.0,0.0,H,2.15,3.4,3.8
2016-02-06,2015/16,Aston Villa,Norwich,2.0,0.0,H,2.45,3.2,3.3
2016-02-06,2015/16,Man City,Leicester,1.0,3.0,A,1.62,4.2,6.0
2016-02-06,2015/16,Liverpool,Sunderland,2.0,2.0,D,1.44,4.75,8.5
2016-02-06,2015/16,Southampton,West Ham,1.0,0.0,H,1.73,3.8,5.5
2016-02-07,2015/16,Bournemouth,Arsenal,0.0,2.0,A,3.8,3.5,2.1
2016-02-07,2015/16,Chelsea,Man United,1.0,1.0,D,2.15,3.3,3.9
2016-02-13,2015/16,Bournemouth,Stoke,1.0,3.0,A,2.05,3.4,4.1
2016-02-13,2015/16,Chelsea,Newcastle,5.0,1.0,H,1.44,4.75,8.0
2016-02-13,2015/16,Crystal Palace,Watford,1.0,2.0,A,2.25,3.3,3.6
2016-02-13,2015/16,Everton,West Brom,0.0,1.0,A,1.53,4.2,7.5
2016-02-13,2015/16,Norwich,West Ham,2.0,2.0,D,2.38,3.4,3.25
2016-02-13,2015/16,Sunderland,Man United,2.0,1.0,H,5.25,3.75,1.75
2016-02-13,2015/16,Swansea,Southampton,0.0,1.0,A,3.2,3.25,2.5
2016-02-14,2015/16,Man City,Tottenham,1.0,2.0,A,2.1,3.75,3.6
2016-02-14,2015/16,Arsenal,Leicester,2.0,1.0,H,1.75,4.0,5.0
2016-02-14,2015/16,Aston Villa,Liverpool,0.0,6.0,A,4.75,3.6,1.85
2016-02-27,2015/16,Southampton,Chelsea,1.0,2.0,A,2.8,3.25,2.5
2016-02-27,2015/16,Stoke,Aston Villa,2.0,1.0,H,1.62,3.75,5.5
2016-02-27,2015/16,Watford,Bournemouth,0.0,0.0,D,2.38,3.25,3.0
2016-02-27,2015/16,West Brom,Crystal Palace,3.0,2.0,H,2.6,3.1,2.8
2016-02-27,2015/16,West Ham,Sunderland,1.0,0.0,H,1.8,3.5,4.5
2016-02-27,2015/16,Leicester,Norwich,1.0,0.0,H,1.5,4.33,6.0
2016-02-28,2015/16,Tottenham,Swansea,2.0,1.0,H,1.4,4.2,9.0
2016-02-28,2015/16,Man United,Arsenal,3.0,2.0,H,3.0,3.25,2.38
2016-03-01,2015/16,Sunderland,Crystal Palace,2.0,2.0,D,2.5,3.3,3.1
2016-03-01,2015/16,Aston Villa,Everton,1.0,3.0,A,4.5,3.6,1.91
2016-03-01,2015/16,Bournemouth,Southampton,2.0,0.0,H,2.9,3.25,2.7
2016-03-01,2015/16,Leicester,West Brom,2.0,2.0,D,1.73,3.8,5.5
2016-03-01,2015/16,Norwich,Chelsea,1.0,2.0,A,5.25,4.0,1.7
2016-03-02,2015/16,West Ham,Tottenham,1.0,0.0,H,4.0,3.6,2.0
2016-03-02,2015/16,Stoke,Newcastle,1.0,0.0,H,2.0,3.5,4.2
2016-03-02,2015/16,Arsenal,Swansea,1.0,2.0,A,1.36,5.25,10.0
2016-03-02,2015/16,Liverpool,Man City,3.0,0.0,H,2.63,3.4,2.88
2016-03-02,2015/16,Man United,Watford,1.0,0.0,H,1.67,3.8,6.0
2016-03-05,2015/16,Everton,West Ham,2.0,3.0,A,1.73,4.0,5.0
2016-03-05,2015/16,Man City,Aston Villa,4.0,0.0,H,1.22,7.0,15.0
2016-03-05,2015/16,Newcastle,Bournemouth,1.0,3.0,A,2.63,3.4,2.88
2016-03-05,2015/16,Southampton,Sunderland,1.0,1.0,D,1.6,4.0,6.5
2016-03-05,2015/16,Swansea,Norwich,1.0,0.0,H,2.05,3.5,4.0
2016-03-05,2015/16,Tottenham,Arsenal,2.0,2.0,D,2.38,3.4,3.25
2016-03-05,2015/16,Watford,Leicester,0.0,1.0,A,3.0,3.4,2.55
2016-03-05,2015/16,Chelsea,Stoke,1.0,1.0,D,1.5,4.5,7.5
2016-03-06,2015/16,Crystal Palace,Liverpool,1.0,2.0,A,3.8,3.5,2.1
2016-03-06,2015/16,West Brom,Man United,1.0,0.0,H,4.33,3.4,2.0
2016-03-12,2015/16,Bournemouth,Swansea,3.0,2.0,H,1.95,3.5,4.33
2016-03-12,2015/16,Norwich,Man City,0.0,0.0,D,6.0,4.2,1.6
2016-03-12,2015/16,Stoke,Southampton,1.0,2.0,A,2.7,3.2,2.9
2016-03-13,2015/16,Aston Villa,Tottenham,0.0,2.0,A,7.5,4.5,1.5
2016-03-14,2015/16,Leicester,Newcastle,1.0,0.0,H,1.57,4.33,6.25
2016-03-19,2015/16,Chelsea,West Ham,2.0,2.0,D,1.75,3.8,5.25
2016-03-19,2015/16,Crystal Palace,Leicester,0.0,1.0,A,3.0,3.4,2.5
2016-03-19,2015/16,Everton,Arsenal,0.0,2.0,A,2.7,3.5,2.7
2016-03-19,2015/16,Swansea,Aston Villa,1.0,0.0,H,1.67,3.8,6.0
2016-03-19,2015/16,Watford,Stoke,1.0,2.0,A,2.4,3.25,3.3
2016-03-19,2015/16,West Brom,Norwich,0.0,1.0,A,2.25,3.3,3.6
2016-03-20,2015/16,Man City,Man United,0.0,1.0,A,1.83,3.75,4.75
2016-03-20,2015/16,Newcastle,Sunderland,1.0,1.0,D,2.1,3.5,3.8
2016-03-20,2015/16,Southampton,Liverpool,3.0,2.0,H,2.63,3.4,2.88
2016-03-20,2015/16,Tottenham,Bournemouth,3.0,0.0,H,1.53,4.33,7.0
2016-04-02,2015/16,West Ham,Crystal Palace,2.0,2.0,D,1.95,3.6,4.2
2016-04-02,2015/16,Sunderland,West Brom,0.0,0.0,D,2.1,3.3,4.0
2016-04-02,2015/16,Stoke,Swansea,2.0,2.0,D,2.2,3.4,3.6
2016-04-02,2015/16,Liverpool,Tottenham,1.0,1.0,D,2.5,3.4,3.0
2016-04-02,2015/16,Bournemouth,Man City,0.0,4.0,A,3.75,3.6,2.1
2016-04-02,2015/16,Aston Villa,Chelsea,0.0,4.0,A,6.5,4.33,1.57
2016-04-02,2015/16,Arsenal,Watford,4.0,0.0,H,1.36,5.25,10.0
2016-04-02,2015/16,Norwich,Newcastle,3.0,2.0,H,2.2,3.4,3.6
2016-04-03,2015/16,Leicester,Southampton,1.0,0.0,H,2.25,3.4,3.5
2016-04-03,2015/16,Man United,Everton,1.0,0.0,H,2.1,3.5,3.75
2016-04-09,2015/16,Aston Villa,Bournemouth,1.0,2.0,A,3.4,3.2,2.2
2016-04-09,2015/16,Crystal Palace,Norwich,1.0,0.0,H,2.05,3.4,3.6
2016-04-09,2015/16,Man City,West Brom,2.0,1.0,H,1.33,5.0,9.0
2016-04-09,2015/16,Southampton,Newcastle,3.0,1.0,H,1.53,4.0,6.0
2016-04-09,2015/16,Swansea,Chelsea,1.0,0.0,H,3.75,3.4,2.0
2016-04-09,2015/16,Watford,Everton,1.0,1.0,D,3.4,3.3,2.15
2016-04-09,2015/16,West Ham,Arsenal,3.0,3.0,D,3.6,3.5,2.0
2016-04-10,2015/16,Tottenham,Man United,3.0,0.0,H,1.91,3.5,4.0
2016-04-10,2015/16,Sunderland,Leicester,0.0,2.0,A,3.4,3.4,2.1
2016-04-10,2015/16,Liverpool,Stoke,4.0,1.0,H,1.55,4.0,5.75
2016-04-13,2015/16,Crystal Palace,Everton,0.0,0.0,D,2.9,3.4,2.6
2016-04-16,2015/16,Chelsea,Man City,0.0,3.0,A,2.75,3.4,2.7
2016-04-16,2015/16,Everton,Southampton,1.0,1.0,D,2.7,3.4,2.8
2016-04-16,2015/16,Man United,Aston Villa,1.0,0.0,H,1.22,7.0,17.0
2016-04-16,2015/16,Newcastle,Swansea,3.0,0.0,H,2.3,3.4,3.4
2016-04-16,2015/16,Norwich,Sunderland,0.0,3.0,A,2.4,3.3,3.25
2016-04-16,2015/16,West Brom,Watford,0.0,1.0,A,2.4,3.2,3.4
2016-04-17,2015/16,Arsenal,Crystal Palace,1.0,1.0,D,1.33,5.75,9.5
2016-04-17,2015/16,Bournemouth,Liverpool,1.0,2.0,A,3.6,3.5,2.15
2016-04-17,2015/16,Leicester,West Ham,2.0,2.0,D,1.95,3.6,4.2
2016-04-18,2015/16,Stoke,Tottenham,0.0,4.0,A,4.5,3.75,1.85
2016-04-19,2015/16,Newcastle,Man City,1.0,1.0,D,6.0,4.5,1.57
2016-04-20,2015/16,Liverpool,Everton,4.0,0.0,H,1.73,4.0,5.0
2016-04-20,2015/16,Man United,Crystal Palace,2.0,0.0,H,1.53,4.33,7.0
2016-04-20,2015/16,West Ham,Watford,3.0,1.0,H,1.57,4.33,6.5
2016-04-21,2015/16,Arsenal,West Brom,2.0,0.0,H,1.29,6.0,13.0
2016-04-23,2015/16,Aston Villa,Southampton,2.0,4.0,A,7.5,4.2,1.53
2016-04-23,2015/16,Bournemouth,Chelsea,1.0,4.0,A,3.1,3.5,2.4
2016-04-23,2015/16,Liverpool,Newcastle,2.0,2.0,D,1.57,4.5,6.0
2016-04-23,2015/16,Man City,Stoke,4.0,0.0,H,1.3,6.0,11.0
2016-04-24,2015/16,Leicester,Swansea,4.0,0.0,H,1.75,3.7,5.5
2016-04-24,2015/16,Sunderland,Arsenal,0.0,0.0,D,4.5,4.0,1.8
2016-04-25,2015/16,Tottenham,West Brom,1.0,1.0,D,1.22,7.0,15.0
2016-04-30,2015/16,Watford,Aston Villa,3.0,2.0,H,1.7,3.8,5.75
2016-04-30,2015/16,Stoke,Sunderland,1.0,1.0,D,2.75,3.3,2.8
2016-04-30,2015/16,West Brom,West Ham,0.0,3.0,A,4.0,3.4,2.1
2016-04-30,2015/16,Everton,Bournemouth,2.0,1.0,H,2.0,3.8,3.8
2016-04-30,2015/16,Arsenal,Norwich,1.0,0.0,H,1.29,6.5,11.0
2016-04-30,2015/16,Newcastle,Crystal Palace,1.0,0.0,H,2.0,3.6,4.0
2016-05-01,2015/16,Man United,Leicester,1.0,1.0,D,2.1,3.4,3.9
2016-05-01,2015/16,Southampton,Man City,4.0,2.0,H,2.8,3.4,2.7
2016-05-01,2015/16,Swansea,Liverpool,3.0,1.0,H,3.1,3.5,2.4
2016-05-02,2015/16,Chelsea,Tottenham,2.0,2.0,D,2.75,3.6,2.63
2016-05-07,2015/16,West Ham,Swansea,1.0,4.0,A,1.44,4.75,8.0
2016-05-07,2015/16,Sunderland,Chelsea,3.0,2.0,H,3.0,3.5,2.45
2016-05-07,2015/16,Norwich,Man United,0.0,1.0,A,4.5,3.6,1.91
2016-05-07,2015/16,Crystal Palace,Stoke,2.0,1.0,H,2.05,3.5,3.9
2016-05-07,2015/16,Bournemouth,West Brom,1.0,1.0,D,1.95,3.6,4.2
2016-05-07,2015/16,Aston Villa,Newcastle,0.0,0.0,D,5.75,4.2,1.65
2016-05-07,2015/16,Leicester,Everton,3.0,1.0,H,1.91,4.0,4.0
2016-05-08,2015/16,Liverpool,Watford,2.0,0.0,H,1.5,4.5,7.5
2016-05-08,2015/16,Man City,Arsenal,2.0,2.0,D,2.5,3.6,2.9
2016-05-08,2015/16,Tottenham,Southampton,1.0,2.0,A,2.05,3.6,3.9
2016-05-10,2015/16,West Ham,Man United,3.0,2.0,H,3.0,3.5,2.45
2016-05-11,2015/16,Norwich,Watford,4.0,2.0,H,1.83,3.75,4.75
2016-05-11,2015/16,Sunderland,Everton,3.0,0.0,H,1.75,4.0,5.0
2016-05-11,2015/16,Liverpool,Chelsea,1.0,1.0,D,2.0,3.8,3.8
2016-05-15,2015/16,Arsenal,Aston Villa,4.0,0.0,H,1.17,9.0,17.0
2016-05-15,2015/16,Chelsea,Leicester,1.0,1.0,D,2.3,3.75,3.1
2016-05-15,2015/16,Everton,Norwich,3.0,0.0,H,1.8,4.0,4.5
2016-05-15,2015/16,Newcastle,Tottenham,5.0,1.0,H,4.5,4.0,1.8
2016-05-15,2015/16,Southampton,Crystal Palace,4.0,1.0,H,1.36,5.5,9.0
2016-05-15,2015/16,Stoke,West Ham,2.0,1.0,H,3.5,3.6,2.15
2016-05-15,2015/16,Swansea,Man City,1.0,1.0,D,6.0,4.75,1.53
2016-05-15,2015/16,Watford,Sunderland,2.0,2.0,D,2.05,3.75,3.7
2016-05-15,2015/16,West Brom,Liverpool,1.0,1.0,D,2.4,3.6,3.0
2016-05-17,2015/16,Man United,Bournemouth,3.0,1.0,H,1.67,4.2,5.25
2017-08-11,2017/18,Arsenal,Leicester,4.0,3.0,H,1.53,4.5,6.5
2017-08-12,2017/18,Southampton,Swansea,0.0,0.0,D,1.62,4.0,6.5
2017-08-12,2017/18,West Brom,Bournemouth,1.0,0.0,H,2.4,3.3,3.3
2017-08-12,2017/18,Watford,Liverpool,3.0,3.0,D,6.0,4.2,1.62
2017-08-12,2017/18,Everton,Stoke,1.0,0.0,H,1.7,3.8,5.75
2017-08-12,2017/18,Crystal Palace,Huddersfield,0.0,3.0,A,1.83,3.6,5.0
2017-08-12,2017/18,Chelsea,Burnley,2.0,3.0,A,1.25,6.5,15.0
2017-08-12,2017/18,Brighton,Man City,0.0,2.0,A,11.0,5.5,1.33
2017-08-13,2017/18,Man United,West Ham,4.0,0.0,H,1.3,5.75,12.0
2017-08-13,2017/18,Newcastle,Tottenham,0.0,2.0,A,5.5,4.0,1.7
2017-08-19,2017/18,Bournemouth,Watford,0.0,2.0,A,2.0,3.6,4.0
2017-08-19,2017/18,Burnley,West Brom,0.0,1.0,A,2.63,3.2,3.0
2017-08-19,2017/18,Leicester,Brighton,2.0,0.0,H,1.73,3.8,5.5
2017-08-19,2017/18,Liverpool,Crystal Palace,1.0,0.0,H,1.36,5.25,9.5
2017-08-19,2017/18,Southampton,West Ham,3.0,2.0,H,1.75,3.8,5.25
2017-08-19,2017/18,Stoke,Arsenal,1.0,0.0,H,4.5,3.8,1.85
2017-08-19,2017/18,Swansea,Man United,0.0,4.0,A,11.0,5.0,1.36
2017-08-20,2017/18,Huddersfield,Newcastle,1.0,0.0,H,2.5,3.25,3.2
2017-08-20,2017/18,Tottenham,Chelsea,1.0,2.0,A,2.1,3.6,3.75
2017-08-21,2017/18,Man City,Everton,1.0,1.0,D,1.33,5.75,10.0
2017-08-26,2017/18,Newcastle,West Ham,3.0,0.0,H,2.3,3.4,3.4
2017-08-26,2017/18,Watford,Brighton,0.0,0.0,D,1.91,3.4,4.0
2017-08-26,2017/18,Man United,Leicester,2.0,0.0,H,1.33,5.5,11.0
2017-08-26,2017/18,Crystal Palace,Swansea,0.0,2.0,A,1.95,3.5,4.33
2017-08-26,2017/18,Bournemouth,Man City,1.0,2.0,A,11.0,6.0,1.3
2017-08-26,2017/18,Huddersfield,Southampton,0.0,0.0,D,3.9,3.4,2.1
2017-08-27,2017/18,Chelsea,Everton,2.0,0.0,H,1.45,4.5,8.5
2017-08-27,2017/18,Liverpool,Arsenal,4.0,0.0,H,2.15,3.7,3.5
2017-08-27,2017/18,Tottenham,Burnley,1.0,1.0,D,1.25,6.5,15.0
2017-08-27,2017/18,West Brom,Stoke,1.0,1.0,D,2.4,3.1,3.5
2017-09-09,2017/18,Arsenal,Bournemouth,3.0,0.0,H,1.36,5.5,9.0
2017-09-09,2017/18,Brighton,West Brom,3.0,1.0,H,2.7,3.1,3.0
2017-09-09,2017/18,Everton,Tottenham,0.0,3.0,A,3.8,3.5,2.1
2017-09-09,2017/18,Leicester,Chelsea,1.0,2.0,A,4.75,3.9,1.8
2017-09-09,2017/18,Man City,Liverpool,5.0,0.0,H,1.85,4.0,4.2
2017-09-09,2017/18,Southampton,Watford,0.0,2.0,A,1.65,4.0,6.0
2017-09-09,2017/18,Stoke,Man United,2.0,2.0,D,7.5,4.5,1.5
2017-09-10,2017/18,Swansea,Newcastle,0.0,1.0,A,2.4,3.25,3.3
2017-09-10,2017/18,Burnley,Crystal Palace,1.0,0.0,H,2.3,3.25,3.5
2017-09-11,2017/18,West Ham,Huddersfield,2.0,0.0,H,1.95,3.5,4.5
2017-09-15,2017/18,Bournemouth,Brighton,2.0,1.0,H,2.15,3.4,3.8
2017-09-16,2017/18,Crystal Palace,Southampton,0.0,1.0,A,3.0,3.3,2.6
2017-09-16,2017/18,Huddersfield,Leicester,1.0,1.0,D,3.5,3.4,2.25
2017-09-16,2017/18,Liverpool,Burnley,1.0,1.0,D,1.29,6.0,13.0
2017-09-16,2017/18,Newcastle,Stoke,2.0,1.0,H,2.38,3.25,3.4
2017-09-16,2017/18,Tottenham,Swansea,0.0,0.0,D,1.22,7.0,15.0
2017-09-16,2017/18,Watford,Man City,0.0,6.0,A,9.0,6.0,1.33
2017-09-16,2017/18,West Brom,West Ham,0.0,0.0,D,2.38,3.25,3.4
2017-09-17,2017/18,Chelsea,Arsenal,0.0,0.0,D,1.8,4.0,4.5
2017-09-17,2017/18,Man United,Everton,4.0,0.0,H,1.36,5.25,10.0
2017-09-23,2017/18,Swansea,Watford,1.0,2.0,A,2.4,3.3,3.25
2017-09-23,2017/18,Stoke,Chelsea,0.0,4.0,A,6.0,4.1,1.62
2017-09-23,2017/18,West Ham,Tottenham,2.0,3.0,A,6.0,4.33,1.6
2017-09-23,2017/18,Southampton,Man United,0.0,1.0,A,5.5,3.8,1.73
2017-09-23,2017/18,Man City,Crystal Palace,5.0,0.0,H,1.14,10.0,21.0
2017-09-23,2017/18,Leicester,Liverpool,2.0,3.0,A,4.1,3.9,1.91
2017-09-23,2017/18,Everton,Bournemouth,2.0,1.0,H,1.65,4.0,5.75
2017-09-23,2017/18,Burnley,Huddersfield,0.0,0.0,D,2.15,3.25,3.9
2017-09-24,2017/18,Brighton,Newcastle,1.0,0.0,H,2.8,3.1,2.9
2017-09-25,2017/18,Arsenal,West Brom,2.0,0.0,H,1.33,5.5,11.0
2017-09-30,2017/18,Bournemouth,Leicester,0.0,0.0,D,2.8,3.25,2.5
2017-09-30,2017/18,Chelsea,Man City,0.0,1.0,A,2.75,3.3,2.5
2017-09-30,2017/18,Huddersfield,Tottenham,0.0,4.0,A,8.5,4.75,1.36
2017-09-30,2017/18,Man United,Crystal Palace,4.0,0.0,H,1.17,7.0,15.0
2017-09-30,2017/18,Stoke,Southampton,2.0,1.0,H,2.88,3.2,2.45
2017-09-30,2017/18,West Brom,Watford,2.0,2.0,D,2.15,3.2,3.5
2017-09-30,2017/18,West Ham,Swansea,1.0,0.0,H,1.8,3.5,4.5
2017-10-01,2017/18,Newcastle,Liverpool,1.0,1.0,D,5.0,3.8,1.67
2017-10-01,2017/18,Everton,Burnley,0.0,1.0,A,1.67,3.6,5.75
2017-10-01,2017/18,Arsenal,Brighton,2.0,0.0,H,1.2,6.5,13.0
2017-10-14,2017/18,Burnley,West Ham,1.0,1.0,D,2.75,3.25,2.8
2017-10-14,2017/18,Crystal Palace,Chelsea,2.0,1.0,H,9.0,5.0,1.4
2017-10-14,2017/18,Liverpool,Man United,0.0,0.0,D,2.8,3.25,2.8
2017-10-14,2017/18,Man City,Stoke,7.0,2.0,H,1.14,9.5,21.0
2017-10-14,2017/18,Swansea,Huddersfield,2.0,0.0,H,2.2,3.25,3.75
2017-10-14,2017/18,Tottenham,Bournemouth,1.0,0.0,H,1.2,8.0,15.0
2017-10-14,2017/18,Watford,Arsenal,2.0,1.0,H,5.25,4.33,1.65
2017-10-15,2017/18,Brighton,Everton,1.0,1.0,D,3.25,3.3,2.4
2017-10-15,2017/18,Southampton,Newcastle,2.0,2.0,D,1.91,3.6,4.5
2017-10-16,2017/18,Leicester,West Brom,1.0,1.0,D,2.05,3.4,4.2
2017-10-20,2017/18,West Ham,Brighton,0.0,3.0,A,1.83,3.5,5.25
2017-10-21,2017/18,Newcastle,Crystal Palace,1.0,0.0,H,2.0,3.5,4.2
2017-10-21,2017/18,Man City,Burnley,3.0,0.0,H,1.11,12.0,26.0
2017-10-21,2017/18,Southampton,West Brom,1.0,0.0,H,1.85,3.39,5.25
2017-10-21,2017/18,Chelsea,Watford,4.0,2.0,H,1.36,5.25,10.0
2017-10-21,2017/18,Huddersfield,Man United,2.0,1.0,H,11.0,5.0,1.36
2017-10-21,2017/18,Swansea,Leicester,1.0,2.0,A,2.79,3.25,2.75
2017-10-21,2017/18,Stoke,Bournemouth,1.0,2.0,A,2.14,3.5,3.6
2017-10-22,2017/18,Everton,Arsenal,2.0,5.0,A,3.79,3.6,2.04
2017-10-22,2017/18,Tottenham,Liverpool,4.0,1.0,H,2.25,3.5,3.39
2017-10-28,2017/18,Arsenal,Swansea,2.0,1.0,H,1.25,7.0,12.0
2017-10-28,2017/18,Bournemouth,Chelsea,0.0,1.0,A,6.0,4.2,1.61
2017-10-28,2017/18,Crystal Palace,West Ham,2.0,2.0,D,2.39,3.29,3.29
2017-10-28,2017/18,Liverpool,Huddersfield,3.0,0.0,H,1.25,6.75,13.0
2017-10-28,2017/18,Man United,Tottenham,1.0,0.0,H,2.14,3.39,3.79
2017-10-28,2017/18,Watford,Stoke,0.0,1.0,A,2.04,3.6,3.79
2017-10-28,2017/18,West Brom,Man City,2.0,3.0,A,11.0,6.5,1.28
2017-10-29,2017/18,Brighton,Southampton,1.0,1.0,D,3.29,3.2,2.45
2017-10-29,2017/18,Leicester,Everton,2.0,0.0,H,2.14,3.39,3.75
2017-10-30,2017/18,Burnley,Newcastle,1.0,0.0,H,2.89,3.2,2.7
2017-11-04,2017/18,West Ham,Liverpool,1.0,4.0,A,5.25,4.33,1.66
2017-11-04,2017/18,Stoke,Leicester,2.0,2.0,D,2.7,3.29,2.87
2017-11-04,2017/18,Southampton,Burnley,0.0,1.0,A,1.66,3.75,6.5
2017-11-04,2017/18,Swansea,Brighton,0.0,1.0,A,2.39,3.2,3.39
2017-11-04,2017/18,Huddersfield,West Brom,1.0,0.0,H,2.79,3.0,3.0
2017-11-04,2017/18,Newcastle,Bournemouth,0.0,1.0,A,2.0,3.5,4.2
2017-11-05,2017/18,Chelsea,Man United,1.0,0.0,H,2.5,3.2,3.2
2017-11-05,2017/18,Everton,Watford,3.0,2.0,H,2.2,3.39,3.6
2017-11-05,2017/18,Man City,Arsenal,3.0,1.0,H,1.39,5.5,7.5
2017-11-05,2017/18,Tottenham,Crystal Palace,1.0,0.0,H,1.28,6.0,12.0
2017-11-18,2017/18,West Brom,Chelsea,0.0,4.0,A,6.5,4.0,1.61
2017-11-18,2017/18,Liverpool,Southampton,3.0,0.0,H,1.39,5.0,9.0
2017-11-18,2017/18,Man United,Newcastle,4.0,1.0,H,1.28,5.75,13.0
2017-11-18,2017/18,Leicester,Man City,0.0,2.0,A,9.5,5.75,1.33
2017-11-18,2017/18,Arsenal,Tottenham,2.0,0.0,H,2.5,3.6,2.89
2017-11-18,2017/18,Burnley,Swansea,2.0,0.0,H,2.14,3.2,4.0
2017-11-18,2017/18,Bournemouth,Huddersfield,4.0,0.0,H,1.83,3.5,5.25
2017-11-18,2017/18,Crystal Palace,Everton,2.0,2.0,D,2.39,3.25,3.29
2017-11-19,2017/18,Watford,West Ham,2.0,0.0,H,2.1,3.5,3.75
2017-11-20,2017/18,Brighton,Stoke,2.0,2.0,D,2.39,3.2,3.39
2017-11-24,2017/18,West Ham,Leicester,1.0,1.0,D,2.7,3.39,2.75
2017-11-25,2017/18,Tottenham,West Brom,1.0,1.0,D,1.25,6.0,16.0
2017-11-25,2017/18,Swansea,Bournemouth,0.0,0.0,D,2.79,3.25,2.79
2017-11-25,2017/18,Newcastle,Watford,0.0,3.0,A,2.2,3.5,3.5
2017-11-25,2017/18,Liverpool,Chelsea,1.0,1.0,D,2.14,3.6,3.5
2017-11-25,2017/18,Crystal Palace,Stoke,2.0,1.0,H,2.04,3.5,4.0
2017-11-25,2017/18,Man United,Brighton,1.0,0.0,H,1.19,7.0,19.0
2017-11-26,2017/18,Burnley,Arsenal,0.0,1.0,A,6.5,4.5,1.53
2017-11-26,2017/18,Huddersfield,Man City,1.0,2.0,A,17.0,8.0,1.18
2017-11-26,2017/18,Southampton,Everton,4.0,1.0,H,1.9,3.39,4.75
2017-11-28,2017/18,Brighton,Crystal Palace,0.0,0.0,D,2.7,3.1,3.0
2017-11-28,2017/18,Leicester,Tottenham,2.0,1.0,H,5.0,3.89,1.75
2017-11-28,2017/18,Watford,Man United,2.0,4.0,A,5.25,3.89,1.72
2017-11-28,2017/18,West Brom,Newcastle,2.0,2.0,D,2.37,3.1,3.5
2017-11-29,2017/18,Stoke,Liverpool,0.0,3.0,A,6.5,4.5,1.55
2017-11-29,2017/18,Everton,West Ham,4.0,0.0,H,2.37,3.29,3.29
2017-11-29,2017/18,Man City,Southampton,2.0,1.0,H,1.19,8.0,15.0
2017-11-29,2017/18,Bournemouth,Burnley,1.0,2.0,A,2.0,3.39,4.33
2017-11-29,2017/18,Chelsea,Swansea,1.0,0.0,H,1.18,8.0,17.0
2017-11-29,2017/18,Arsenal,Huddersfield,5.0,0.0,H,1.19,7.5,17.0
2017-12-02,2017/18,Arsenal,Man United,1.0,3.0,A,2.5,3.39,3.0
2017-12-02,2017/18,Brighton,Liverpool,1.0,5.0,A,7.5,4.5,1.5
2017-12-02,2017/18,Chelsea,Newcastle,3.0,1.0,H,1.25,6.5,15.0
2017-12-02,2017/18,Everton,Huddersfield,2.0,0.0,H,1.72,3.79,5.5
2017-12-02,2017/18,Leicester,Burnley,1.0,0.0,H,1.83,3.6,5.0
2017-12-02,2017/18,Stoke,Swansea,2.0,1.0,H,1.95,3.39,4.5
2017-12-02,2017/18,Watford,Tottenham,1.0,1.0,D,5.0,4.0,1.72
2017-12-02,2017/18,West Brom,Crystal Palace,0.0,0.0,D,2.5,3.2,3.2
2017-12-03,2017/18,Man City,West Ham,2.0,1.0,H,1.08,11.0,21.0
2017-12-03,2017/18,Bournemouth,Southampton,1.0,1.0,D,2.89,3.25,2.39
2017-12-09,2017/18,Burnley,Watford,1.0,0.0,H,2.6,3.25,3.0
2017-12-09,2017/18,Crystal Palace,Bournemouth,2.0,2.0,D,2.04,3.5,4.0
2017-12-09,2017/18,Huddersfield,Brighton,2.0,0.0,H,2.7,3.1,3.0
2017-12-09,2017/18,Newcastle,Leicester,2.0,3.0,A,2.62,3.29,2.89
2017-12-09,2017/18,Swansea,West Brom,1.0,0.0,H,2.7,3.1,3.0
2017-12-09,2017/18,Tottenham,Stoke,5.0,1.0,H,1.28,6.5,11.0
2017-12-09,2017/18,West Ham,Chelsea,1.0,0.0,H,7.5,4.5,1.5
2017-12-10,2017/18,Liverpool,Everton,1.0,1.0,D,1.3,6.0,11.0
2017-12-10,2017/18,Man United,Man City,1.0,2.0,A,3.39,3.5,2.25
2017-12-10,2017/18,Southampton,Arsenal,1.0,1.0,D,4.0,3.75,1.95
2017-12-12,2017/18,Crystal Palace,Watford,2.0,1.0,H,2.29,3.5,3.25
2017-12-12,2017/18,Huddersfield,Chelsea,1.0,3.0,A,9.0,4.5,1.44
2017-12-12,2017/18,Burnley,Stoke,1.0,0.0,H,2.29,3.2,3.6
2017-12-13,2017/18,Liverpool,West Brom,0.0,0.0,D,1.22,7.0,15.0
2017-12-13,2017/18,Man United,Bournemouth,1.0,0.0,H,1.28,6.0,12.0
2017-12-13,2017/18,Newcastle,Everton,0.0,1.0,A,2.39,3.29,3.25
2017-12-13,2017/18,Southampton,Leicester,1.0,4.0,A,2.1,3.39,3.89
2017-12-13,2017/18,Swansea,Man City,0.0,4.0,A,15.0,6.5,1.25
2017-12-13,2017/18,Tottenham,Brighton,2.0,0.0,H,1.25,6.5,15.0
2017-12-13,2017/18,West Ham,Arsenal,0.0,0.0,D,5.25,4.2,1.66
2017-12-16,2017/18,Stoke,West Ham,0.0,3.0,A,2.29,3.29,3.5
2017-12-16,2017/18,Watford,Huddersfield,1.0,4.0,A,1.8,3.75,5.0
2017-12-16,2017/18,Man City,Tottenham,4.0,1.0,H,1.55,4.59,6.0
2017-12-16,2017/18,Chelsea,Southampton,1.0,0.0,H,1.39,5.0,9.0
2017-12-16,2017/18,Brighton,Burnley,0.0,0.0,D,2.62,3.0,3.2
2017-12-16,2017/18,Arsenal,Newcastle,1.0,0.0,H,1.25,6.5,14.0
2017-12-16,2017/18,Leicester,Crystal Palace,0.0,3.0,A,1.89,3.6,4.5
2017-12-17,2017/18,Bournemouth,Liverpool,0.0,4.0,A,6.5,4.5,1.53
2017-12-17,2017/18,West Brom,Man United,1.0,2.0,A,6.5,4.0,1.6
2017-12-18,2017/18,Everton,Swansea,3.0,1.0,H,1.72,3.75,5.5
2017-12-22,2017/18,Arsenal,Liverpool,3.0,3.0,D,2.54,3.6,2.79
2017-12-23,2017/18,Man City,Bournemouth,4.0,0.0,H,1.12,11.0,23.0
2017-12-23,2017/18,Southampton,Huddersfield,1.0,1.0,D,1.61,3.89,6.5
2017-12-23,2017/18,Leicester,Man United,2.0,2.0,D,4.5,3.6,1.9
2017-12-23,2017/18,Stoke,West Brom,3.0,1.0,H,2.29,3.25,3.5
2017-12-23,2017/18,Burnley,Tottenham,0.0,3.0,A,7.0,4.2,1.55
2017-12-23,2017/18,Brighton,Watford,1.0,0.0,H,2.62,3.2,3.0
2017-12-23,2017/18,Everton,Chelsea,0.0,0.0,D,6.0,3.89,1.66
2017-12-23,2017/18,West Ham,Newcastle,2.0,3.0,A,2.1,3.39,3.89
2017-12-23,2017/18,Swansea,Crystal Palace,1.0,1.0,D,3.29,3.2,2.45
2017-12-26,2017/18,Bournemouth,West Ham,3.0,3.0,D,2.79,3.29,2.75
2017-12-26,2017/18,Chelsea,Brighton,2.0,0.0,H,1.19,7.5,17.0
2017-12-26,2017/18,Huddersfield,Stoke,1.0,1.0,D,2.5,3.2,3.2
2017-12-26,2017/18,Liverpool,Swansea,5.0,0.0,H,1.16,9.0,19.0
2017-12-26,2017/18,Man United,Burnley,2.0,2.0,D,1.25,6.5,15.0
2017-12-26,2017/18,Tottenham,Southampton,5.0,2.0,H,1.36,5.25,10.0
2017-12-26,2017/18,Watford,Leicester,2.0,1.0,H,2.54,3.5,2.87
2017-12-26,2017/18,West Brom,Everton,0.0,0.0,D,2.54,3.2,3.1
2017-12-27,2017/18,Newcastle,Man City,0.0,1.0,A,13.0,6.75,1.25
2017-12-28,2017/18,Crystal Palace,Arsenal,2.0,3.0,A,4.5,4.0,1.8
2017-12-30,2017/18,Watford,Swansea,1.0,2.0,A,1.66,3.79,6.0
2017-12-30,2017/18,Newcastle,Brighton,0.0,0.0,D,2.14,3.2,4.0
2017-12-30,2017/18,Man United,Southampton,0.0,0.0,D,1.36,5.5,9.0
2017-12-30,2017/18,Huddersfield,Burnley,0.0,0.0,D,2.37,3.1,3.5
2017-12-30,2017/18,Chelsea,Stoke,5.0,0.0,H,1.16,8.5,19.0
2017-12-30,2017/18,Bournemouth,Everton,2.0,1.0,H,2.37,3.29,3.29
2017-12-30,2017/18,Liverpool,Leicester,2.0,1.0,H,1.3,6.0,11.0
2017-12-31,2017/18,Crystal Palace,Man City,0.0,0.0,D,11.0,6.5,1.28
2017-12-31,2017/18,West Brom,Arsenal,1.0,1.0,D,5.0,4.0,1.72
2018-01-01,2017/18,Brighton,Bournemouth,2.0,2.0,D,2.37,3.2,3.39
2018-01-01,2017/18,Burnley,Liverpool,1.0,2.0,A,7.5,4.5,1.5
2018-01-01,2017/18,Everton,Man United,0.0,2.0,A,5.5,3.5,1.8
2018-01-01,2017/18,Leicester,Huddersfield,3.0,0.0,H,1.66,3.79,6.0
2018-01-01,2017/18,Stoke,Newcastle,0.0,1.0,A,2.29,3.29,3.5
2018-01-02,2017/18,West Ham,West Brom,2.0,1.0,H,1.9,3.39,4.09
2018-01-02,2017/18,Swansea,Tottenham,0.0,2.0,A,12.0,4.75,1.3
2018-01-02,2017/18,Southampton,Crystal Palace,1.0,2.0,A,1.9,3.39,4.0
2018-01-02,2017/18,Man City,Watford,3.0,1.0,H,1.12,8.5,19.0
2018-01-03,2017/18,Arsenal,Chelsea,2.0,2.0,D,2.6,3.39,2.6
2018-01-04,2017/18,Tottenham,West Ham,1.0,1.0,D,1.25,6.0,10.0
2018-01-13,2017/18,Chelsea,Leicester,0.0,0.0,D,1.3,5.75,12.0
2018-01-13,2017/18,Crystal Palace,Burnley,1.0,0.0,H,2.0,3.29,4.5
2018-01-13,2017/18,Huddersfield,West Ham,1.0,4.0,A,2.62,3.1,3.1
2018-01-13,2017/18,Newcastle,Swansea,1.0,1.0,D,1.95,3.39,4.5
2018-01-13,2017/18,Tottenham,Everton,4.0,0.0,H,1.28,6.0,13.0
2018-01-13,2017/18,Watford,Southampton,2.0,2.0,D,2.5,3.39,3.0
2018-01-13,2017/18,West Brom,Brighton,2.0,0.0,H,2.14,3.0,4.33
2018-01-14,2017/18,Bournemouth,Arsenal,2.0,1.0,H,4.75,4.2,1.75
2018-01-14,2017/18,Liverpool,Man City,4.0,3.0,H,3.1,3.75,2.29
2018-01-15,2017/18,Man United,Stoke,3.0,0.0,H,1.22,7.0,15.0
2018-01-20,2017/18,Arsenal,Crystal Palace,4.0,1.0,H,1.5,4.75,7.0
2018-01-20,2017/18,Brighton,Chelsea,0.0,4.0,A,6.5,3.89,1.61
2018-01-20,2017/18,Burnley,Man United,0.0,1.0,A,7.5,3.89,1.57
2018-01-20,2017/18,Everton,West Brom,1.0,1.0,D,2.14,3.2,4.0
2018-01-20,2017/18,Leicester,Watford,2.0,0.0,H,1.85,3.89,4.33
2018-01-20,2017/18,Man City,Newcastle,3.0,1.0,H,1.12,10.0,26.0
2018-01-20,2017/18,Stoke,Huddersfield,2.0,0.0,H,2.04,3.39,4.09
2018-01-20,2017/18,West Ham,Bournemouth,1.0,1.0,D,2.0,3.6,4.0
2018-01-21,2017/18,Southampton,Tottenham,1.0,1.0,D,5.75,4.09,1.64
2018-01-22,2017/18,Swansea,Liverpool,1.0,0.0,H,12.0,5.75,1.3
2018-01-30,2017/18,West Ham,Crystal Palace,1.0,1.0,D,3.1,3.25,2.54
2018-01-30,2017/18,Swansea,Arsenal,3.0,1.0,H,7.0,4.59,1.5
2018-01-30,2017/18,Huddersfield,Liverpool,0.0,3.0,A,12.0,5.75,1.3
2018-01-31,2017/18,Chelsea,Bournemouth,0.0,3.0,A,1.28,6.5,11.0
2018-01-31,2017/18,Everton,Leicester,2.0,1.0,H,3.0,3.2,2.62
2018-01-31,2017/18,Man City,West Brom,3.0,0.0,H,1.14,10.0,21.0
2018-01-31,2017/18,Newcastle,Burnley,1.0,1.0,D,2.2,3.2,3.89
2018-01-31,2017/18,Southampton,Brighton,1.0,1.0,D,1.75,3.5,6.0
2018-01-31,2017/18,Stoke,Watford,0.0,0.0,D,2.25,3.5,3.39
2018-01-31,2017/18,Tottenham,Man United,2.0,0.0,H,2.35,3.29,3.39
2018-02-03,2017/18,West Brom,Southampton,2.0,3.0,A,2.54,3.2,3.1
2018-02-03,2017/18,Man United,Huddersfield,2.0,0.0,H,1.16,8.5,19.0
2018-02-03,2017/18,Leicester,Swansea,1.0,1.0,D,1.8,3.6,5.25
2018-02-03,2017/18,Brighton,West Ham,3.0,1.0,H,2.35,3.0,3.7
2018-02-03,2017/18,Bournemouth,Stoke,2.0,1.0,H,1.9,3.7,4.33
2018-02-03,2017/18,Arsenal,Everton,5.0,1.0,H,1.3,5.75,12.0
2018-02-03,2017/18,Burnley,Man City,1.0,1.0,D,13.0,6.0,1.28
2018-02-04,2017/18,Crystal Palace,Newcastle,1.0,1.0,D,2.04,3.39,4.2
2018-02-04,2017/18,Liverpool,Tottenham,2.0,2.0,D,2.1,3.75,3.6
2018-02-05,2017/18,Watford,Chelsea,4.0,1.0,H,6.25,4.0,1.61
2018-02-10,2017/18,Swansea,Burnley,1.0,0.0,H,2.37,3.0,3.25
2018-02-10,2017/18,Tottenham,Arsenal,1.0,0.0,H,2.0,3.6,3.5
2018-02-10,2017/18,Stoke,Brighton,1.0,1.0,D,2.2,3.2,3.39
2018-02-10,2017/18,West Ham,Watford,2.0,0.0,H,2.5,3.29,2.79
2018-02-10,2017/18,Everton,Crystal Palace,3.0,1.0,H,2.25,3.25,3.2
2018-02-10,2017/18,Man City,Leicester,5.0,1.0,H,1.19,6.5,13.0
2018-02-11,2017/18,Huddersfield,Bournemouth,4.0,1.0,H,3.25,3.2,2.25
2018-02-11,2017/18,Newcastle,Man United,1.0,0.0,H,5.5,3.75,1.61
2018-02-11,2017/18,Southampton,Liverpool,0.0,2.0,A,4.2,3.79,1.8
2018-02-12,2017/18,Chelsea,West Brom,3.0,0.0,H,1.36,4.75,8.0
2018-02-24,2017/18,Watford,Everton,1.0,0.0,H,2.25,3.39,3.5
2018-02-24,2017/18,Liverpool,West Ham,4.0,1.0,H,1.22,7.5,13.0
2018-02-24,2017/18,Leicester,Stoke,1.0,1.0,D,1.72,3.89,5.25
2018-02-24,2017/18,West Brom,Huddersfield,1.0,2.0,A,1.95,3.29,4.75
2018-02-24,2017/18,Brighton,Swansea,4.0,1.0,H,2.14,3.25,4.0
2018-02-24,2017/18,Bournemouth,Newcastle,2.0,2.0,D,2.1,3.5,3.79
2018-02-24,2017/18,Burnley,Southampton,1.0,1.0,D,2.89,3.1,2.79
2018-02-25,2017/18,Crystal Palace,Tottenham,0.0,1.0,A,7.5,4.5,1.5
2018-02-25,2017/18,Man United,Chelsea,2.0,1.0,H,2.29,3.25,3.5
2018-03-01,2017/18,Arsenal,Man City,0.0,3.0,A,4.5,4.0,1.72
2018-03-03,2017/18,Watford,West Brom,1.0,0.0,H,2.14,3.29,3.89
2018-03-03,2017/18,Tottenham,Huddersfield,2.0,0.0,H,1.19,7.5,17.0
2018-03-03,2017/18,Swansea,West Ham,4.0,1.0,H,2.6,3.25,3.0
2018-03-03,2017/18,Southampton,Stoke,0.0,0.0,D,1.75,3.75,5.25
2018-03-03,2017/18,Leicester,Bournemouth,1.0,1.0,D,1.85,3.75,4.5
2018-03-03,2017/18,Burnley,Everton,2.0,1.0,H,2.5,3.1,3.29
2018-03-03,2017/18,Liverpool,Newcastle,2.0,0.0,H,1.22,7.0,15.0
2018-03-04,2017/18,Man City,Chelsea,1.0,0.0,H,1.61,4.2,6.0
2018-03-04,2017/18,Brighton,Arsenal,2.0,1.0,H,4.2,3.79,1.9
2018-03-05,2017/18,Crystal Palace,Man United,2.0,3.0,A,7.0,4.0,1.57
2018-03-10,2017/18,West Ham,Burnley,0.0,3.0,A,2.29,3.2,3.6
2018-03-10,2017/18,West Brom,Leicester,1.0,4.0,A,3.0,3.25,2.6
2018-03-10,2017/18,Everton,Brighton,2.0,0.0,H,2.2,3.2,3.89
2018-03-10,2017/18,Newcastle,Southampton,3.0,0.0,H,2.79,3.2,2.79
2018-03-10,2017/18,Chelsea,Crystal Palace,2.0,1.0,H,1.3,5.75,12.0
2018-03-10,2017/18,Huddersfield,Swansea,0.0,0.0,D,2.54,3.1,3.2
2018-03-10,2017/18,Man United,Liverpool,2.0,1.0,H,2.75,3.39,2.75
2018-03-11,2017/18,Arsenal,Watford,3.0,0.0,H,1.44,5.0,7.5
2018-03-11,2017/18,Bournemouth,Tottenham,1.0,4.0,A,6.5,4.5,1.55
2018-03-12,2017/18,Stoke,Man City,0.0,2.0,A,15.0,6.5,1.25
2018-03-17,2017/18,Bournemouth,West Brom,2.0,1.0,H,1.83,3.6,5.0
2018-03-17,2017/18,Huddersfield,Crystal Palace,0.0,2.0,A,3.0,3.1,2.7
2018-03-17,2017/18,Liverpool,Watford,5.0,0.0,H,1.19,8.0,15.0
2018-03-17,2017/18,Stoke,Everton,1.0,2.0,A,2.5,3.29,3.1
2018-03-31,2017/18,West Brom,Burnley,1.0,2.0,A,2.5,3.0,3.1
2018-03-31,2017/18,West Ham,Southampton,3.0,0.0,H,2.7,3.25,2.6
2018-03-31,2017/18,Watford,Bournemouth,2.0,2.0,D,2.29,3.29,3.1
2018-03-31,2017/18,Newcastle,Huddersfield,1.0,0.0,H,1.75,3.39,5.0
2018-03-31,2017/18,Everton,Man City,1.0,3.0,A,9.0,5.0,1.33
2018-03-31,2017/18,Crystal Palace,Liverpool,1.0,2.0,A,7.0,4.33,1.44
2018-03-31,2017/18,Brighton,Leicester,0.0,2.0,A,2.7,3.2,2.62
2018-03-31,2017/18,Man United,Swansea,2.0,0.0,H,1.25,6.0,10.0
2018-04-01,2017/18,Arsenal,Stoke,3.0,0.0,H,1.28,5.5,10.0
2018-04-01,2017/18,Chelsea,Tottenham,1.0,3.0,A,2.29,3.29,3.1
2018-04-07,2017/18,Stoke,Tottenham,1.0,2.0,A,11.0,5.5,1.33
2018-04-07,2017/18,West Brom,Swansea,1.0,1.0,D,2.37,3.2,3.39
2018-04-07,2017/18,Watford,Burnley,1.0,2.0,A,2.39,3.2,3.39
2018-04-07,2017/18,Man City,Man United,2.0,3.0,A,1.89,3.79,4.2
2018-04-07,2017/18,Bournemouth,Crystal Palace,2.0,2.0,D,2.5,3.39,3.0
2018-04-07,2017/18,Everton,Liverpool,0.0,0.0,D,4.2,3.75,1.9
2018-04-07,2017/18,Brighton,Huddersfield,1.0,1.0,D,1.85,3.5,5.0
2018-04-07,2017/18,Leicester,Newcastle,1.0,2.0,A,1.95,3.6,4.2
2018-04-08,2017/18,Arsenal,Southampton,3.0,2.0,H,1.57,4.5,6.0
2018-04-08,2017/18,Chelsea,West Ham,1.0,1.0,D,1.28,6.0,12.0
2018-04-14,2017/18,Tottenham,Man City,1.0,3.0,A,2.62,3.6,2.7
2018-04-14,2017/18,Swansea,Everton,1.0,1.0,D,2.54,3.25,3.1
2018-04-14,2017/18,Southampton,Chelsea,2.0,3.0,A,4.5,3.75,1.85
2018-04-14,2017/18,Crystal Palace,Brighton,3.0,2.0,H,1.9,3.5,4.75
2018-04-14,2017/18,Huddersfield,Watford,1.0,0.0,H,2.62,3.25,3.0
2018-04-14,2017/18,Burnley,Leicester,2.0,1.0,H,2.62,3.2,3.0
2018-04-14,2017/18,Liverpool,Bournemouth,3.0,0.0,H,1.25,7.0,12.0
2018-04-15,2017/18,Newcastle,Arsenal,2.0,1.0,H,3.29,3.6,2.25
2018-04-15,2017/18,Man United,West Brom,0.0,1.0,A,1.18,8.0,19.0
2018-04-16,2017/18,West Ham,Stoke,1.0,1.0,D,2.0,3.6,4.0
2018-04-17,2017/18,Brighton,Tottenham,1.0,1.0,D,6.5,4.33,1.55
2018-04-18,2017/18,Bournemouth,Man United,0.0,2.0,A,5.0,3.89,1.75
2018-04-19,2017/18,Burnley,Chelsea,1.0,2.0,A,4.0,3.39,1.9
2018-04-19,2017/18,Leicester,Southampton,0.0,0.0,D,2.25,3.29,3.2
2018-04-21,2017/18,Watford,Crystal Palace,0.0,0.0,D,2.89,3.39,2.54
2018-04-21,2017/18,West Brom,Liverpool,2.0,2.0,D,7.5,4.5,1.5
2018-04-22,2017/18,Arsenal,West Ham,4.0,1.0,H,1.55,4.59,6.0
2018-04-22,2017/18,Man City,Swansea,5.0,0.0,H,1.14,9.0,23.0
2018-04-22,2017/18,Stoke,Burnley,1.0,1.0,D,2.29,3.29,3.5
2018-04-23,2017/18,Everton,Newcastle,1.0,0.0,H,2.29,3.39,3.39
2018-04-28,2017/18,Swansea,Chelsea,0.0,1.0,A,7.0,4.33,1.53
2018-04-28,2017/18,Southampton,Bournemouth,2.0,1.0,H,1.72,4.0,5.0
2018-04-28,2017/18,Newcastle,West Brom,0.0,1.0,A,1.85,3.6,4.75
2018-04-28,2017/18,Crystal Palace,Leicester,5.0,0.0,H,2.04,3.6,3.79
2018-04-28,2017/18,Huddersfield,Everton,0.0,2.0,A,2.62,3.1,3.1
2018-04-28,2017/18,Burnley,Brighton,0.0,0.0,D,2.25,3.2,3.7
2018-04-28,2017/18,Liverpool,Stoke,0.0,0.0,D,1.33,5.75,10.0
2018-04-29,2017/18,Man United,Arsenal,2.0,1.0,H,1.44,4.75,8.0
2018-04-29,2017/18,West Ham,Man City,1.0,4.0,A,10.0,5.75,1.33
2018-04-30,2017/18,Tottenham,Watford,2.0,0.0,H,1.16,8.5,21.0
2018-05-04,2017/18,Brighton,Man United,1.0,0.0,H,4.75,3.6,1.85
2018-05-05,2017/18,Watford,Newcastle,2.0,1.0,H,2.37,3.39,3.2
2018-05-05,2017/18,Stoke,Crystal Palace,1.0,2.0,A,2.7,3.39,2.79
2018-05-05,2017/18,West Brom,Tottenham,1.0,0.0,H,8.0,4.75,1.44
2018-05-05,2017/18,Everton,Southampton,1.0,1.0,D,2.89,3.29,2.62
2018-05-05,2017/18,Bournemouth,Swansea,1.0,0.0,H,2.1,3.6,3.7
2018-05-05,2017/18,Leicester,West Ham,0.0,2.0,A,2.25,3.5,3.39
2018-05-06,2017/18,Arsenal,Burnley,5.0,0.0,H,1.57,4.2,6.5
2018-05-06,2017/18,Chelsea,Liverpool,1.0,0.0,H,2.25,3.6,3.29
2018-05-06,2017/18,Man City,Huddersfield,0.0,0.0,D,1.08,13.0,34.0
2018-05-08,2017/18,Swansea,Southampton,0.0,1.0,A,3.1,3.25,2.54
2018-05-09,2017/18,Chelsea,Huddersfield,1.0,1.0,D,1.16,8.5,19.0
2018-05-09,2017/18,Leicester,Arsenal,3.0,1.0,H,3.75,3.79,2.0
2018-05-09,2017/18,Man City,Brighton,3.0,1.0,H,1.12,10.0,27.0
2018-05-09,2017/18,Tottenham,Newcastle,1.0,0.0,H,1.18,8.5,17.0
2018-05-10,2017/18,West Ham,Man United,0.0,0.0,D,4.75,3.79,1.8
2018-05-13,2017/18,Southampton,Man City,0.0,1.0,A,9.0,5.0,1.39
2018-05-13,2017/18,Tottenham,Leicester,5.0,4.0,H,1.33,6.0,9.0
2018-05-13,2017/18,Swansea,Stoke,1.0,2.0,A,1.9,3.79,4.2
2018-05-13,2017/18,Newcastle,Chelsea,3.0,0.0,H,6.5,4.2,1.6
2018-05-13,2017/18,West Ham,Everton,3.0,1.0,H,2.45,3.5,3.0
2018-05-13,2017/18,Liverpool,Brighton,4.0,0.0,H,1.19,8.0,15.0
2018-05-13,2017/18,Huddersfield,Arsenal,0.0,1.0,A,6.0,4.33,1.6
2018-05-13,2017/18,Crystal Palace,West Brom,2.0,0.0,H,1.8,3.79,4.75
2018-05-13,2017/18,Burnley,Bournemouth,1.0,2.0,A,2.14,3.5,3.6
2018-05-13,2017/18,Man United,Watford,1.0,0.0,H,1.39,5.25,8.5
2018-08-10,2018/19,Man United,Leicester,2.0,1.0,H,1.57,3.9,7.5
2018-08-11,2018/19,Bournemouth,Cardiff,2.0,0.0,H,1.9,3.6,4.5
2018-08-11,2018/19,Fulham,Crystal Palace,0.0,2.0,A,2.5,3.4,3.0
2018-08-11,2018/19,Huddersfield,Chelsea,0.0,3.0,A,6.5,4.0,1.61
2018-08-11,2018/19,Newcastle,Tottenham,1.0,2.0,A,3.9,3.5,2.04
2018-08-11,2018/19,Watford,Brighton,2.0,0.0,H,2.37,3.2,3.4
2018-08-11,2018/19,Wolves,Everton,2.0,2.0,D,2.37,3.3,3.3
2018-08-12,2018/19,Southampton,Burnley,0.0,0.0,D,1.85,3.5,5.0
2018-08-12,2018/19,Arsenal,Man City,0.0,2.0,A,4.0,3.8,1.95
2018-08-12,2018/19,Liverpool,West Ham,4.0,0.0,H,1.25,6.5,14.0
2018-08-18,2018/19,Cardiff,Newcastle,0.0,0.0,D,3.25,3.1,2.54
2018-08-18,2018/19,Chelsea,Arsenal,3.0,2.0,H,1.8,4.0,4.5
2018-08-18,2018/19,Everton,Southampton,2.0,1.0,H,1.9,3.5,4.75
2018-08-18,2018/19,Leicester,Wolves,2.0,0.0,H,2.04,3.5,3.9
2018-08-18,2018/19,Tottenham,Fulham,3.0,1.0,H,1.28,6.0,12.0
2018-08-18,2018/19,West Ham,Bournemouth,1.0,2.0,A,2.1,3.6,3.7
2018-08-19,2018/19,Brighton,Man United,3.0,2.0,H,5.5,3.6,1.75
2018-08-19,2018/19,Burnley,Watford,1.0,3.0,A,2.45,3.1,3.4
2018-08-19,2018/19,Man City,Huddersfield,6.0,1.0,H,1.1,13.0,26.0
2018-08-20,2018/19,Crystal Palace,Liverpool,0.0,2.0,A,7.0,5.0,1.44
2018-08-25,2018/19,Wolves,Man City,1.0,1.0,D,11.0,6.5,1.28
2018-08-25,2018/19,Southampton,Leicester,1.0,2.0,A,2.45,3.2,3.25
2018-08-25,2018/19,Bournemouth,Everton,2.0,2.0,D,2.62,3.6,2.75
2018-08-25,2018/19,Huddersfield,Cardiff,0.0,0.0,D,2.37,3.0,3.7
2018-08-25,2018/19,Arsenal,West Ham,3.0,1.0,H,1.36,5.5,9.0
2018-08-25,2018/19,Liverpool,Brighton,1.0,0.0,H,1.16,8.5,19.0
2018-08-26,2018/19,Fulham,Burnley,4.0,2.0,H,2.0,3.4,4.33
2018-08-26,2018/19,Newcastle,Chelsea,1.0,2.0,A,5.75,4.0,1.66
2018-08-26,2018/19,Watford,Crystal Palace,2.0,1.0,H,2.6,3.25,3.0
2018-08-27,2018/19,Man United,Tottenham,0.0,3.0,A,2.62,3.3,2.9
2018-09-01,2018/19,West Ham,Wolves,0.0,1.0,A,2.6,3.4,2.87
2018-09-01,2018/19,Leicester,Liverpool,1.0,2.0,A,7.5,5.0,1.44
2018-09-01,2018/19,Man City,Newcastle,2.0,1.0,H,1.11,11.0,26.0
2018-09-01,2018/19,Crystal Palace,Southampton,0.0,2.0,A,2.0,3.5,4.2
2018-09-01,2018/19,Chelsea,Bournemouth,2.0,0.0,H,1.3,6.0,11.0
2018-09-01,2018/19,Brighton,Fulham,2.0,2.0,D,2.3,3.4,3.4
2018-09-01,2018/19,Everton,Huddersfield,1.0,1.0,D,1.53,4.2,7.5
2018-09-02,2018/19,Burnley,Man United,0.0,2.0,A,6.0,3.75,1.7
2018-09-02,2018/19,Cardiff,Arsenal,2.0,3.0,A,6.5,4.33,1.57
2018-09-02,2018/19,Watford,Tottenham,2.0,1.0,H,5.5,4.2,1.64
2018-09-15,2018/19,Bournemouth,Leicester,4.0,2.0,H,2.45,3.5,3.0
2018-09-15,2018/19,Chelsea,Cardiff,4.0,1.0,H,1.18,8.0,19.0
2018-09-15,2018/19,Tottenham,Liverpool,1.0,2.0,A,3.0,3.6,2.4
2018-09-15,2018/19,Man City,Fulham,3.0,0.0,H,1.12,10.0,26.0
2018-09-15,2018/19,Newcastle,Arsenal,1.0,2.0,A,4.2,3.8,1.9
2018-09-15,2018/19,Watford,Man United,1.0,2.0,A,4.33,3.6,1.95
2018-09-15,2018/19,Huddersfield,Crystal Palace,0.0,1.0,A,3.3,3.1,2.5
2018-09-16,2018/19,Everton,West Ham,1.0,3.0,A,2.0,3.75,3.9
2018-09-16,2018/19,Wolves,Burnley,1.0,0.0,H,1.75,3.6,5.75
2018-09-17,2018/19,Southampton,Brighton,2.0,2.0,D,2.1,3.4,3.9
2018-09-22,2018/19,Crystal Palace,Newcastle,0.0,0.0,D,2.14,3.4,3.75
2018-09-22,2018/19,Cardiff,Man City,0.0,5.0,A,23.0,8.0,1.16
2018-09-22,2018/19,Man United,Wolves,1.0,1.0,D,1.57,4.33,6.5
2018-09-22,2018/19,Liverpool,Southampton,3.0,0.0,H,1.2,7.5,17.0
2018-09-22,2018/19,Fulham,Watford,1.0,1.0,D,2.54,3.5,2.9
2018-09-22,2018/19,Burnley,Bournemouth,4.0,0.0,H,3.0,3.4,2.5
2018-09-22,2018/19,Brighton,Tottenham,1.0,2.0,A,5.0,4.0,1.75
2018-09-22,2018/19,Leicester,Huddersfield,3.0,1.0,H,1.61,4.0,6.5
2018-09-23,2018/19,West Ham,Chelsea,0.0,0.0,D,6.0,4.5,1.57
2018-09-23,2018/19,Arsenal,Everton,2.0,0.0,H,1.44,5.0,7.5
2018-09-29,2018/19,Wolves,Southampton,2.0,0.0,H,1.8,3.6,5.25
2018-09-29,2018/19,West Ham,Man United,3.0,1.0,H,4.5,3.8,1.85
2018-09-29,2018/19,Newcastle,Leicester,0.0,2.0,A,2.6,3.3,3.0
2018-09-29,2018/19,Arsenal,Watford,2.0,0.0,H,1.44,5.1,7.0
2018-09-29,2018/19,Huddersfield,Tottenham,0.0,2.0,A,8.5,4.5,1.44
2018-09-29,2018/19,Everton,Fulham,3.0,0.0,H,1.75,4.2,4.75
2018-09-29,2018/19,Chelsea,Liverpool,1.0,1.0,D,2.8,3.6,2.54
2018-09-29,2018/19,Man City,Brighton,2.0,0.0,H,1.1,12.0,34.0
2018-09-30,2018/19,Cardiff,Burnley,1.0,2.0,A,2.62,3.0,3.2
2018-10-01,2018/19,Bournemouth,Crystal Palace,2.0,1.0,H,2.25,3.5,3.4
2018-10-05,2018/19,Brighton,West Ham,1.0,0.0,H,2.7,3.3,2.87
2018-10-06,2018/19,Watford,Bournemouth,0.0,4.0,A,2.14,3.6,3.5
2018-10-06,2018/19,Tottenham,Cardiff,1.0,0.0,H,1.22,7.0,15.0
2018-10-06,2018/19,Leicester,Everton,1.0,2.0,A,2.2,3.4,3.6
2018-10-06,2018/19,Burnley,Huddersfield,1.0,1.0,D,2.14,3.1,4.2
2018-10-06,2018/19,Man United,Newcastle,3.0,2.0,H,1.44,4.5,9.0
2018-10-06,2018/19,Crystal Palace,Wolves,0.0,1.0,A,3.0,3.2,2.62
2018-10-07,2018/19,Fulham,Arsenal,1.0,5.0,A,5.25,4.33,1.66
2018-10-07,2018/19,Liverpool,Man City,0.0,0.0,D,2.54,3.6,2.8
2018-10-07,2018/19,Southampton,Chelsea,0.0,3.0,A,6.0,4.1,1.61
2018-10-20,2018/19,Newcastle,Brighton,0.0,1.0,A,2.2,3.25,3.8
2018-10-20,2018/19,Wolves,Watford,0.0,2.0,A,1.75,3.75,5.25
2018-10-20,2018/19,West Ham,Tottenham,0.0,1.0,A,4.1,3.9,1.9
2018-10-20,2018/19,Man City,Burnley,5.0,0.0,H,1.08,13.0,34.0
2018-10-20,2018/19,Cardiff,Fulham,4.0,2.0,H,2.5,3.5,2.95
2018-10-20,2018/19,Huddersfield,Liverpool,0.0,1.0,A,11.0,5.5,1.33
2018-10-20,2018/19,Chelsea,Man United,2.0,2.0,D,1.75,3.8,5.25
2018-10-20,2018/19,Bournemouth,Southampton,0.0,0.0,D,2.04,3.7,3.75
2018-10-21,2018/19,Everton,Crystal Palace,2.0,0.0,H,1.85,3.6,4.75
2018-10-22,2018/19,Arsenal,Leicester,3.0,1.0,H,1.53,4.5,6.5
2018-10-27,2018/19,Brighton,Wolves,1.0,0.0,H,3.2,3.2,2.5
2018-10-27,2018/19,Fulham,Bournemouth,0.0,3.0,A,2.9,3.75,2.4
2018-10-27,2018/19,Leicester,West Ham,1.0,1.0,D,2.1,3.5,3.8
2018-10-27,2018/19,Liverpool,Cardiff,4.0,1.0,H,1.11,11.0,26.0
2018-10-27,2018/19,Southampton,Newcastle,0.0,0.0,D,2.1,3.4,3.9
2018-10-27,2018/19,Watford,Huddersfield,3.0,0.0,H,1.75,3.75,5.25
2018-10-28,2018/19,Man United,Everton,2.0,1.0,H,1.72,3.9,5.25
2018-10-28,2018/19,Burnley,Chelsea,0.0,4.0,A,11.0,5.0,1.36
2018-10-28,2018/19,Crystal Palace,Arsenal,2.0,2.0,D,4.75,4.1,1.75
2018-10-29,2018/19,Tottenham,Man City,0.0,1.0,A,4.75,4.1,1.75
2018-11-03,2018/19,Arsenal,Liverpool,1.0,1.0,D,3.9,3.9,1.95
2018-11-03,2018/19,Bournemouth,Man United,1.0,2.0,A,3.6,3.7,2.1
2018-11-03,2018/19,Cardiff,Leicester,0.0,1.0,A,3.8,3.4,2.14
2018-11-03,2018/19,Everton,Brighton,3.0,1.0,H,1.61,4.0,6.5
2018-11-03,2018/19,Newcastle,Watford,1.0,0.0,H,2.75,3.25,2.8
2018-11-03,2018/19,West Ham,Burnley,4.0,2.0,H,1.75,3.75,5.25
2018-11-03,2018/19,Wolves,Tottenham,2.0,3.0,A,3.1,3.4,2.45
2018-11-04,2018/19,Man City,Southampton,6.0,1.0,H,1.11,11.0,29.0
2018-11-04,2018/19,Chelsea,Crystal Palace,3.0,1.0,H,1.25,6.75,13.0
2018-11-05,2018/19,Huddersfield,Fulham,1.0,0.0,H,2.3,3.5,3.3
2018-11-10,2018/19,Cardiff,Brighton,2.0,1.0,H,2.6,3.1,3.1
2018-11-10,2018/19,Southampton,Watford,1.0,1.0,D,2.5,3.3,3.1
2018-11-10,2018/19,Huddersfield,West Ham,1.0,1.0,D,3.4,3.25,2.35
2018-11-10,2018/19,Leicester,Burnley,0.0,0.0,D,1.5,4.33,8.0
2018-11-10,2018/19,Crystal Palace,Tottenham,0.0,1.0,A,4.5,3.75,1.85
2018-11-10,2018/19,Newcastle,Bournemouth,2.0,1.0,H,2.9,3.4,2.6
2018-11-11,2018/19,Liverpool,Fulham,2.0,0.0,H,1.11,11.0,26.0
2018-11-11,2018/19,Man City,Man United,3.0,1.0,H,1.4,5.25,8.5
2018-11-11,2018/19,Chelsea,Everton,0.0,0.0,D,1.4,5.25,8.5
2018-11-11,2018/19,Arsenal,Wolves,1.0,1.0,D,1.66,4.2,5.25
2018-11-24,2018/19,Watford,Liverpool,0.0,3.0,A,6.5,4.33,1.55
2018-11-24,2018/19,Tottenham,Chelsea,3.0,1.0,H,2.8,3.5,2.6
2018-11-24,2018/19,West Ham,Man City,0.0,4.0,A,13.0,6.5,1.25
2018-11-24,2018/19,Fulham,Southampton,3.0,2.0,H,2.62,3.5,2.8
2018-11-24,2018/19,Everton,Cardiff,1.0,0.0,H,1.4,5.0,9.0
2018-11-24,2018/19,Brighton,Leicester,1.0,1.0,D,2.9,3.4,2.6
2018-11-24,2018/19,Man United,Crystal Palace,0.0,0.0,D,1.4,5.25,8.0
2018-11-25,2018/19,Bournemouth,Arsenal,1.0,2.0,A,3.5,3.75,1.95
2018-11-25,2018/19,Wolves,Huddersfield,0.0,2.0,A,1.5,4.33,8.0
2018-11-26,2018/19,Burnley,Newcastle,1.0,2.0,A,2.9,3.2,2.75
2018-11-30,2018/19,Cardiff,Wolves,2.0,1.0,H,3.8,3.25,2.2
2018-12-01,2018/19,Crystal Palace,Burnley,2.0,0.0,H,1.61,3.9,6.5
2018-12-01,2018/19,Huddersfield,Brighton,1.0,2.0,A,2.5,3.0,3.4
2018-12-01,2018/19,Leicester,Watford,2.0,0.0,H,2.25,3.3,3.6
2018-12-01,2018/19,Man City,Bournemouth,3.0,1.0,H,1.11,11.0,26.0
2018-12-01,2018/19,Newcastle,West Ham,0.0,3.0,A,2.5,3.3,3.1
2018-12-01,2018/19,Southampton,Man United,2.0,2.0,D,4.33,3.6,1.95
2018-12-02,2018/19,Chelsea,Fulham,2.0,0.0,H,1.18,8.0,17.0
2018-12-02,2018/19,Arsenal,Tottenham,4.0,2.0,H,2.62,3.6,2.75
2018-12-02,2018/19,Liverpool,Everton,1.0,0.0,H,1.4,5.0,9.0
2018-12-04,2018/19,Bournemouth,Huddersfield,2.0,1.0,H,1.66,3.8,6.0
2018-12-04,2018/19,Brighton,Crystal Palace,3.0,1.0,H,3.0,3.1,2.7
2018-12-04,2018/19,West Ham,Cardiff,3.0,1.0,H,1.66,4.0,5.75
2018-12-04,2018/19,Watford,Man City,1.0,2.0,A,11.0,6.0,1.3
2018-12-05,2018/19,Burnley,Liverpool,1.0,3.0,A,14.0,5.75,1.28
2018-12-05,2018/19,Everton,Newcastle,1.0,1.0,D,1.6,4.0,6.5
2018-12-05,2018/19,Fulham,Leicester,1.0,1.0,D,3.0,3.5,2.45
2018-12-05,2018/19,Man United,Arsenal,2.0,2.0,D,2.45,3.5,3.0
2018-12-05,2018/19,Tottenham,Southampton,3.0,1.0,H,1.36,5.25,9.5
2018-12-05,2018/19,Wolves,Chelsea,2.0,1.0,H,5.0,3.75,1.8
2018-12-08,2018/19,West Ham,Crystal Palace,3.0,2.0,H,2.3,3.4,3.4
2018-12-08,2018/19,Man United,Fulham,4.0,1.0,H,1.33,5.75,10.0
2018-12-08,2018/19,Leicester,Tottenham,0.0,2.0,A,3.8,3.75,2.0
2018-12-08,2018/19,Burnley,Brighton,1.0,0.0,H,2.9,3.2,2.75
2018-12-08,2018/19,Bournemouth,Liverpool,0.0,4.0,A,5.75,4.5,1.6
2018-12-08,2018/19,Arsenal,Huddersfield,1.0,0.0,H,1.28,6.0,12.0
2018-12-08,2018/19,Chelsea,Man City,2.0,0.0,H,4.0,3.8,1.95
2018-12-08,2018/19,Cardiff,Southampton,1.0,0.0,H,2.9,3.25,2.7
2018-12-09,2018/19,Newcastle,Wolves,1.0,2.0,A,2.9,3.2,2.7
2018-12-10,2018/19,Everton,Watford,2.0,2.0,D,1.8,3.75,5.0
2018-12-15,2018/19,Crystal Palace,Leicester,1.0,0.0,H,2.62,3.2,3.0
2018-12-15,2018/19,Fulham,West Ham,0.0,2.0,A,2.9,3.6,2.5
2018-12-15,2018/19,Huddersfield,Newcastle,0.0,1.0,A,2.6,3.1,3.1
2018-12-15,2018/19,Man City,Everton,3.0,1.0,H,1.22,7.5,13.0
2018-12-15,2018/19,Tottenham,Burnley,1.0,0.0,H,1.18,8.0,19.0
2018-12-15,2018/19,Wolves,Bournemouth,2.0,0.0,H,1.95,3.6,4.33
2018-12-15,2018/19,Watford,Cardiff,3.0,2.0,H,1.64,3.9,6.0
2018-12-16,2018/19,Brighton,Chelsea,1.0,2.0,A,7.5,4.5,1.5
2018-12-16,2018/19,Liverpool,Man United,3.0,1.0,H,1.57,4.5,6.0
2018-12-16,2018/19,Southampton,Arsenal,3.0,2.0,H,4.1,3.9,1.9
2018-12-21,2018/19,Wolves,Liverpool,0.0,2.0,A,7.0,4.0,1.57
2018-12-22,2018/19,Newcastle,Fulham,0.0,0.0,D,2.0,3.6,4.0
2018-12-22,2018/19,Man City,Crystal Palace,2.0,3.0,A,1.14,10.0,21.0
2018-12-22,2018/19,Huddersfield,Southampton,1.0,3.0,A,3.1,3.1,2.6
2018-12-22,2018/19,West Ham,Watford,0.0,2.0,A,2.37,3.5,3.1
2018-12-22,2018/19,Cardiff,Man United,1.0,5.0,A,6.5,4.2,1.57
2018-12-22,2018/19,Bournemouth,Brighton,2.0,0.0,H,1.9,3.7,4.33
2018-12-22,2018/19,Arsenal,Burnley,3.0,1.0,H,1.25,6.5,15.0
2018-12-22,2018/19,Chelsea,Leicester,0.0,1.0,A,1.33,5.5,11.0
2018-12-23,2018/19,Everton,Tottenham,2.0,6.0,A,3.25,3.5,2.3
2018-12-26,2018/19,Watford,Chelsea,1.0,2.0,A,5.25,3.8,1.75
2018-12-26,2018/19,Brighton,Arsenal,1.0,1.0,D,5.25,3.9,1.72
2018-12-26,2018/19,Burnley,Everton,1.0,5.0,A,4.33,3.5,1.95
2018-12-26,2018/19,Crystal Palace,Cardiff,0.0,0.0,D,1.66,4.0,5.75
2018-12-26,2018/19,Fulham,Wolves,1.0,1.0,D,3.25,3.4,2.37
2018-12-26,2018/19,Leicester,Man City,2.0,1.0,H,9.5,5.25,1.36
2018-12-26,2018/19,Liverpool,Newcastle,4.0,0.0,H,1.16,8.5,19.0
2018-12-26,2018/19,Man United,Huddersfield,3.0,1.0,H,1.25,6.5,15.0
2018-12-26,2018/19,Tottenham,Bournemouth,5.0,0.0,H,1.36,5.5,9.0
2018-12-27,2018/19,Southampton,West Ham,1.0,2.0,A,2.3,3.5,3.3
2018-12-29,2018/19,Leicester,Cardiff,0.0,1.0,A,1.55,4.0,6.0
2018-12-29,2018/19,Fulham,Huddersfield,1.0,0.0,H,2.0,3.4,3.75
2018-12-29,2018/19,Liverpool,Arsenal,5.0,1.0,H,1.5,4.5,5.75
2018-12-29,2018/19,Tottenham,Wolves,1.0,3.0,A,1.33,5.0,8.5
2018-12-29,2018/19,Watford,Newcastle,1.0,1.0,D,1.85,3.6,4.0
2018-12-29,2018/19,Brighton,Everton,1.0,0.0,H,3.25,3.4,2.14
2018-12-30,2018/19,Burnley,West Ham,2.0,0.0,H,3.3,3.2,2.25
2018-12-30,2018/19,Crystal Palace,Chelsea,0.0,1.0,A,4.75,4.0,1.66
2018-12-30,2018/19,Man United,Bournemouth,4.0,1.0,H,1.33,4.75,10.0
2018-12-30,2018/19,Southampton,Man City,1.0,3.0,A,10.0,5.25,1.3
2019-01-01,2018/19,Everton,Leicester,0.0,1.0,A,2.0,3.5,4.2
2019-01-01,2018/19,Cardiff,Tottenham,0.0,3.0,A,7.5,4.5,1.5
2019-01-01,2018/19,Arsenal,Fulham,4.0,1.0,H,1.33,5.75,9.5
2019-01-02,2018/19,Bournemouth,Watford,3.0,3.0,D,2.6,3.6,2.75
2019-01-02,2018/19,Chelsea,Southampton,0.0,0.0,D,1.28,6.5,11.0
2019-01-02,2018/19,Huddersfield,Burnley,1.0,2.0,A,2.14,3.1,4.2
2019-01-02,2018/19,Newcastle,Man United,0.0,2.0,A,6.0,4.2,1.61
2019-01-02,2018/19,West Ham,Brighton,2.0,2.0,D,1.95,3.75,4.0
2019-01-02,2018/19,Wolves,Crystal Palace,0.0,2.0,A,2.0,3.4,4.33
2019-01-03,2018/19,Man City,Liverpool,2.0,1.0,H,2.04,3.8,3.6
2019-01-12,2018/19,West Ham,Arsenal,1.0,0.0,H,3.5,4.0,2.05
2019-01-12,2018/19,Cardiff,Huddersfield,0.0,0.0,D,2.25,3.25,3.6
2019-01-12,2018/19,Leicester,Southampton,1.0,2.0,A,1.95,3.5,4.33
2019-01-12,2018/19,Burnley,Fulham,2.0,1.0,H,2.4,3.3,3.25
2019-01-12,2018/19,Chelsea,Newcastle,2.0,1.0,H,1.22,7.0,15.0
2019-01-12,2018/19,Crystal Palace,Watford,1.0,2.0,A,2.25,3.4,3.5
2019-01-12,2018/19,Brighton,Liverpool,0.0,1.0,A,11.0,6.0,1.3
2019-01-13,2018/19,Everton,Bournemouth,2.0,0.0,H,1.75,4.0,4.8
2019-01-13,2018/19,Tottenham,Man United,0.0,1.0,A,2.05,3.7,3.75
2019-01-14,2018/19,Man City,Wolves,3.0,0.0,H,1.18,8.0,17.0
2019-01-19,2018/19,Arsenal,Chelsea,2.0,0.0,H,3.1,3.6,2.37
2019-01-19,2018/19,Bournemouth,West Ham,2.0,0.0,H,2.37,3.7,3.0
2019-01-19,2018/19,Liverpool,Crystal Palace,4.0,3.0,H,1.2,7.5,17.0
2019-01-19,2018/19,Man United,Brighton,2.0,1.0,H,1.3,5.75,12.0
2019-01-19,2018/19,Newcastle,Cardiff,3.0,0.0,H,1.95,3.4,4.5
2019-01-19,2018/19,Southampton,Everton,2.0,1.0,H,2.75,3.4,2.7
2019-01-19,2018/19,Watford,Burnley,0.0,0.0,D,1.65,4.0,5.75
2019-01-19,2018/19,Wolves,Leicester,4.0,3.0,H,2.37,3.2,3.4
2019-01-20,2018/19,Fulham,Tottenham,1.0,2.0,A,5.25,3.8,1.75
2019-01-20,2018/19,Huddersfield,Man City,0.0,3.0,A,21.0,8.5,1.16
2019-01-29,2018/19,Wolves,West Ham,3.0,0.0,H,2.1,3.5,3.75
2019-01-29,2018/19,Newcastle,Man City,2.0,1.0,H,19.0,8.0,1.18
2019-01-29,2018/19,Man United,Burnley,2.0,2.0,D,1.28,6.0,12.0
2019-01-29,2018/19,Arsenal,Cardiff,2.0,1.0,H,1.22,7.0,15.0
2019-01-29,2018/19,Fulham,Brighton,4.0,2.0,H,2.37,3.3,3.3
2019-01-29,2018/19,Huddersfield,Everton,0.0,1.0,A,4.0,3.3,2.1
2019-01-30,2018/19,Bournemouth,Chelsea,4.0,0.0,H,5.25,4.2,1.66
2019-01-30,2018/19,Liverpool,Leicester,1.0,1.0,D,1.22,7.0,15.0
2019-01-30,2018/19,Southampton,Crystal Palace,1.0,1.0,D,2.4,3.4,3.2
2019-01-30,2018/19,Tottenham,Watford,2.0,1.0,H,1.66,4.0,5.75
2019-02-02,2018/19,Brighton,Watford,0.0,0.0,D,2.55,3.3,3.0
2019-02-02,2018/19,Burnley,Southampton,1.0,1.0,D,2.55,3.5,2.87
2019-02-02,2018/19,Cardiff,Bournemouth,2.0,0.0,H,3.25,3.5,2.3
2019-02-02,2018/19,Chelsea,Huddersfield,5.0,0.0,H,1.2,7.5,19.0
2019-02-02,2018/19,Crystal Palace,Fulham,2.0,0.0,H,2.05,3.5,4.0
2019-02-02,2018/19,Everton,Wolves,1.0,3.0,A,2.37,3.4,3.25
2019-02-02,2018/19,Tottenham,Newcastle,1.0,0.0,H,1.44,4.5,9.0
2019-02-03,2018/19,Man City,Arsenal,3.0,1.0,H,1.33,6.0,9.0
2019-02-03,2018/19,Leicester,Man United,0.0,1.0,A,3.6,3.5,2.15
2019-02-04,2018/19,West Ham,Liverpool,1.0,1.0,D,8.0,5.25,1.4
2019-02-06,2018/19,Everton,Man City,0.0,2.0,A,10.0,6.25,1.3
2019-02-09,2018/19,Fulham,Man United,0.0,3.0,A,5.5,4.4,1.61
2019-02-09,2018/19,Huddersfield,Arsenal,1.0,2.0,A,5.75,4.4,1.6
2019-02-09,2018/19,Liverpool,Bournemouth,3.0,0.0,H,1.22,7.5,14.0
2019-02-09,2018/19,Southampton,Cardiff,1.0,2.0,A,1.75,3.9,5.0
2019-02-09,2018/19,Watford,Everton,1.0,0.0,H,2.35,3.5,3.2
2019-02-09,2018/19,Brighton,Burnley,1.0,3.0,A,2.05,3.3,4.2
2019-02-09,2018/19,Crystal Palace,West Ham,1.0,1.0,D,2.1,3.5,3.75
2019-02-10,2018/19,Man City,Chelsea,6.0,0.0,H,1.5,4.75,7.0
2019-02-10,2018/19,Tottenham,Leicester,3.0,1.0,H,1.7,3.9,5.5
2019-02-11,2018/19,Wolves,Newcastle,1.0,1.0,D,1.7,3.75,5.75
2019-02-22,2018/19,Cardiff,Watford,1.0,5.0,A,3.1,3.4,2.45
2019-02-22,2018/19,West Ham,Fulham,3.0,1.0,H,1.95,3.8,4.0
2019-02-23,2018/19,Bournemouth,Wolves,1.0,1.0,D,2.87,3.4,2.62
2019-02-23,2018/19,Burnley,Tottenham,2.0,1.0,H,5.75,3.8,1.7
2019-02-23,2018/19,Leicester,Crystal Palace,1.0,4.0,A,2.25,3.4,3.5
2019-02-23,2018/19,Newcastle,Huddersfield,2.0,0.0,H,1.83,3.5,5.25
2019-02-24,2018/19,Arsenal,Southampton,2.0,0.0,H,1.5,4.75,7.0
2019-02-24,2018/19,Man United,Liverpool,0.0,0.0,D,3.1,3.5,2.37
2019-02-26,2018/19,Newcastle,Burnley,2.0,0.0,H,2.15,3.3,3.9
2019-02-26,2018/19,Leicester,Brighton,2.0,1.0,H,1.9,3.5,4.6
2019-02-26,2018/19,Huddersfield,Wolves,1.0,0.0,H,5.0,3.5,1.85
2019-02-26,2018/19,Cardiff,Everton,0.0,3.0,A,3.75,3.4,2.15
2019-02-27,2018/19,Arsenal,Bournemouth,5.0,1.0,H,1.44,5.0,7.5
2019-02-27,2018/19,Chelsea,Tottenham,2.0,0.0,H,2.3,3.5,3.25
2019-02-27,2018/19,Crystal Palace,Man United,1.0,3.0,A,3.25,3.5,2.3
2019-02-27,2018/19,Liverpool,Watford,5.0,0.0,H,1.28,6.0,12.0
2019-02-27,2018/19,Man City,West Ham,1.0,0.0,H,1.16,9.0,19.0
2019-02-27,2018/19,Southampton,Fulham,2.0,0.0,H,1.9,3.7,4.33
2019-03-02,2018/19,Bournemouth,Man City,0.0,1.0,A,13.0,7.5,1.22
2019-03-02,2018/19,Brighton,Huddersfield,1.0,0.0,H,1.85,3.4,5.25
2019-03-02,2018/19,Burnley,Crystal Palace,1.0,3.0,A,2.8,3.3,2.75
2019-03-02,2018/19,Man United,Southampton,3.0,2.0,H,1.45,4.5,8.5
2019-03-02,2018/19,Tottenham,Arsenal,1.0,1.0,D,2.05,3.7,3.75
2019-03-02,2018/19,West Ham,Newcastle,2.0,0.0,H,2.15,3.5,3.6
2019-03-02,2018/19,Wolves,Cardiff,2.0,0.0,H,1.5,4.33,8.0
2019-03-03,2018/19,Watford,Leicester,2.0,1.0,H,2.55,3.3,3.0
2019-03-03,2018/19,Fulham,Chelsea,1.0,2.0,A,6.5,4.5,1.53
2019-03-03,2018/19,Everton,Liverpool,0.0,0.0,D,6.0,4.2,1.61
2019-03-09,2018/19,Cardiff,West Ham,2.0,0.0,H,3.6,3.5,2.15
2019-03-09,2018/19,Crystal Palace,Brighton,1.0,2.0,A,1.83,3.6,5.0
2019-03-09,2018/19,Huddersfield,Bournemouth,0.0,2.0,A,3.4,3.3,2.35
2019-03-09,2018/19,Leicester,Fulham,3.0,1.0,H,1.57,4.5,6.0
2019-03-09,2018/19,Man City,Watford,3.0,1.0,H,1.16,9.0,19.0
2019-03-09,2018/19,Newcastle,Everton,3.0,2.0,H,2.8,3.25,2.8
2019-03-09,2018/19,Southampton,Tottenham,2.0,1.0,H,4.5,3.8,1.85
2019-03-10,2018/19,Arsenal,Man United,2.0,0.0,H,2.4,3.6,3.0
2019-03-10,2018/19,Chelsea,Wolves,1.0,1.0,D,1.55,4.2,7.0
2019-03-10,2018/19,Liverpool,Burnley,4.0,2.0,H,1.16,8.5,21.0
2019-03-16,2018/19,Burnley,Leicester,1.0,2.0,A,3.1,3.4,2.45
2019-03-16,2018/19,West Ham,Huddersfield,4.0,3.0,H,1.55,4.2,7.0
2019-03-16,2018/19,Bournemouth,Newcastle,2.0,2.0,D,2.05,3.6,3.8
2019-03-17,2018/19,Everton,Chelsea,2.0,0.0,H,4.0,3.8,1.95
2019-03-17,2018/19,Fulham,Liverpool,1.0,2.0,A,12.0,7.0,1.25
2019-03-30,2018/19,West Ham,Everton,0.0,2.0,A,2.55,3.5,2.9
2019-03-30,2018/19,Man United,Watford,2.0,1.0,H,1.44,4.75,8.0
2019-03-30,2018/19,Leicester,Bournemouth,2.0,0.0,H,1.85,3.8,4.5
2019-03-30,2018/19,Crystal Palace,Huddersfield,2.0,0.0,H,1.45,4.4,9.0
2019-03-30,2018/19,Burnley,Wolves,2.0,0.0,H,3.2,3.25,2.45
2019-03-30,2018/19,Brighton,Southampton,0.0,1.0,A,2.55,3.2,3.1
2019-03-30,2018/19,Fulham,Man City,0.0,2.0,A,21.0,11.0,1.12
2019-03-31,2018/19,Cardiff,Chelsea,1.0,2.0,A,9.0,4.5,1.44
2019-03-31,2018/19,Liverpool,Tottenham,2.0,1.0,H,1.61,4.2,6.0
2019-04-01,2018/19,Arsenal,Newcastle,2.0,0.0,H,1.36,5.25,9.5
2019-04-02,2018/19,Watford,Fulham,4.0,1.0,H,1.72,4.0,5.0
2019-04-02,2018/19,Wolves,Man United,2.0,1.0,H,4.0,3.6,2.0
2019-04-03,2018/19,Man City,Cardiff,2.0,0.0,H,1.06,17.0,34.0
2019-04-03,2018/19,Chelsea,Brighton,3.0,0.0,H,1.25,6.5,15.0
2019-04-03,2018/19,Tottenham,Crystal Palace,2.0,0.0,H,1.45,5.0,7.5
2019-04-05,2018/19,Southampton,Liverpool,1.0,3.0,A,9.0,5.0,1.4
2019-04-06,2018/19,Bournemouth,Burnley,1.0,3.0,A,2.1,3.6,3.75
2019-04-06,2018/19,Huddersfield,Leicester,1.0,4.0,A,5.0,4.0,1.72
2019-04-06,2018/19,Newcastle,Crystal Palace,0.0,1.0,A,2.6,3.25,3.0
2019-04-07,2018/19,Everton,Arsenal,1.0,0.0,H,3.0,3.75,2.35
2019-04-08,2018/19,Chelsea,West Ham,2.0,0.0,H,1.33,5.75,9.5
2019-04-12,2018/19,Leicester,Newcastle,0.0,1.0,A,1.66,4.0,5.75
2019-04-13,2018/19,Tottenham,Huddersfield,4.0,0.0,H,1.22,7.0,15.0
2019-04-13,2018/19,Brighton,Bournemouth,0.0,5.0,A,2.3,3.4,3.4
2019-04-13,2018/19,Burnley,Cardiff,2.0,0.0,H,1.9,3.6,4.5
2019-04-13,2018/19,Fulham,Everton,2.0,0.0,H,5.0,4.0,1.75
2019-04-13,2018/19,Man United,West Ham,2.0,1.0,H,1.4,5.25,8.5
2019-04-13,2018/19,Southampton,Wolves,3.0,1.0,H,2.6,3.25,3.0
2019-04-14,2018/19,Crystal Palace,Man City,1.0,3.0,A,11.0,6.0,1.3
2019-04-14,2018/19,Liverpool,Chelsea,2.0,0.0,H,1.66,4.2,5.25
2019-04-15,2018/19,Watford,Arsenal,0.0,1.0,A,3.2,3.75,2.25
2019-04-16,2018/19,Brighton,Cardiff,0.0,2.0,A,2.0,3.3,4.5
2019-04-20,2018/19,Bournemouth,Fulham,0.0,1.0,A,1.65,4.4,5.25
2019-04-20,2018/19,Huddersfield,Watford,1.0,2.0,A,4.4,3.9,1.85
2019-04-20,2018/19,Man City,Tottenham,1.0,0.0,H,1.3,6.0,11.0
2019-04-20,2018/19,Newcastle,Southampton,3.0,1.0,H,2.55,3.2,3.1
2019-04-20,2018/19,West Ham,Leicester,2.0,2.0,D,3.3,3.5,2.3
2019-04-20,2018/19,Wolves,Brighton,0.0,0.0,D,1.75,3.5,6.0
2019-04-21,2018/19,Everton,Man United,4.0,0.0,H,3.25,3.5,2.3
2019-04-21,2018/19,Cardiff,Liverpool,0.0,2.0,A,17.0,7.5,1.2
2019-04-21,2018/19,Arsenal,Crystal Palace,2.0,3.0,A,1.53,4.6,6.5
2019-04-22,2018/19,Chelsea,Burnley,2.0,2.0,D,1.25,6.25,15.0
2019-04-23,2018/19,Tottenham,Brighton,1.0,0.0,H,1.28,6.0,13.0
2019-04-23,2018/19,Watford,Southampton,1.0,1.0,D,2.25,3.5,3.4
2019-04-24,2018/19,Man United,Man City,0.0,2.0,A,7.5,5.0,1.44
2019-04-24,2018/19,Wolves,Arsenal,3.0,1.0,H,2.9,3.5,2.55
2019-04-26,2018/19,Liverpool,Huddersfield,5.0,0.0,H,1.07,15.0,41.0
2019-04-27,2018/19,Watford,Wolves,1.0,2.0,A,2.62,3.3,2.9
2019-04-27,2018/19,Tottenham,West Ham,0.0,1.0,A,1.4,5.5,7.5
2019-04-27,2018/19,Southampton,Bournemouth,3.0,3.0,D,1.9,3.9,4.1
2019-04-27,2018/19,Fulham,Cardiff,1.0,0.0,H,2.4,3.6,3.0
2019-04-27,2018/19,Crystal Palace,Everton,0.0,0.0,D,2.62,3.5,2.8
2019-04-27,2018/19,Brighton,Newcastle,1.0,1.0,D,2.3,3.2,3.6
2019-04-28,2018/19,Man United,Chelsea,1.0,1.0,D,2.7,3.5,2.7
2019-04-28,2018/19,Burnley,Man City,0.0,1.0,A,23.0,9.0,1.14
2019-04-28,2018/19,Leicester,Arsenal,3.0,0.0,H,2.75,3.6,2.6
2019-05-03,2018/19,Everton,Burnley,2.0,0.0,H,1.66,4.0,5.75
2019-05-04,2018/19,Bournemouth,Tottenham,1.0,0.0,H,4.0,4.0,1.9
2019-05-04,2018/19,Cardiff,Crystal Palace,2.0,3.0,A,2.6,3.75,2.7
2019-05-04,2018/19,Newcastle,Liverpool,2.0,3.0,A,9.5,5.25,1.36
2019-05-04,2018/19,West Ham,Southampton,3.0,0.0,H,2.3,3.75,3.1
2019-05-04,2018/19,Wolves,Fulham,1.0,0.0,H,1.53,4.2,7.5
2019-05-05,2018/19,Huddersfield,Man United,1.0,1.0,D,11.0,6.0,1.3
2019-05-05,2018/19,Chelsea,Watford,3.0,0.0,H,1.4,5.25,8.0
2019-05-05,2018/19,Arsenal,Brighton,1.0,1.0,D,1.4,5.0,9.0
2019-05-06,2018/19,Man City,Leicester,1.0,0.0,H,1.12,8.5,17.0
2019-05-12,2018/19,Burnley,Arsenal,1.0,3.0,A,3.25,3.8,2.2
2019-05-12,2018/19,Crystal Palace,Bournemouth,5.0,3.0,H,1.9,4.2,3.8
2019-05-12,2018/19,Fulham,Newcastle,0.0,4.0,A,2.5,3.6,2.9
2019-05-12,2018/19,Leicester,Chelsea,0.0,0.0,D,2.4,3.75,2.9
2019-05-12,2018/19,Liverpool,Wolves,2.0,0.0,H,1.3,6.0,11.0
2019-05-12,2018/19,Man United,Cardiff,0.0,2.0,A,1.28,6.5,11.0
2019-05-12,2018/19,Southampton,Huddersfield,1.0,1.0,D,1.44,4.75,8.5
2019-05-12,2018/19,Tottenham,Everton,2.0,2.0,D,2.2,3.5,3.5
2019-05-12,2018/19,Watford,West Ham,1.0,4.0,A,2.25,3.75,3.2
2019-05-12,2018/19,Brighton,Man City,1.0,4.0,A,19.0,8.5,1.16
2019-08-09,2019/20,Liverpool,Norwich,4.0,1.0,H,1.14,10.0,19.0
2019-08-10,2019/20,West Ham,Man City,0.0,5.0,A,12.0,6.5,1.22
2019-08-10,2019/20,Bournemouth,Sheffield United,1.0,1.0,D,1.95,3.6,3.6
2019-08-10,2019/20,Burnley,Southampton,3.0,0.0,H,2.62,3.2,2.75
2019-08-10,2019/20,Crystal Palace,Everton,0.0,0.0,D,3.0,3.25,2.37
2019-08-10,2019/20,Watford,Brighton,0.0,3.0,A,1.9,3.4,4.0
2019-08-10,2019/20,Tottenham,Aston Villa,3.0,1.0,H,1.3,5.25,10.0
2019-08-11,2019/20,Newcastle,Arsenal,0.0,1.0,A,4.5,3.75,1.72
2019-08-11,2019/20,Man United,Chelsea,4.0,0.0,H,2.1,3.3,3.5
2019-08-11,2019/20,Leicester,Wolves,0.0,0.0,D,2.2,3.2,3.4
2019-08-17,2019/20,Man City,Tottenham,2.0,2.0,D,1.36,5.25,8.0
2019-08-17,2019/20,Arsenal,Burnley,2.0,1.0,H,1.3,5.5,10.0
2019-08-17,2019/20,Aston Villa,Bournemouth,1.0,2.0,A,2.3,3.4,3.1
2019-08-17,2019/20,Everton,Watford,1.0,0.0,H,1.72,3.8,4.75
2019-08-17,2019/20,Norwich,Newcastle,3.0,1.0,H,2.25,3.3,3.3
2019-08-17,2019/20,Southampton,Liverpool,1.0,2.0,A,6.5,4.75,1.44
2019-08-17,2019/20,Brighton,West Ham,1.0,1.0,D,2.55,3.25,2.87
2019-08-18,2019/20,Chelsea,Leicester,1.0,1.0,D,1.7,3.75,5.0
2019-08-18,2019/20,Sheffield United,Crystal Palace,1.0,0.0,H,2.55,3.1,2.9
2019-08-19,2019/20,Wolves,Man United,1.0,1.0,D,3.3,3.3,2.25
2019-08-23,2019/20,Aston Villa,Everton,2.0,0.0,H,3.25,3.5,2.15
2019-08-24,2019/20,Liverpool,Arsenal,3.0,1.0,H,1.5,4.6,6.0
2019-08-24,2019/20,Watford,West Ham,1.0,3.0,A,2.05,3.5,3.5
2019-08-24,2019/20,Sheffield United,Leicester,1.0,2.0,A,3.3,3.3,2.25
2019-08-24,2019/20,Brighton,Southampton,0.0,2.0,A,2.4,3.3,3.0
2019-08-24,2019/20,Norwich,Chelsea,2.0,3.0,A,4.33,3.75,1.8
2019-08-24,2019/20,Man United,Crystal Palace,1.0,2.0,A,1.33,5.25,9.0
2019-08-25,2019/20,Bournemouth,Man City,1.0,3.0,A,15.0,7.5,1.16
2019-08-25,2019/20,Tottenham,Newcastle,0.0,1.0,A,1.2,6.5,14.0
2019-08-25,2019/20,Wolves,Burnley,1.0,1.0,D,1.85,3.4,4.5
2019-08-31,2019/20,Burnley,Liverpool,0.0,3.0,A,9.5,5.5,1.3
2019-08-31,2019/20,Newcastle,Watford,1.0,1.0,D,2.5,3.25,2.87
2019-08-31,2019/20,West Ham,Norwich,2.0,0.0,H,1.85,3.9,3.9
2019-08-31,2019/20,Man City,Brighton,4.0,0.0,H,1.08,10.0,26.0
2019-08-31,2019/20,Chelsea,Sheffield United,2.0,2.0,D,1.36,4.75,9.0
2019-08-31,2019/20,Crystal Palace,Aston Villa,1.0,0.0,H,2.15,3.3,3.5
2019-08-31,2019/20,Southampton,Man United,1.0,1.0,D,3.8,3.3,2.05
2019-08-31,2019/20,Leicester,Bournemouth,3.0,1.0,H,1.7,4.0,4.75
2019-09-01,2019/20,Everton,Wolves,3.0,2.0,H,2.2,3.25,3.5
2019-09-01,2019/20,Arsenal,Tottenham,2.0,2.0,D,2.37,3.6,2.8
2019-09-14,2019/20,Norwich,Man City,3.0,2.0,H,15.0,9.0,1.14
2019-09-14,2019/20,Tottenham,Crystal Palace,4.0,0.0,H,1.36,5.25,8.0
2019-09-14,2019/20,Wolves,Chelsea,2.0,5.0,A,2.9,3.3,2.5
2019-09-14,2019/20,Sheffield United,Southampton,0.0,1.0,A,2.45,3.2,3.0
2019-09-14,2019/20,Brighton,Burnley,1.0,1.0,D,2.15,3.3,3.5
2019-09-14,2019/20,Liverpool,Newcastle,3.0,1.0,H,1.14,8.5,17.0
2019-09-14,2019/20,Man United,Leicester,1.0,0.0,H,1.95,3.5,4.0
2019-09-15,2019/20,Bournemouth,Everton,3.0,1.0,H,2.9,3.5,2.4
2019-09-15,2019/20,Watford,Arsenal,2.0,2.0,D,3.6,3.6,2.0
2019-09-16,2019/20,Aston Villa,West Ham,0.0,0.0,D,2.62,3.5,2.6
2019-09-20,2019/20,Southampton,Bournemouth,1.0,3.0,A,2.05,3.6,3.5
2019-09-21,2019/20,Everton,Sheffield United,0.0,2.0,A,1.61,3.75,6.0
2019-09-21,2019/20,Leicester,Tottenham,2.0,1.0,H,2.87,3.5,2.37
2019-09-21,2019/20,Burnley,Norwich,2.0,0.0,H,2.0,3.8,3.5
2019-09-21,2019/20,Man City,Watford,8.0,0.0,H,1.1,11.0,21.0
2019-09-21,2019/20,Newcastle,Brighton,0.0,0.0,D,2.5,3.2,3.0
2019-09-22,2019/20,Crystal Palace,Wolves,1.0,1.0,D,2.62,3.1,2.87
2019-09-22,2019/20,West Ham,Man United,2.0,0.0,H,3.1,3.6,2.2
2019-09-22,2019/20,Arsenal,Aston Villa,3.0,2.0,H,1.4,4.75,8.0
2019-09-22,2019/20,Chelsea,Liverpool,1.0,2.0,A,3.5,3.75,2.0
2019-09-28,2019/20,Wolves,Watford,2.0,0.0,H,1.85,3.4,4.5
2019-09-28,2019/20,Everton,Man City,1.0,3.0,A,10.0,5.5,1.3
2019-09-28,2019/20,Tottenham,Southampton,2.0,1.0,H,1.4,4.75,8.0
2019-09-28,2019/20,Crystal Palace,Norwich,2.0,0.0,H,1.9,3.75,3.75
2019-09-28,2019/20,Sheffield United,Liverpool,0.0,1.0,A,9.0,5.25,1.33
2019-09-28,2019/20,Bournemouth,West Ham,2.0,2.0,D,2.5,3.5,2.75
2019-09-28,2019/20,Aston Villa,Burnley,2.0,2.0,D,2.3,3.4,3.1
2019-09-28,2019/20,Chelsea,Brighton,2.0,0.0,H,1.4,4.75,8.0
2019-09-29,2019/20,Leicester,Newcastle,5.0,0.0,H,1.5,4.0,7.5
2019-09-30,2019/20,Man United,Arsenal,1.0,1.0,D,2.37,3.5,2.9
2019-10-05,2019/20,West Ham,Crystal Palace,1.0,2.0,A,1.95,3.6,3.8
2019-10-05,2019/20,Watford,Sheffield United,0.0,0.0,D,2.05,3.4,3.6
2019-10-05,2019/20,Liverpool,Leicester,2.0,1.0,H,1.44,4.75,7.0
2019-10-05,2019/20,Norwich,Aston Villa,1.0,5.0,A,2.37,3.6,2.8
2019-10-05,2019/20,Brighton,Tottenham,3.0,0.0,H,3.9,3.6,1.9
2019-10-05,2019/20,Burnley,Everton,1.0,0.0,H,2.87,3.3,2.5
2019-10-06,2019/20,Arsenal,Bournemouth,1.0,0.0,H,1.44,4.75,7.0
2019-10-06,2019/20,Man City,Wolves,0.0,2.0,A,1.12,9.0,21.0
2019-10-06,2019/20,Southampton,Chelsea,1.0,4.0,A,4.0,3.8,1.85
2019-10-06,2019/20,Newcastle,Man United,1.0,0.0,H,4.5,3.5,1.85
2019-10-19,2019/20,Leicester,Burnley,2.0,1.0,H,1.57,4.0,6.0
2019-10-19,2019/20,Crystal Palace,Man City,0.0,2.0,A,12.0,7.0,1.22
2019-10-19,2019/20,Tottenham,Watford,1.0,1.0,D,1.4,5.0,7.5
2019-10-19,2019/20,Chelsea,Newcastle,1.0,0.0,H,1.3,5.5,10.0
2019-10-19,2019/20,Wolves,Southampton,1.0,1.0,D,1.8,3.6,4.5
2019-10-19,2019/20,Aston Villa,Brighton,2.0,1.0,H,2.35,3.4,3.0
2019-10-19,2019/20,Bournemouth,Norwich,0.0,0.0,D,1.72,4.2,4.2
2019-10-19,2019/20,Everton,West Ham,2.0,0.0,H,1.95,3.75,3.75
2019-10-20,2019/20,Man United,Liverpool,1.0,1.0,D,5.25,3.8,1.65
2019-10-21,2019/20,Sheffield United,Arsenal,1.0,0.0,H,3.9,3.75,1.9
2019-10-25,2019/20,Southampton,Leicester,0.0,9.0,A,3.1,3.4,2.3
2019-10-26,2019/20,Burnley,Chelsea,2.0,4.0,A,4.5,4.0,1.72
2019-10-26,2019/20,Watford,Bournemouth,0.0,0.0,D,2.15,3.6,3.25
2019-10-26,2019/20,West Ham,Sheffield United,1.0,1.0,D,2.1,3.5,3.5
2019-10-26,2019/20,Man City,Aston Villa,3.0,0.0,H,1.08,11.0,26.0
2019-10-26,2019/20,Brighton,Everton,3.0,2.0,H,2.9,3.25,2.5
2019-10-27,2019/20,Newcastle,Wolves,1.0,1.0,D,3.0,3.1,2.55
2019-10-27,2019/20,Arsenal,Crystal Palace,2.0,2.0,D,1.45,4.75,6.5
2019-10-27,2019/20,Liverpool,Tottenham,2.0,1.0,H,1.5,4.33,6.5
2019-10-27,2019/20,Norwich,Man United,1.0,3.0,A,4.33,4.0,1.75
2019-11-02,2019/20,Man City,Southampton,2.0,1.0,H,1.07,13.0,23.0
2019-11-02,2019/20,West Ham,Newcastle,2.0,3.0,A,1.75,3.8,4.5
2019-11-02,2019/20,Sheffield United,Burnley,3.0,0.0,H,2.25,3.2,3.4
2019-11-02,2019/20,Watford,Chelsea,1.0,2.0,A,5.0,4.33,1.61
2019-11-02,2019/20,Brighton,Norwich,2.0,0.0,H,1.72,4.2,4.33
2019-11-02,2019/20,Arsenal,Wolves,1.0,1.0,D,1.75,3.75,4.75
2019-11-02,2019/20,Bournemouth,Man United,1.0,0.0,H,3.25,3.6,2.15
2019-11-02,2019/20,Aston Villa,Liverpool,1.0,2.0,A,9.0,5.0,1.33
2019-11-03,2019/20,Crystal Palace,Leicester,0.0,2.0,A,3.5,3.4,2.1
2019-11-03,2019/20,Everton,Tottenham,1.0,1.0,D,2.7,3.4,2.6
2019-11-08,2019/20,Norwich,Watford,0.0,2.0,A,2.7,3.5,2.55
2019-11-09,2019/20,Leicester,Arsenal,2.0,0.0,H,2.0,3.75,3.5
2019-11-09,2019/20,Tottenham,Sheffield United,1.0,1.0,D,1.57,4.0,6.0
2019-11-09,2019/20,Southampton,Everton,1.0,2.0,A,2.9,3.3,2.45
2019-11-09,2019/20,Newcastle,Bournemouth,2.0,1.0,H,2.55,3.25,2.8
2019-11-09,2019/20,Chelsea,Crystal Palace,2.0,0.0,H,1.33,5.0,10.0
2019-11-09,2019/20,Burnley,West Ham,3.0,0.0,H,2.25,3.5,3.1
2019-11-10,2019/20,Man United,Brighton,3.0,1.0,H,1.6,3.75,6.5
2019-11-10,2019/20,Wolves,Aston Villa,2.0,1.0,H,1.9,3.5,4.2
2019-11-10,2019/20,Liverpool,Man City,3.0,1.0,H,2.5,3.6,2.62
2019-11-23,2019/20,Everton,Norwich,0.0,2.0,A,1.36,5.1,8.0
2019-11-23,2019/20,Man City,Chelsea,2.0,1.0,H,1.44,5.0,6.5
2019-11-23,2019/20,Crystal Palace,Liverpool,1.0,2.0,A,7.5,4.75,1.4
2019-11-23,2019/20,Watford,Burnley,0.0,3.0,A,2.3,3.4,3.1
2019-11-23,2019/20,Bournemouth,Wolves,1.0,2.0,A,2.75,3.3,2.6
2019-11-23,2019/20,West Ham,Tottenham,2.0,3.0,A,4.2,4.33,1.7
2019-11-23,2019/20,Brighton,Leicester,0.0,2.0,A,3.75,3.5,2.0
2019-11-23,2019/20,Arsenal,Southampton,2.0,2.0,D,1.45,4.75,6.5
2019-11-24,2019/20,Sheffield United,Man United,3.0,3.0,D,3.5,3.4,2.1
2019-11-25,2019/20,Aston Villa,Newcastle,2.0,0.0,H,2.05,3.4,3.7
2019-11-30,2019/20,Newcastle,Man City,2.0,2.0,D,13.0,8.0,1.16
2019-11-30,2019/20,Burnley,Crystal Palace,0.0,2.0,A,2.25,3.25,3.3
2019-11-30,2019/20,Chelsea,West Ham,0.0,1.0,A,1.28,6.0,9.0
2019-11-30,2019/20,Liverpool,Brighton,2.0,1.0,H,1.18,7.0,15.0
2019-11-30,2019/20,Tottenham,Bournemouth,3.0,2.0,H,1.36,5.5,7.5
2019-11-30,2019/20,Southampton,Watford,2.0,1.0,H,2.1,3.4,3.5
2019-12-01,2019/20,Norwich,Arsenal,2.0,2.0,D,4.0,4.33,1.75
2019-12-01,2019/20,Wolves,Sheffield United,1.0,1.0,D,1.9,3.5,4.2
2019-12-01,2019/20,Leicester,Everton,2.0,1.0,H,1.61,4.0,5.25
2019-12-01,2019/20,Man United,Aston Villa,2.0,2.0,D,1.45,4.5,7.0
2019-12-03,2019/20,Burnley,Man City,1.0,4.0,A,11.0,7.0,1.22
2019-12-03,2019/20,Crystal Palace,Bournemouth,1.0,0.0,H,2.2,3.4,3.25
2019-12-04,2019/20,Leicester,Watford,2.0,0.0,H,1.33,5.5,8.0
2019-12-04,2019/20,Man United,Tottenham,2.0,1.0,H,2.75,3.4,2.55
2019-12-04,2019/20,Southampton,Norwich,2.0,1.0,H,1.72,4.0,4.2
2019-12-04,2019/20,Wolves,West Ham,2.0,0.0,H,1.75,3.7,4.75
2019-12-04,2019/20,Liverpool,Everton,5.0,2.0,H,1.36,5.0,8.5
2019-12-04,2019/20,Chelsea,Aston Villa,2.0,1.0,H,1.28,5.75,10.0
2019-12-05,2019/20,Sheffield United,Newcastle,0.0,2.0,A,1.83,3.4,4.6
2019-12-05,2019/20,Arsenal,Brighton,1.0,2.0,A,1.57,4.33,5.5
2019-12-07,2019/20,Everton,Chelsea,3.0,1.0,H,3.5,3.75,2.0
2019-12-07,2019/20,Bournemouth,Liverpool,0.0,3.0,A,7.0,5.25,1.4
2019-12-07,2019/20,Tottenham,Burnley,5.0,0.0,H,1.4,4.75,8.0
2019-12-07,2019/20,Watford,Crystal Palace,0.0,0.0,D,2.37,3.3,3.1
2019-12-07,2019/20,Man City,Man United,1.0,2.0,A,1.3,5.5,10.0
2019-12-08,2019/20,Brighton,Wolves,2.0,2.0,D,2.62,3.1,2.87
2019-12-08,2019/20,Norwich,Sheffield United,1.0,2.0,A,2.9,3.5,2.37
2019-12-08,2019/20,Newcastle,Southampton,2.0,1.0,H,2.5,3.2,2.9
2019-12-08,2019/20,Aston Villa,Leicester,1.0,4.0,A,4.33,3.8,1.8
2019-12-09,2019/20,West Ham,Arsenal,1.0,3.0,A,3.3,4.0,2.0
2019-12-14,2019/20,Liverpool,Watford,2.0,0.0,H,1.16,7.5,17.0
2019-12-14,2019/20,Burnley,Newcastle,1.0,0.0,H,1.95,3.4,4.0
2019-12-14,2019/20,Chelsea,Bournemouth,0.0,1.0,A,1.25,6.0,12.0
2019-12-14,2019/20,Leicester,Norwich,1.0,1.0,D,1.22,6.5,13.0
2019-12-14,2019/20,Sheffield United,Aston Villa,2.0,0.0,H,1.85,3.75,4.2
2019-12-14,2019/20,Southampton,West Ham,0.0,1.0,A,1.9,3.8,3.8
2019-12-15,2019/20,Man United,Everton,1.0,1.0,D,1.8,3.7,4.5
2019-12-15,2019/20,Wolves,Tottenham,1.0,2.0,A,3.25,3.4,2.25
2019-12-15,2019/20,Arsenal,Man City,0.0,3.0,A,6.0,5.25,1.44
2019-12-16,2019/20,Crystal Palace,Brighton,1.0,1.0,D,2.55,3.25,2.87
2019-12-21,2019/20,Newcastle,Crystal Palace,1.0,0.0,H,2.37,3.1,3.25
2019-12-21,2019/20,Man City,Leicester,3.0,1.0,H,1.36,5.25,7.5
2019-12-21,2019/20,Norwich,Wolves,1.0,2.0,A,3.75,3.8,1.9
2019-12-21,2019/20,Brighton,Sheffield United,0.0,1.0,A,2.2,3.25,3.5
2019-12-21,2019/20,Aston Villa,Southampton,1.0,3.0,A,2.4,3.6,2.8
2019-12-21,2019/20,Everton,Arsenal,0.0,0.0,D,2.3,3.8,2.87
2019-12-21,2019/20,Bournemouth,Burnley,0.0,1.0,A,2.4,3.4,2.9
2019-12-22,2019/20,Watford,Man United,2.0,0.0,H,4.33,4.0,1.75
2019-12-22,2019/20,Tottenham,Chelsea,0.0,2.0,A,2.37,3.75,2.75
2019-12-26,2019/20,Tottenham,Brighton,2.0,1.0,H,1.53,4.33,6.0
2019-12-26,2019/20,Aston Villa,Norwich,1.0,0.0,H,2.1,3.75,3.3
2019-12-26,2019/20,Bournemouth,Arsenal,1.0,1.0,D,3.5,3.9,1.95
2019-12-26,2019/20,Chelsea,Southampton,0.0,2.0,A,1.33,5.25,9.0
2019-12-26,2019/20,Crystal Palace,West Ham,2.0,1.0,H,2.3,3.4,3.1
2019-12-26,2019/20,Everton,Burnley,1.0,0.0,H,1.7,3.75,5.0
2019-12-26,2019/20,Sheffield United,Watford,1.0,1.0,D,1.83,3.6,4.33
2019-12-26,2019/20,Man United,Newcastle,4.0,1.0,H,1.33,5.25,9.0
2019-12-26,2019/20,Leicester,Liverpool,0.0,4.0,A,3.4,3.75,2.05
2019-12-27,2019/20,Wolves,Man City,3.0,2.0,H,8.5,5.0,1.36
2019-12-28,2019/20,Newcastle,Everton,1.0,2.0,A,3.6,3.4,2.05
2019-12-28,2019/20,Southampton,Crystal Palace,1.0,1.0,D,1.95,3.6,3.8
2019-12-28,2019/20,Burnley,Man United,0.0,2.0,A,4.33,3.75,1.8
2019-12-28,2019/20,West Ham,Leicester,1.0,2.0,A,4.0,3.9,1.83
2019-12-28,2019/20,Brighton,Bournemouth,2.0,0.0,H,1.75,3.9,4.33
2019-12-28,2019/20,Watford,Aston Villa,3.0,0.0,H,1.95,3.8,3.6
2019-12-28,2019/20,Norwich,Tottenham,2.0,2.0,D,5.0,4.0,1.66
2019-12-29,2019/20,Arsenal,Chelsea,1.0,2.0,A,2.87,3.75,2.3
2019-12-29,2019/20,Liverpool,Wolves,1.0,0.0,H,1.25,5.75,12.0
2019-12-29,2019/20,Man City,Sheffield United,2.0,0.0,H,1.16,7.5,16.0
2020-01-01,2019/20,Arsenal,Man United,2.0,0.0,H,2.55,3.6,2.62
2020-01-01,2019/20,Norwich,Crystal Palace,1.0,1.0,D,2.5,3.4,2.75
2020-01-01,2019/20,Man City,Everton,2.0,1.0,H,1.25,6.5,10.0
2020-01-01,2019/20,West Ham,Bournemouth,4.0,0.0,H,1.9,3.75,3.8
2020-01-01,2019/20,Southampton,Tottenham,1.0,0.0,H,3.3,3.5,2.1
2020-01-01,2019/20,Newcastle,Leicester,0.0,3.0,A,5.0,3.8,1.66
2020-01-01,2019/20,Watford,Wolves,2.0,1.0,H,3.0,3.4,2.3
2020-01-01,2019/20,Burnley,Aston Villa,1.0,2.0,A,1.75,3.8,4.33
2020-01-01,2019/20,Brighton,Chelsea,1.0,1.0,D,3.6,3.6,1.95
2020-01-02,2019/20,Liverpool,Sheffield United,2.0,0.0,H,1.2,6.5,13.0
2020-01-10,2019/20,Sheffield United,West Ham,1.0,0.0,H,1.95,3.4,4.0
2020-01-11,2019/20,Crystal Palace,Arsenal,1.0,1.0,D,4.1,3.9,1.8
2020-01-11,2019/20,Chelsea,Burnley,3.0,0.0,H,1.28,5.5,11.0
2020-01-11,2019/20,Everton,Brighton,1.0,0.0,H,1.85,3.8,4.0
2020-01-11,2019/20,Man United,Norwich,4.0,0.0,H,1.33,5.25,8.5
2020-01-11,2019/20,Wolves,Newcastle,1.0,1.0,D,1.44,4.5,7.5
2020-01-11,2019/20,Tottenham,Liverpool,0.0,1.0,A,4.5,4.33,1.66
2020-01-11,2019/20,Leicester,Southampton,1.0,2.0,A,1.6,4.0,5.5
2020-01-12,2019/20,Bournemouth,Watford,0.0,3.0,A,2.6,3.3,2.7
2020-01-12,2019/20,Aston Villa,Man City,1.0,6.0,A,13.0,8.5,1.16
2020-01-18,2019/20,Southampton,Wolves,2.0,3.0,A,2.4,3.4,3.0
2020-01-18,2019/20,Newcastle,Chelsea,1.0,0.0,H,6.0,4.5,1.5
2020-01-18,2019/20,West Ham,Everton,1.0,1.0,D,2.9,3.5,2.37
2020-01-18,2019/20,Man City,Crystal Palace,2.0,2.0,D,1.1,11.0,19.0
2020-01-18,2019/20,Brighton,Aston Villa,1.0,1.0,D,1.66,4.0,5.0
2020-01-18,2019/20,Arsenal,Sheffield United,1.0,1.0,D,1.83,3.6,4.33
2020-01-18,2019/20,Watford,Tottenham,0.0,0.0,D,3.25,3.5,2.2
2020-01-18,2019/20,Norwich,Bournemouth,1.0,0.0,H,2.2,3.5,3.25
2020-01-19,2019/20,Burnley,Leicester,2.0,1.0,H,4.33,3.75,1.83
2020-01-19,2019/20,Liverpool,Man United,2.0,0.0,H,1.36,5.25,8.0
2020-01-21,2019/20,Aston Villa,Watford,2.0,1.0,H,2.8,3.5,2.45
2020-01-21,2019/20,Bournemouth,Brighton,3.0,1.0,H,2.87,3.4,2.45
2020-01-21,2019/20,Crystal Palace,Southampton,0.0,2.0,A,2.7,3.25,2.7
2020-01-21,2019/20,Everton,Newcastle,2.0,2.0,D,1.55,4.1,6.0
2020-01-21,2019/20,Sheffield United,Man City,0.0,1.0,A,7.0,5.0,1.4
2020-01-21,2019/20,Chelsea,Arsenal,2.0,2.0,D,1.72,3.9,4.5
2020-01-22,2019/20,Leicester,West Ham,4.0,1.0,H,1.53,4.33,6.0
2020-01-22,2019/20,Tottenham,Norwich,2.0,1.0,H,1.4,5.0,7.5
2020-01-22,2019/20,Man United,Burnley,0.0,2.0,A,1.36,4.75,9.0
2020-01-23,2019/20,Wolves,Liverpool,1.0,2.0,A,5.75,3.8,1.61
2020-01-29,2019/20,West Ham,Liverpool,0.0,2.0,A,8.5,5.5,1.33
2020-02-01,2019/20,Leicester,Chelsea,2.0,2.0,D,2.5,3.6,2.7
2020-02-01,2019/20,Bournemouth,Aston Villa,2.0,1.0,H,2.1,3.6,3.3
2020-02-01,2019/20,Crystal Palace,Sheffield United,0.0,1.0,A,3.1,3.1,2.5
2020-02-01,2019/20,Liverpool,Southampton,4.0,0.0,H,1.25,6.0,12.0
2020-02-01,2019/20,Newcastle,Norwich,0.0,0.0,D,2.2,3.4,3.3
2020-02-01,2019/20,Watford,Everton,2.0,3.0,A,2.75,3.3,2.62
2020-02-01,2019/20,West Ham,Brighton,3.0,3.0,D,2.6,3.3,2.75
2020-02-01,2019/20,Man United,Wolves,0.0,0.0,D,2.25,3.25,3.4
2020-02-02,2019/20,Burnley,Arsenal,0.0,0.0,D,3.6,3.6,2.0
2020-02-02,2019/20,Tottenham,Man City,2.0,0.0,H,5.5,4.6,1.53
2020-02-08,2019/20,Everton,Crystal Palace,3.0,1.0,H,1.61,3.8,6.0
2020-02-08,2019/20,Brighton,Watford,1.0,1.0,D,2.1,3.4,3.6
2020-02-09,2019/20,Sheffield United,Bournemouth,2.0,1.0,H,1.66,3.6,5.75
2020-02-14,2019/20,Wolves,Leicester,0.0,0.0,D,2.5,3.3,2.87
2020-02-15,2019/20,Southampton,Burnley,1.0,2.0,A,1.75,3.8,4.75
2020-02-15,2019/20,Norwich,Liverpool,0.0,1.0,A,11.0,6.25,1.25
2020-02-16,2019/20,Aston Villa,Tottenham,2.0,3.0,A,4.0,3.8,1.85
2020-02-16,2019/20,Arsenal,Newcastle,4.0,0.0,H,1.4,4.75,8.0
2020-02-17,2019/20,Chelsea,Man United,0.0,2.0,A,1.85,3.5,4.5
2020-02-19,2019/20,Man City,West Ham,2.0,0.0,H,1.12,9.5,17.0
2020-02-22,2019/20,Chelsea,Tottenham,2.0,1.0,H,1.72,4.0,4.5
2020-02-22,2019/20,Burnley,Bournemouth,3.0,0.0,H,2.1,3.3,3.7
2020-02-22,2019/20,Crystal Palace,Newcastle,1.0,0.0,H,1.95,3.4,4.2
2020-02-22,2019/20,Sheffield United,Brighton,1.0,1.0,D,1.95,3.4,4.2
2020-02-22,2019/20,Southampton,Aston Villa,2.0,0.0,H,1.61,4.33,5.0
2020-02-22,2019/20,Leicester,Man City,0.0,1.0,A,4.5,4.2,1.7
2020-02-23,2019/20,Arsenal,Everton,3.0,2.0,H,2.0,3.6,3.7
2020-02-23,2019/20,Wolves,Norwich,3.0,0.0,H,1.5,4.2,7.0
2020-02-23,2019/20,Man United,Watford,3.0,0.0,H,1.6,3.9,6.0
2020-02-24,2019/20,Liverpool,West Ham,3.0,2.0,H,1.16,8.0,15.0
2020-02-28,2019/20,Norwich,Leicester,1.0,0.0,H,4.33,4.1,1.72
2020-02-29,2019/20,Brighton,Crystal Palace,0.0,1.0,A,2.05,3.25,3.9
2020-02-29,2019/20,Bournemouth,Chelsea,2.0,2.0,D,4.75,3.8,1.72
2020-02-29,2019/20,Newcastle,Burnley,0.0,0.0,D,2.62,3.1,2.9
2020-02-29,2019/20,West Ham,Southampton,3.0,1.0,H,2.65,3.6,2.5
2020-02-29,2019/20,Watford,Liverpool,3.0,0.0,H,8.0,4.75,1.4
2020-03-01,2019/20,Everton,Man United,1.0,1.0,D,2.5,3.25,2.9
2020-03-01,2019/20,Tottenham,Wolves,2.0,3.0,A,2.45,3.2,3.0
2020-03-07,2019/20,Wolves,Brighton,0.0,0.0,D,1.61,3.9,5.75
2020-03-07,2019/20,Southampton,Newcastle,0.0,1.0,A,1.61,4.1,5.25
2020-03-07,2019/20,Sheffield United,Norwich,1.0,0.0,H,1.65,3.75,5.75
2020-03-07,2019/20,Burnley,Tottenham,1.0,1.0,D,2.7,3.3,2.62
2020-03-07,2019/20,Arsenal,West Ham,1.0,0.0,H,1.57,4.4,5.5
2020-03-07,2019/20,Liverpool,Bournemouth,2.0,1.0,H,1.22,6.5,13.0
2020-03-07,2019/20,Crystal Palace,Watford,1.0,0.0,H,2.55,3.2,2.9
2020-03-08,2019/20,Chelsea,Everton,4.0,0.0,H,1.8,3.9,4.2
2020-03-08,2019/20,Man United,Man City,2.0,0.0,H,5.0,4.33,1.6
2020-03-09,2019/20,Leicester,Aston Villa,4.0,0.0,H,1.36,5.25,8.0
2020-06-17,2019/20,Aston Villa,Sheffield United,0.0,0.0,D,3.2,3.4,2.25
2020-06-17,2019/20,Man City,Arsenal,3.0,0.0,H,1.36,5.25,7.5
2020-06-19,2019/20,Norwich,Southampton,0.0,3.0,A,2.8,3.5,2.45
2020-06-19,2019/20,Tottenham,Man United,1.0,1.0,D,3.0,3.4,2.37
2020-06-20,2019/20,Watford,Leicester,1.0,1.0,D,3.6,3.5,2.05
2020-06-20,2019/20,Brighton,Arsenal,2.0,1.0,H,3.1,3.25,2.37
2020-06-20,2019/20,West Ham,Wolves,0.0,2.0,A,3.6,3.4,2.1
2020-06-20,2019/20,Bournemouth,Crystal Palace,0.0,2.0,A,2.45,3.2,3.0
2020-06-21,2019/20,Everton,Liverpool,0.0,0.0,D,6.0,4.2,1.55
2020-06-21,2019/20,Aston Villa,Chelsea,1.0,2.0,A,6.0,4.5,1.5
2020-06-21,2019/20,Newcastle,Sheffield United,3.0,0.0,H,3.3,3.1,2.37
2020-06-22,2019/20,Man City,Burnley,5.0,0.0,H,1.12,9.0,15.0
2020-06-23,2019/20,Leicester,Brighton,0.0,0.0,D,1.6,4.0,5.75
2020-06-23,2019/20,Tottenham,West Ham,2.0,0.0,H,1.66,4.0,5.0
2020-06-24,2019/20,Wolves,Bournemouth,1.0,0.0,H,1.55,4.0,6.0
2020-06-24,2019/20,Man United,Sheffield United,3.0,0.0,H,1.4,4.5,8.5
2020-06-24,2019/20,Newcastle,Aston Villa,1.0,1.0,D,2.3,3.3,3.2
2020-06-24,2019/20,Norwich,Everton,0.0,1.0,A,3.9,3.6,1.9
2020-06-24,2019/20,Liverpool,Crystal Palace,4.0,0.0,H,1.22,6.5,13.0
2020-06-25,2019/20,Burnley,Watford,1.0,0.0,H,3.0,3.25,2.45
2020-06-25,2019/20,Southampton,Arsenal,0.0,2.0,A,2.6,3.5,2.62
2020-06-25,2019/20,Chelsea,Man City,2.0,1.0,H,4.0,4.0,1.8
2020-06-27,2019/20,Aston Villa,Wolves,0.0,1.0,A,4.6,3.7,1.75
2020-06-28,2019/20,Watford,Southampton,1.0,3.0,A,2.5,3.3,2.87
2020-06-29,2019/20,Crystal Palace,Burnley,0.0,1.0,A,2.25,3.2,3.4
2020-06-30,2019/20,Brighton,Man United,0.0,3.0,A,6.0,3.8,1.61
2020-07-01,2019/20,West Ham,Chelsea,3.0,2.0,H,5.5,4.33,1.57
2020-07-01,2019/20,Everton,Leicester,2.0,1.0,H,2.5,3.3,2.9
2020-07-01,2019/20,Arsenal,Norwich,4.0,0.0,H,1.44,4.75,7.0
2020-07-01,2019/20,Bournemouth,Newcastle,1.0,4.0,A,2.4,3.1,3.2
2020-07-02,2019/20,Sheffield United,Tottenham,3.0,1.0,H,4.2,3.4,1.95
2020-07-02,2019/20,Man City,Liverpool,4.0,0.0,H,2.05,3.9,3.3
2020-07-04,2019/20,Norwich,Brighton,0.0,1.0,A,3.3,3.4,2.2
2020-07-04,2019/20,Leicester,Crystal Palace,3.0,0.0,H,1.66,3.6,5.75
2020-07-04,2019/20,Man United,Bournemouth,5.0,2.0,H,1.16,7.5,17.0
2020-07-04,2019/20,Wolves,Arsenal,0.0,2.0,A,2.25,3.4,3.25
2020-07-04,2019/20,Chelsea,Watford,3.0,0.0,H,1.4,4.75,8.0
2020-07-05,2019/20,Burnley,Sheffield United,1.0,1.0,D,2.9,3.0,2.7
2020-07-05,2019/20,Newcastle,West Ham,2.0,2.0,D,2.6,3.3,2.75
2020-07-05,2019/20,Liverpool,Aston Villa,2.0,0.0,H,1.33,5.5,8.5
2020-07-05,2019/20,Southampton,Man City,1.0,0.0,H,8.5,6.0,1.3
2020-07-06,2019/20,Tottenham,Everton,1.0,0.0,H,2.1,3.5,3.4
2020-07-07,2019/20,Arsenal,Leicester,1.0,1.0,D,2.3,3.5,3.0
2020-07-07,2019/20,Watford,Norwich,2.0,1.0,H,1.7,3.75,5.0
2020-07-07,2019/20,Crystal Palace,Chelsea,2.0,3.0,A,8.5,4.5,1.4
2020-07-08,2019/20,Man City,Newcastle,5.0,0.0,H,1.12,9.0,21.0
2020-07-08,2019/20,Sheffield United,Wolves,1.0,0.0,H,3.8,3.2,2.1
2020-07-08,2019/20,West Ham,Burnley,0.0,1.0,A,2.0,3.4,3.9
2020-07-08,2019/20,Brighton,Liverpool,1.0,3.0,A,6.0,4.33,1.53
2020-07-09,2019/20,Bournemouth,Tottenham,0.0,0.0,D,5.25,3.8,1.66
2020-07-09,2019/20,Everton,Southampton,1.0,1.0,D,2.05,3.5,3.6
2020-07-09,2019/20,Aston Villa,Man United,0.0,3.0,A,9.0,5.25,1.33
2020-07-11,2019/20,Norwich,West Ham,0.0,4.0,A,3.75,3.75,1.95
2020-07-11,2019/20,Watford,Newcastle,2.0,1.0,H,1.8,3.6,4.5
2020-07-11,2019/20,Liverpool,Burnley,1.0,1.0,D,1.22,6.5,12.0
2020-07-11,2019/20,Sheffield United,Chelsea,3.0,0.0,H,6.0,3.8,1.6
2020-07-11,2019/20,Brighton,Man City,0.0,5.0,A,10.0,5.5,1.28
2020-07-12,2019/20,Tottenham,Arsenal,2.0,1.0,H,2.62,3.4,2.7
2020-07-12,2019/20,Bournemouth,Leicester,4.0,1.0,H,5.25,3.8,1.66
2020-07-12,2019/20,Aston Villa,Crystal Palace,2.0,0.0,H,2.25,3.3,3.3
2020-07-12,2019/20,Wolves,Everton,3.0,0.0,H,2.05,3.3,3.8
2020-07-13,2019/20,Man United,Southampton,2.0,2.0,D,1.3,5.5,10.0
2020-07-14,2019/20,Chelsea,Norwich,1.0,0.0,H,1.12,9.5,17.0
2020-07-15,2019/20,Burnley,Wolves,1.0,1.0,D,4.5,3.3,1.9
2020-07-15,2019/20,Man City,Bournemouth,2.0,1.0,H,1.14,8.5,17.0
2020-07-15,2019/20,Newcastle,Tottenham,1.0,3.0,A,4.6,3.8,1.75
2020-07-15,2019/20,Arsenal,Liverpool,2.0,1.0,H,3.8,3.8,1.9
2020-07-16,2019/20,Everton,Aston Villa,1.0,1.0,D,2.0,3.5,3.75
2020-07-16,2019/20,Crystal Palace,Man United,0.0,2.0,A,9.5,4.75,1.36
2020-07-16,2019/20,Southampton,Brighton,1.0,1.0,D,2.15,3.3,3.5
2020-07-16,2019/20,Leicester,Sheffield United,2.0,0.0,H,2.05,3.25,3.9
2020-07-17,2019/20,West Ham,Watford,3.0,1.0,H,2.4,3.0,3.3
2020-07-18,2019/20,Norwich,Burnley,0.0,2.0,A,3.2,3.4,2.25
2020-07-19,2019/20,Bournemouth,Southampton,0.0,2.0,A,2.4,3.6,2.8
2020-07-19,2019/20,Tottenham,Leicester,3.0,0.0,H,2.25,3.3,3.25
2020-07-20,2019/20,Sheffield United,Everton,0.0,1.0,A,2.2,3.25,3.5
2020-07-20,2019/20,Wolves,Crystal Palace,2.0,0.0,H,1.5,4.0,7.5
2020-07-20,2019/20,Brighton,Newcastle,0.0,0.0,D,1.9,3.4,4.33
2020-07-21,2019/20,Aston Villa,Arsenal,1.0,0.0,H,3.3,3.6,2.1
2020-07-21,2019/20,Watford,Man City,0.0,4.0,A,8.5,5.5,1.33
2020-07-22,2019/20,Man United,West Ham,1.0,1.0,D,1.22,6.5,11.0
2020-07-22,2019/20,Liverpool,Chelsea,5.0,3.0,H,2.0,3.75,3.5
2020-07-26,2019/20,Man City,Norwich,5.0,0.0,H,1.08,11.0,26.0
2020-07-26,2019/20,Burnley,Brighton,1.0,2.0,A,2.37,3.4,3.0
2020-07-26,2019/20,Chelsea,Wolves,2.0,0.0,H,1.85,3.8,4.0
2020-07-26,2019/20,Crystal Palace,Tottenham,1.0,1.0,D,6.0,4.2,1.55
2020-07-26,2019/20,Everton,Bournemouth,1.0,3.0,A,2.25,3.7,3.0
2020-07-26,2019/20,Leicester,Man United,0.0,2.0,A,3.25,3.5,2.2
2020-07-26,2019/20,Arsenal,Watford,3.0,2.0,H,1.9,3.8,3.8
2020-07-26,2019/20,West Ham,Aston Villa,1.0,1.0,D,3.0,3.6,2.3
2020-07-26,2019/20,Newcastle,Liverpool,1.0,3.0,A,7.5,5.25,1.36
2020-07-26,2019/20,Southampton,Sheffield United,3.0,1.0,H,2.15,3.5,3.3
2020-09-12,2020/21,Crystal Palace,Southampton,1.0,0.0,H,3.1,3.25,2.37
2020-09-12,2020/21,West Ham,Newcastle,0.0,2.0,A,2.15,3.4,3.4
2020-09-12,2020/21,Fulham,Arsenal,0.0,3.0,A,6.0,4.33,1.53
2020-09-12,2020/21,Liverpool,Leeds,4.0,3.0,H,1.28,6.0,9.5
2020-09-13,2020/21,West Brom,Leicester,0.0,3.0,A,3.8,3.6,1.95
2020-09-13,2020/21,Tottenham,Everton,0.0,1.0,A,1.83,3.6,4.33
2020-09-14,2020/21,Brighton,Chelsea,1.0,3.0,A,5.0,4.33,1.61
2020-09-14,2020/21,Sheffield United,Wolves,0.0,2.0,A,3.25,3.1,2.37
2020-09-19,2020/21,Everton,West Brom,5.0,2.0,H,1.5,4.2,6.5
2020-09-19,2020/21,Leeds,Fulham,4.0,3.0,H,1.61,3.9,5.75
2020-09-19,2020/21,Man United,Crystal Palace,1.0,3.0,A,1.3,5.5,9.5
2020-09-19,2020/21,Arsenal,West Ham,2.0,1.0,H,1.53,4.5,5.5
2020-09-20,2020/21,Newcastle,Brighton,0.0,3.0,A,2.6,3.1,2.87
2020-09-20,2020/21,Southampton,Tottenham,2.0,5.0,A,3.0,3.3,2.37
2020-09-20,2020/21,Leicester,Burnley,4.0,2.0,H,1.61,4.0,5.5
2020-09-20,2020/21,Chelsea,Liverpool,0.0,2.0,A,3.1,3.6,2.2
2020-09-21,2020/21,Aston Villa,Sheffield United,1.0,0.0,H,2.7,3.1,2.75
2020-09-21,2020/21,Wolves,Man City,1.0,3.0,A,6.5,4.33,1.5
2020-09-26,2020/21,Brighton,Man United,2.0,3.0,A,4.75,3.75,1.72
2020-09-26,2020/21,Crystal Palace,Everton,1.0,2.0,A,3.75,3.25,2.1
2020-09-26,2020/21,West Brom,Chelsea,3.0,3.0,D,9.0,4.75,1.36
2020-09-26,2020/21,Burnley,Southampton,0.0,1.0,A,3.2,3.3,2.3
2020-09-27,2020/21,Sheffield United,Leeds,0.0,1.0,A,2.7,3.3,2.62
2020-09-27,2020/21,Tottenham,Newcastle,1.0,1.0,D,1.45,4.5,7.0
2020-09-27,2020/21,Man City,Leicester,2.0,5.0,A,1.28,6.0,9.5
2020-09-27,2020/21,West Ham,Wolves,4.0,0.0,H,3.6,3.5,2.05
2020-09-28,2020/21,Liverpool,Arsenal,3.0,1.0,H,1.45,4.75,6.5
2020-09-28,2020/21,Fulham,Aston Villa,0.0,3.0,A,2.9,3.25,2.5
2020-10-03,2020/21,Chelsea,Crystal Palace,4.0,0.0,H,1.4,4.75,8.0
2020-10-03,2020/21,Leeds,Man City,1.0,1.0,D,7.5,5.25,1.36
2020-10-03,2020/21,Everton,Brighton,4.0,2.0,H,1.72,3.75,4.8
2020-10-03,2020/21,Newcastle,Burnley,3.0,1.0,H,2.4,3.2,3.1
2020-10-04,2020/21,Aston Villa,Liverpool,7.0,2.0,H,10.0,5.5,1.3
2020-10-04,2020/21,Leicester,West Ham,0.0,3.0,A,1.61,4.2,5.25
2020-10-04,2020/21,Southampton,West Brom,2.0,0.0,H,1.72,3.8,4.75
2020-10-04,2020/21,Arsenal,Sheffield United,2.0,1.0,H,1.57,4.0,6.0
2020-10-04,2020/21,Wolves,Fulham,1.0,0.0,H,1.5,4.0,7.5
2020-10-04,2020/21,Man United,Tottenham,1.0,6.0,A,1.85,3.8,4.0
2020-10-17,2020/21,Newcastle,Man United,1.0,4.0,A,4.75,4.0,1.66
2020-10-17,2020/21,Man City,Arsenal,1.0,0.0,H,1.44,5.0,6.5
2020-10-17,2020/21,Chelsea,Southampton,3.0,3.0,D,1.45,4.75,6.5
2020-10-17,2020/21,Everton,Liverpool,2.0,2.0,D,3.75,4.2,1.83
2020-10-18,2020/21,Sheffield United,Fulham,1.0,1.0,D,2.1,3.3,3.7
2020-10-18,2020/21,Crystal Palace,Brighton,1.0,1.0,D,2.62,3.3,2.7
2020-10-18,2020/21,Tottenham,West Ham,3.0,3.0,D,1.57,4.33,5.5
2020-10-18,2020/21,Leicester,Aston Villa,0.0,1.0,A,1.83,3.8,4.1
2020-10-19,2020/21,West Brom,Burnley,0.0,0.0,D,2.45,3.3,2.9
2020-10-19,2020/21,Leeds,Wolves,0.0,1.0,A,2.5,3.3,2.87
2020-10-23,2020/21,Aston Villa,Leeds,0.0,3.0,A,2.05,3.75,3.3
2020-10-24,2020/21,West Ham,Man City,1.0,1.0,D,8.0,5.25,1.36
2020-10-24,2020/21,Man United,Chelsea,0.0,0.0,D,2.37,3.6,2.8
2020-10-24,2020/21,Fulham,Crystal Palace,1.0,2.0,A,2.75,3.1,2.7
2020-10-24,2020/21,Liverpool,Sheffield United,2.0,1.0,H,1.22,6.5,12.0
2020-10-25,2020/21,Southampton,Everton,2.0,0.0,H,2.75,3.4,2.55
2020-10-25,2020/21,Wolves,Newcastle,1.0,1.0,D,1.75,3.5,5.25
2020-10-25,2020/21,Arsenal,Leicester,0.0,1.0,A,1.9,3.75,3.8
2020-10-26,2020/21,Brighton,West Brom,1.0,1.0,D,1.7,4.0,4.75
2020-10-26,2020/21,Burnley,Tottenham,0.0,1.0,A,5.75,4.0,1.6
2020-10-30,2020/21,Wolves,Crystal Palace,2.0,0.0,H,2.0,3.2,4.33
2020-10-31,2020/21,Liverpool,West Ham,2.0,1.0,H,1.36,5.25,7.5
2020-10-31,2020/21,Sheffield United,Man City,0.0,1.0,A,9.5,6.0,1.28
2020-10-31,2020/21,Burnley,Chelsea,0.0,3.0,A,6.0,4.5,1.5
2020-11-01,2020/21,Aston Villa,Southampton,3.0,4.0,A,2.45,3.5,2.8
2020-11-01,2020/21,Man United,Arsenal,0.0,1.0,A,2.0,3.6,3.6
2020-11-01,2020/21,Newcastle,Everton,2.0,1.0,H,3.7,3.4,2.05
2020-11-01,2020/21,Tottenham,Brighton,2.0,1.0,H,1.61,4.0,5.5
2020-11-02,2020/21,Leeds,Leicester,1.0,4.0,A,2.5,3.6,2.62
2020-11-02,2020/21,Fulham,West Brom,2.0,0.0,H,2.4,3.3,3.0
2020-11-06,2020/21,Brighton,Burnley,0.0,0.0,D,1.85,3.5,4.33
2020-11-06,2020/21,Southampton,Newcastle,2.0,0.0,H,2.0,3.6,3.7
2020-11-07,2020/21,Everton,Man United,1.0,3.0,A,2.9,3.5,2.37
2020-11-07,2020/21,Crystal Palace,Leeds,4.0,1.0,H,2.87,3.4,2.45
2020-11-07,2020/21,West Ham,Fulham,1.0,0.0,H,1.83,3.75,4.2
2020-11-07,2020/21,Chelsea,Sheffield United,4.0,1.0,H,1.36,5.0,8.5
2020-11-08,2020/21,West Brom,Tottenham,0.0,1.0,A,7.0,4.33,1.45
2020-11-08,2020/21,Leicester,Wolves,1.0,0.0,H,2.3,3.2,3.25
2020-11-08,2020/21,Man City,Liverpool,1.0,1.0,D,1.95,4.2,3.4
2020-11-08,2020/21,Arsenal,Aston Villa,0.0,3.0,A,1.65,4.1,5.0
2020-11-21,2020/21,Newcastle,Chelsea,0.0,2.0,A,6.5,4.75,1.45
2020-11-21,2020/21,Aston Villa,Brighton,1.0,2.0,A,2.15,3.6,3.2
2020-11-21,2020/21,Tottenham,Man City,2.0,0.0,H,4.0,4.0,1.8
2020-11-21,2020/21,Man United,West Brom,1.0,0.0,H,1.3,5.5,9.5
2020-11-22,2020/21,Fulham,Everton,2.0,3.0,A,3.9,3.9,1.85
2020-11-22,2020/21,Sheffield United,West Ham,0.0,1.0,A,3.0,3.25,2.4
2020-11-22,2020/21,Leeds,Arsenal,0.0,0.0,D,3.0,3.75,2.2
2020-11-22,2020/21,Liverpool,Leicester,3.0,0.0,H,1.85,4.0,3.8
2020-11-23,2020/21,Wolves,Southampton,1.0,1.0,D,2.3,3.25,3.25
2020-11-23,2020/21,Burnley,Crystal Palace,1.0,0.0,H,2.75,3.1,2.75
2020-11-27,2020/21,Crystal Palace,Newcastle,0.0,2.0,A,2.05,3.25,3.75
2020-11-28,2020/21,Brighton,Liverpool,1.0,1.0,D,5.5,4.2,1.57
2020-11-28,2020/21,Man City,Burnley,5.0,0.0,H,1.16,7.5,16.0
2020-11-28,2020/21,Everton,Leeds,0.0,1.0,A,1.95,3.8,3.6
2020-11-28,2020/21,West Brom,Sheffield United,1.0,0.0,H,2.6,3.2,2.8
2020-11-29,2020/21,Southampton,Man United,2.0,3.0,A,4.0,3.5,1.95
2020-11-29,2020/21,Chelsea,Tottenham,0.0,0.0,D,2.05,3.5,3.6
2020-11-29,2020/21,Arsenal,Wolves,1.0,2.0,A,2.05,3.4,3.75
2020-11-30,2020/21,Leicester,Fulham,1.0,2.0,A,1.5,4.33,6.5
2020-11-30,2020/21,West Ham,Aston Villa,2.0,1.0,H,2.25,3.6,3.0
2020-12-05,2020/21,Burnley,Everton,1.0,1.0,D,4.0,3.5,1.9
2020-12-05,2020/21,West Ham,Man United,1.0,3.0,A,3.6,3.6,2.0
2020-12-05,2020/21,Chelsea,Leeds,3.0,1.0,H,1.5,4.5,6.0
2020-12-05,2020/21,Man City,Fulham,2.0,0.0,H,1.1,11.0,19.0
2020-12-06,2020/21,West Brom,Crystal Palace,1.0,5.0,A,2.87,3.2,2.55
2020-12-06,2020/21,Sheffield United,Leicester,1.0,2.0,A,3.8,3.5,1.95
2020-12-06,2020/21,Tottenham,Arsenal,2.0,0.0,H,1.95,3.6,3.8
2020-12-06,2020/21,Liverpool,Wolves,4.0,0.0,H,1.5,4.33,6.5
2020-12-07,2020/21,Brighton,Southampton,1.0,2.0,A,2.45,3.4,2.9
2020-12-11,2020/21,Leeds,West Ham,1.0,2.0,A,2.15,3.7,3.1
2020-12-12,2020/21,Wolves,Aston Villa,0.0,1.0,A,2.25,3.25,3.25
2020-12-12,2020/21,Newcastle,West Brom,2.0,1.0,H,2.45,3.2,3.0
2020-12-12,2020/21,Man United,Man City,0.0,0.0,D,4.33,4.2,1.72
2020-12-12,2020/21,Everton,Chelsea,1.0,0.0,H,4.33,4.2,1.7
2020-12-13,2020/21,Southampton,Sheffield United,3.0,0.0,H,1.7,3.75,5.0
2020-12-13,2020/21,Crystal Palace,Tottenham,1.0,1.0,D,4.5,3.9,1.72
2020-12-13,2020/21,Fulham,Liverpool,1.0,1.0,D,9.0,5.5,1.3
2020-12-13,2020/21,Arsenal,Burnley,0.0,1.0,A,1.53,4.2,6.25
2020-12-13,2020/21,Leicester,Brighton,3.0,0.0,H,2.0,3.5,3.8
2020-12-15,2020/21,Man City,West Brom,1.0,1.0,D,1.09,11.0,21.0
2020-12-15,2020/21,Wolves,Chelsea,2.0,1.0,H,5.25,3.8,1.66
2020-12-16,2020/21,Arsenal,Southampton,1.0,1.0,D,2.25,3.5,3.1
2020-12-16,2020/21,Leeds,Newcastle,5.0,2.0,H,1.75,4.0,4.33
2020-12-16,2020/21,Leicester,Everton,0.0,2.0,A,2.15,3.6,3.25
2020-12-16,2020/21,Fulham,Brighton,0.0,0.0,D,2.87,3.3,2.5
2020-12-16,2020/21,Liverpool,Tottenham,2.0,1.0,H,1.75,3.8,4.5
2020-12-16,2020/21,West Ham,Crystal Palace,1.0,1.0,D,2.05,3.4,3.6
2020-12-17,2020/21,Aston Villa,Burnley,0.0,0.0,D,1.75,3.8,4.5
2020-12-17,2020/21,Sheffield United,Man United,2.0,3.0,A,7.0,4.6,1.44
2020-12-19,2020/21,Crystal Palace,Liverpool,0.0,7.0,A,6.5,4.33,1.5
2020-12-19,2020/21,Southampton,Man City,0.0,1.0,A,7.0,4.5,1.44
2020-12-19,2020/21,Everton,Arsenal,2.0,1.0,H,2.45,3.5,2.8
2020-12-19,2020/21,Newcastle,Fulham,1.0,1.0,D,2.5,3.25,2.9
2020-12-20,2020/21,Tottenham,Leicester,0.0,2.0,A,2.05,3.5,3.6
2020-12-20,2020/21,Brighton,Sheffield United,1.0,1.0,D,1.65,3.75,5.5
2020-12-20,2020/21,Man United,Leeds,6.0,2.0,H,1.66,4.33,4.5
2020-12-20,2020/21,West Brom,Aston Villa,0.0,3.0,A,3.6,3.8,1.95
2020-12-21,2020/21,Burnley,Wolves,2.0,1.0,H,3.5,3.25,2.2
2020-12-21,2020/21,Chelsea,West Ham,3.0,0.0,H,1.44,5.0,6.25
2020-12-26,2020/21,Man City,Newcastle,2.0,0.0,H,1.11,10.0,19.0
2020-12-26,2020/21,Sheffield United,Everton,0.0,1.0,A,4.2,3.6,1.85
2020-12-26,2020/21,Leicester,Man United,2.0,2.0,D,2.9,3.6,2.3
2020-12-26,2020/21,Aston Villa,Crystal Palace,3.0,0.0,H,1.9,3.75,3.8
2020-12-26,2020/21,Fulham,Southampton,0.0,0.0,D,3.2,3.3,2.3
2020-12-26,2020/21,Arsenal,Chelsea,3.0,1.0,H,4.0,3.6,1.9
2020-12-27,2020/21,Wolves,Tottenham,1.0,1.0,D,3.6,3.25,2.15
2020-12-27,2020/21,Liverpool,West Brom,1.0,1.0,D,1.11,10.0,19.0
2020-12-27,2020/21,Leeds,Burnley,1.0,0.0,H,1.72,4.0,4.33
2020-12-27,2020/21,West Ham,Brighton,2.0,2.0,D,2.3,3.4,3.1
2020-12-28,2020/21,Crystal Palace,Leicester,1.0,1.0,D,3.75,3.5,2.0
2020-12-28,2020/21,Chelsea,Aston Villa,1.0,1.0,D,1.61,4.2,5.0
2020-12-29,2020/21,Brighton,Arsenal,0.0,1.0,A,3.25,3.5,2.2
2020-12-29,2020/21,Burnley,Sheffield United,1.0,0.0,H,2.37,3.1,3.25
2020-12-29,2020/21,Southampton,West Ham,0.0,0.0,D,2.1,3.6,3.4
2020-12-29,2020/21,West Brom,Leeds,0.0,5.0,A,3.6,3.6,2.0
2020-12-29,2020/21,Man United,Wolves,1.0,0.0,H,1.53,4.2,6.25
2020-12-30,2020/21,Newcastle,Liverpool,0.0,0.0,D,12.0,6.0,1.25
2021-01-01,2020/21,Man United,Aston Villa,2.0,1.0,H,1.72,4.2,4.2
2021-01-01,2020/21,Everton,West Ham,0.0,1.0,A,2.1,3.5,3.5
2021-01-02,2020/21,Tottenham,Leeds,3.0,0.0,H,1.75,4.1,4.2
2021-01-02,2020/21,West Brom,Arsenal,0.0,4.0,A,5.75,4.0,1.57
2021-01-02,2020/21,Crystal Palace,Sheffield United,2.0,0.0,H,1.95,3.5,3.9
2021-01-02,2020/21,Brighton,Wolves,3.0,3.0,D,2.62,3.25,2.75
2021-01-03,2020/21,Chelsea,Man City,1.0,3.0,A,3.0,3.7,2.2
2021-01-03,2020/21,Newcastle,Leicester,1.0,2.0,A,5.25,4.2,1.61
2021-01-04,2020/21,Southampton,Liverpool,1.0,0.0,H,5.0,4.33,1.61
2021-01-12,2020/21,Wolves,Everton,1.0,2.0,A,2.45,3.1,3.1
2021-01-12,2020/21,Burnley,Man United,0.0,1.0,A,7.0,4.5,1.45
2021-01-12,2020/21,Sheffield United,Newcastle,1.0,0.0,H,2.45,3.1,3.1
2021-01-13,2020/21,Tottenham,Fulham,1.0,1.0,D,1.36,5.0,8.5
2021-01-13,2020/21,Man City,Brighton,1.0,0.0,H,1.14,8.5,16.0
2021-01-14,2020/21,Arsenal,Crystal Palace,0.0,0.0,D,1.53,4.0,6.5
2021-01-16,2020/21,Wolves,West Brom,2.0,3.0,A,1.6,3.5,7.0
2021-01-16,2020/21,Leeds,Brighton,0.0,1.0,A,2.1,3.5,3.4
2021-01-16,2020/21,West Ham,Burnley,1.0,0.0,H,1.8,3.5,4.75
2021-01-16,2020/21,Fulham,Chelsea,0.0,1.0,A,6.5,4.33,1.5
2021-01-16,2020/21,Leicester,Southampton,2.0,0.0,H,1.8,3.75,4.5
2021-01-17,2020/21,Liverpool,Man United,0.0,0.0,D,1.95,3.8,3.6
2021-01-17,2020/21,Man City,Crystal Palace,4.0,0.0,H,1.14,8.5,17.0
2021-01-17,2020/21,Sheffield United,Tottenham,1.0,3.0,A,6.25,3.75,1.6
2021-01-18,2020/21,Arsenal,Newcastle,3.0,0.0,H,1.4,4.5,8.0
2021-01-19,2020/21,West Ham,West Brom,2.0,1.0,H,1.57,4.2,5.5
2021-01-19,2020/21,Leicester,Chelsea,2.0,0.0,H,2.87,3.4,2.45
2021-01-20,2020/21,Man City,Aston Villa,2.0,0.0,H,1.22,6.5,12.0
2021-01-20,2020/21,Fulham,Man United,1.0,2.0,A,6.0,4.33,1.53
2021-01-21,2020/21,Liverpool,Burnley,0.0,1.0,A,1.18,7.5,15.0
2021-01-23,2020/21,Aston Villa,Newcastle,2.0,0.0,H,1.45,4.75,6.5
2021-01-26,2020/21,Crystal Palace,West Ham,2.0,3.0,A,3.1,3.25,2.37
2021-01-26,2020/21,Southampton,Arsenal,1.0,3.0,A,3.5,3.6,2.05
2021-01-26,2020/21,West Brom,Man City,0.0,5.0,A,15.0,7.5,1.18
2021-01-26,2020/21,Newcastle,Leeds,1.0,2.0,A,3.9,3.8,1.85
2021-01-27,2020/21,Chelsea,Wolves,0.0,0.0,D,1.6,4.2,5.25
2021-01-27,2020/21,Brighton,Fulham,0.0,0.0,D,2.05,3.4,3.75
2021-01-27,2020/21,Everton,Leicester,1.0,1.0,D,2.8,3.3,2.55
2021-01-27,2020/21,Man United,Sheffield United,1.0,2.0,A,1.25,6.0,11.0
2021-01-27,2020/21,Burnley,Aston Villa,3.0,2.0,H,3.8,3.5,1.95
2021-01-28,2020/21,Tottenham,Liverpool,1.0,3.0,A,3.2,3.6,2.2
2021-01-30,2020/21,Man City,Sheffield United,1.0,0.0,H,1.12,9.0,18.0
2021-01-30,2020/21,Everton,Newcastle,0.0,2.0,A,1.55,4.0,6.5
2021-01-30,2020/21,Crystal Palace,Wolves,1.0,0.0,H,2.87,3.2,2.55
2021-01-30,2020/21,Southampton,Aston Villa,0.0,1.0,A,2.8,3.6,2.37
2021-01-30,2020/21,West Brom,Fulham,2.0,2.0,D,3.3,3.2,2.3
2021-01-30,2020/21,Arsenal,Man United,0.0,0.0,D,2.8,3.5,2.45
2021-01-31,2020/21,Brighton,Tottenham,1.0,0.0,H,3.2,3.4,2.25
2021-01-31,2020/21,West Ham,Liverpool,1.0,3.0,A,4.33,4.0,1.75
2021-01-31,2020/21,Leicester,Leeds,1.0,3.0,A,1.8,4.0,4.2
2021-01-31,2020/21,Chelsea,Burnley,2.0,0.0,H,1.33,5.0,9.5
2021-02-02,2020/21,Sheffield United,West Brom,2.0,1.0,H,2.0,3.3,4.0
2021-02-02,2020/21,Wolves,Arsenal,2.0,1.0,H,3.6,3.3,2.1
2021-02-02,2020/21,Man United,Southampton,9.0,0.0,H,1.4,4.75,7.0
2021-02-02,2020/21,Newcastle,Crystal Palace,1.0,2.0,A,2.8,3.2,2.6
2021-02-03,2020/21,Burnley,Man City,0.0,2.0,A,13.0,7.0,1.2
2021-02-03,2020/21,Fulham,Leicester,0.0,2.0,A,4.0,3.5,1.9
2021-02-03,2020/21,Leeds,Everton,1.0,2.0,A,2.5,3.5,2.7
2021-02-03,2020/21,Aston Villa,West Ham,1.0,3.0,A,2.2,3.4,3.25
2021-02-03,2020/21,Liverpool,Brighton,0.0,1.0,A,1.33,5.25,9.0
2021-02-04,2020/21,Tottenham,Chelsea,0.0,1.0,A,3.5,3.4,2.1
2021-02-06,2020/21,Man United,Everton,3.0,3.0,D,1.53,4.2,6.0
2021-02-06,2020/21,Fulham,West Ham,0.0,0.0,D,3.6,3.5,2.05
2021-02-06,2020/21,Burnley,Brighton,1.0,1.0,D,3.6,3.1,2.2
2021-02-06,2020/21,Newcastle,Southampton,3.0,2.0,H,3.0,3.3,2.4
2021-02-06,2020/21,Aston Villa,Arsenal,1.0,0.0,H,2.62,3.5,2.6
2021-02-07,2020/21,Tottenham,West Brom,2.0,0.0,H,1.45,4.5,7.0
2021-02-07,2020/21,Wolves,Leicester,0.0,0.0,D,3.5,3.4,2.1
2021-02-07,2020/21,Liverpool,Man City,1.0,4.0,A,3.4,3.6,2.05
2021-02-07,2020/21,Sheffield United,Chelsea,1.0,2.0,A,7.0,4.5,1.45
2021-02-08,2020/21,Leeds,Crystal Palace,2.0,0.0,H,1.8,3.8,4.2
2021-02-13,2020/21,Leicester,Liverpool,3.0,1.0,H,3.5,3.4,2.1
2021-02-13,2020/21,Crystal Palace,Burnley,0.0,3.0,A,2.37,3.1,3.2
2021-02-13,2020/21,Man City,Tottenham,3.0,0.0,H,1.28,5.75,9.5
2021-02-13,2020/21,Brighton,Aston Villa,0.0,0.0,D,2.7,3.5,2.5
2021-02-14,2020/21,Southampton,Wolves,1.0,2.0,A,2.37,3.2,3.1
2021-02-14,2020/21,Everton,Fulham,0.0,2.0,A,1.85,3.6,4.2
2021-02-14,2020/21,Arsenal,Leeds,4.0,2.0,H,1.83,3.8,4.0
2021-02-14,2020/21,West Brom,Man United,1.0,1.0,D,10.0,5.5,1.3
2021-02-15,2020/21,West Ham,Sheffield United,3.0,0.0,H,1.66,3.75,5.25
2021-02-15,2020/21,Chelsea,Newcastle,2.0,0.0,H,1.22,6.5,12.0
2021-02-17,2020/21,Everton,Man City,1.0,3.0,A,8.5,5.5,1.33
2021-02-17,2020/21,Burnley,Fulham,1.0,1.0,D,2.75,3.2,2.7
2021-02-19,2020/21,Wolves,Leeds,1.0,0.0,H,2.37,3.3,3.0
2021-02-20,2020/21,Southampton,Chelsea,1.0,1.0,D,5.0,3.8,1.7
2021-02-20,2020/21,Burnley,West Brom,0.0,0.0,D,2.0,3.3,4.0
2021-02-20,2020/21,Liverpool,Everton,0.0,2.0,A,1.44,4.5,7.0
2021-02-20,2020/21,Fulham,Sheffield United,1.0,0.0,H,2.15,3.2,3.6
2021-02-21,2020/21,Man United,Newcastle,3.0,1.0,H,1.28,5.5,10.0
2021-02-21,2020/21,West Ham,Tottenham,2.0,1.0,H,2.62,3.4,2.7
2021-02-21,2020/21,Aston Villa,Leicester,1.0,2.0,A,2.87,3.5,2.4
2021-02-21,2020/21,Arsenal,Man City,0.0,1.0,A,6.5,4.33,1.5
2021-02-22,2020/21,Brighton,Crystal Palace,1.0,2.0,A,1.7,3.5,5.5
2021-02-23,2020/21,Leeds,Southampton,3.0,0.0,H,2.25,3.5,3.1
2021-02-27,2020/21,Newcastle,Wolves,1.0,1.0,D,3.5,3.2,2.2
2021-02-27,2020/21,West Brom,Brighton,1.0,0.0,H,4.2,3.3,1.95
2021-02-27,2020/21,Leeds,Aston Villa,0.0,1.0,A,2.15,3.6,3.2
2021-02-27,2020/21,Man City,West Ham,2.0,1.0,H,1.22,6.5,12.0
2021-02-28,2020/21,Sheffield United,Liverpool,0.0,2.0,A,8.0,5.0,1.36
2021-02-28,2020/21,Chelsea,Man United,0.0,0.0,D,2.15,3.4,3.4
2021-02-28,2020/21,Tottenham,Burnley,4.0,0.0,H,1.53,4.0,6.5
2021-02-28,2020/21,Crystal Palace,Fulham,0.0,0.0,D,3.5,3.2,2.2
2021-02-28,2020/21,Leicester,Arsenal,1.0,3.0,A,2.5,3.4,2.8
2021-03-01,2020/21,Everton,Southampton,1.0,0.0,H,2.15,3.5,3.3
2021-03-02,2020/21,Man City,Wolves,4.0,1.0,H,1.18,7.0,15.0
2021-03-03,2020/21,Burnley,Leicester,1.0,1.0,D,4.0,3.25,2.0
2021-03-03,2020/21,Sheffield United,Aston Villa,1.0,0.0,H,3.75,3.4,2.05
2021-03-03,2020/21,Crystal Palace,Man United,0.0,0.0,D,8.0,4.75,1.4
2021-03-04,2020/21,Fulham,Tottenham,0.0,1.0,A,4.0,3.6,1.9
2021-03-04,2020/21,West Brom,Everton,0.0,1.0,A,4.33,3.6,1.83
2021-03-04,2020/21,Liverpool,Chelsea,0.0,1.0,A,2.25,3.6,3.0
2021-03-06,2020/21,Sheffield United,Southampton,0.0,2.0,A,3.6,3.5,2.0
2021-03-06,2020/21,Brighton,Leicester,1.0,2.0,A,2.55,3.25,2.8
2021-03-06,2020/21,Burnley,Arsenal,1.0,1.0,D,5.5,4.0,1.61
2021-03-06,2020/21,Aston Villa,Wolves,0.0,0.0,D,2.37,3.25,3.1
2021-03-07,2020/21,West Brom,Newcastle,0.0,0.0,D,2.37,3.2,3.1
2021-03-07,2020/21,Liverpool,Fulham,0.0,1.0,A,1.36,5.0,8.5
2021-03-07,2020/21,Man City,Man United,0.0,2.0,A,1.45,4.5,7.0
2021-03-07,2020/21,Tottenham,Crystal Palace,4.0,1.0,H,1.45,4.5,7.0
2021-03-08,2020/21,Chelsea,Everton,2.0,0.0,H,1.53,4.0,6.5
2021-03-08,2020/21,West Ham,Leeds,2.0,0.0,H,2.05,3.6,3.5
2021-03-10,2020/21,Man City,Southampton,5.0,2.0,H,1.18,7.5,15.0
2021-03-12,2020/21,Newcastle,Aston Villa,1.0,1.0,D,3.8,3.3,2.05
2021-03-13,2020/21,Leeds,Chelsea,0.0,0.0,D,4.75,4.0,1.7
2021-03-13,2020/21,Crystal Palace,West Brom,1.0,0.0,H,2.15,3.2,3.6
2021-03-13,2020/21,Everton,Burnley,1.0,2.0,A,1.83,3.5,4.5
2021-03-13,2020/21,Fulham,Man City,0.0,3.0,A,10.0,5.0,1.33
2021-03-14,2020/21,Man United,West Ham,1.0,0.0,H,1.83,3.6,4.33
2021-03-14,2020/21,Arsenal,Tottenham,2.0,1.0,H,2.55,3.4,2.75
2021-03-14,2020/21,Leicester,Sheffield United,5.0,0.0,H,1.5,4.2,6.5
2021-03-14,2020/21,Southampton,Brighton,1.0,2.0,A,2.9,3.1,2.5
2021-03-15,2020/21,Wolves,Liverpool,0.0,1.0,A,4.75,3.75,1.72
2021-03-19,2020/21,Fulham,Leeds,1.0,2.0,A,2.37,3.4,3.0
2021-03-20,2020/21,Brighton,Newcastle,3.0,0.0,H,1.66,3.5,6.0
2021-03-21,2020/21,West Ham,Arsenal,3.0,3.0,D,2.8,3.5,2.45
2021-03-21,2020/21,Aston Villa,Tottenham,0.0,2.0,A,2.9,3.3,2.45
2021-04-03,2020/21,Chelsea,West Brom,2.0,5.0,A,1.22,6.0,15.0
2021-04-03,2020/21,Leeds,Sheffield United,2.0,1.0,H,1.5,4.33,6.5
2021-04-03,2020/21,Leicester,Man City,0.0,2.0,A,6.0,4.2,1.53
2021-04-03,2020/21,Arsenal,Liverpool,0.0,3.0,A,3.1,3.7,2.15
2021-04-04,2020/21,Man United,Brighton,2.0,1.0,H,1.61,4.0,5.5
2021-04-04,2020/21,Southampton,Burnley,3.0,2.0,H,2.05,3.3,3.8
2021-04-04,2020/21,Newcastle,Tottenham,2.0,2.0,D,5.5,4.0,1.6
2021-04-04,2020/21,Aston Villa,Fulham,3.0,1.0,H,2.25,3.3,3.3
2021-04-05,2020/21,Wolves,West Ham,2.0,3.0,A,2.87,3.2,2.55
2021-04-05,2020/21,Everton,Crystal Palace,1.0,1.0,D,1.75,3.5,5.0
2021-04-09,2020/21,Fulham,Wolves,0.0,1.0,A,2.5,3.0,3.1
2021-04-10,2020/21,Man City,Leeds,1.0,2.0,A,1.28,5.75,10.0
2021-04-10,2020/21,Liverpool,Aston Villa,2.0,1.0,H,1.5,4.33,6.5
2021-04-10,2020/21,Crystal Palace,Chelsea,1.0,4.0,A,7.0,3.8,1.53
2021-04-11,2020/21,Burnley,Newcastle,1.0,2.0,A,2.3,3.1,3.4
2021-04-11,2020/21,Tottenham,Man United,1.0,3.0,A,2.87,3.4,2.45
2021-04-11,2020/21,Sheffield United,Arsenal,0.0,3.0,A,6.5,3.75,1.57
2021-04-11,2020/21,West Ham,Leicester,3.0,2.0,H,3.0,3.3,2.37
2021-04-12,2020/21,West Brom,Southampton,3.0,0.0,H,3.6,3.3,2.1
2021-04-12,2020/21,Brighton,Everton,0.0,0.0,D,2.25,3.3,3.3
2021-04-16,2020/21,Everton,Tottenham,2.0,2.0,D,3.4,3.5,2.1
2021-04-17,2020/21,Wolves,Sheffield United,1.0,0.0,H,1.66,3.5,5.75
2021-04-17,2020/21,Newcastle,West Ham,3.0,2.0,H,3.5,3.5,2.05
2021-04-18,2020/21,Arsenal,Fulham,1.0,1.0,D,1.7,3.8,4.8
2021-04-18,2020/21,Man United,Burnley,3.0,1.0,H,1.33,5.25,9.0
2021-04-19,2020/21,Leeds,Liverpool,1.0,1.0,D,4.5,4.33,1.66
2021-04-20,2020/21,Chelsea,Brighton,0.0,0.0,D,1.57,4.0,6.0
2021-04-21,2020/21,Tottenham,Southampton,2.0,1.0,H,1.75,3.8,4.5
2021-04-21,2020/21,Aston Villa,Man City,1.0,2.0,A,9.0,4.75,1.36
2021-04-22,2020/21,Leicester,West Brom,3.0,0.0,H,1.53,3.8,6.0
2021-04-23,2020/21,Arsenal,Everton,0.0,1.0,A,2.0,3.5,3.75
2021-04-24,2020/21,Liverpool,Newcastle,1.0,1.0,D,1.22,6.5,12.0
2021-04-24,2020/21,Sheffield United,Brighton,1.0,0.0,H,5.25,3.4,1.75
2021-04-24,2020/21,West Ham,Chelsea,0.0,1.0,A,4.75,3.6,1.75
2021-04-25,2020/21,Wolves,Burnley,0.0,4.0,A,2.0,3.4,3.9
2021-04-25,2020/21,Leeds,Man United,0.0,0.0,D,4.0,4.2,1.75
2021-04-25,2020/21,Aston Villa,West Brom,2.0,2.0,D,1.85,3.6,4.2
2021-04-26,2020/21,Leicester,Crystal Palace,2.0,1.0,H,1.4,4.33,8.5
2021-04-30,2020/21,Southampton,Leicester,1.0,1.0,D,3.8,3.8,1.9
2021-05-01,2020/21,Crystal Palace,Man City,0.0,2.0,A,10.0,5.0,1.33
2021-05-01,2020/21,Brighton,Leeds,2.0,0.0,H,2.05,3.5,3.5
2021-05-01,2020/21,Chelsea,Fulham,2.0,0.0,H,1.44,4.4,7.5
2021-05-01,2020/21,Everton,Aston Villa,1.0,2.0,A,1.95,3.6,3.8
2021-05-02,2020/21,Newcastle,Arsenal,0.0,2.0,A,3.6,3.6,2.0
2021-05-02,2020/21,Tottenham,Sheffield United,4.0,0.0,H,1.25,6.0,12.0
2021-05-03,2020/21,West Brom,Wolves,1.0,1.0,D,2.9,3.2,2.5
2021-05-03,2020/21,Burnley,West Ham,1.0,2.0,A,3.1,3.6,2.2
2021-05-07,2020/21,Leicester,Newcastle,2.0,4.0,A,1.4,4.75,8.0
2021-05-08,2020/21,Leeds,Tottenham,3.0,1.0,H,3.4,3.8,2.0
2021-05-08,2020/21,Sheffield United,Crystal Palace,0.0,2.0,A,3.0,3.2,2.45
2021-05-08,2020/21,Man City,Chelsea,1.0,2.0,A,1.9,3.4,4.2
2021-05-08,2020/21,Liverpool,Southampton,2.0,0.0,H,1.25,6.0,11.0
2021-05-09,2020/21,Wolves,Brighton,2.0,1.0,H,3.3,3.3,2.2
2021-05-09,2020/21,Aston Villa,Man United,1.0,3.0,A,4.2,3.8,1.8
2021-05-09,2020/21,West Ham,Everton,0.0,1.0,A,2.2,3.5,3.2
2021-05-09,2020/21,Arsenal,West Brom,3.0,1.0,H,1.44,4.5,7.0
2021-05-10,2020/21,Fulham,Burnley,0.0,2.0,A,2.2,3.4,3.3
2021-05-11,2020/21,Man United,Leicester,1.0,2.0,A,2.5,3.4,2.8
2021-05-11,2020/21,Southampton,Crystal Palace,3.0,1.0,H,2.05,3.6,3.5
2021-05-12,2020/21,Chelsea,Arsenal,0.0,1.0,A,1.65,4.0,5.0
2021-05-13,2020/21,Aston Villa,Everton,0.0,0.0,D,2.7,3.4,2.6
2021-05-13,2020/21,Man United,Liverpool,2.0,4.0,A,3.0,3.75,2.2
2021-05-14,2020/21,Newcastle,Man City,3.0,4.0,A,11.0,6.0,1.25
2021-05-15,2020/21,Burnley,Leeds,0.0,4.0,A,3.2,3.75,2.1
2021-05-15,2020/21,Brighton,West Ham,1.0,1.0,D,2.9,3.6,2.3
2021-05-15,2020/21,Southampton,Fulham,3.0,1.0,H,2.0,3.6,3.6
2021-05-16,2020/21,Tottenham,Wolves,2.0,0.0,H,1.5,4.33,6.5
2021-05-16,2020/21,Crystal Palace,Aston Villa,3.0,2.0,H,3.0,3.6,2.25
2021-05-16,2020/21,West Brom,Liverpool,1.0,2.0,A,12.0,6.5,1.22
2021-05-16,2020/21,Everton,Sheffield United,0.0,1.0,A,1.36,4.75,8.5
2021-05-18,2020/21,Man United,Fulham,1.0,1.0,D,1.28,6.0,9.0
2021-05-18,2020/21,Southampton,Leeds,0.0,2.0,A,2.55,3.9,2.5
2021-05-18,2020/21,Brighton,Man City,3.0,2.0,H,7.0,4.5,1.45
2021-05-18,2020/21,Chelsea,Leicester,2.0,1.0,H,1.7,3.75,5.0
2021-05-19,2020/21,Newcastle,Sheffield United,1.0,0.0,H,1.72,3.8,4.75
2021-05-19,2020/21,Everton,Wolves,1.0,0.0,H,1.85,3.6,4.2
2021-05-19,2020/21,West Brom,West Ham,1.0,3.0,A,5.0,4.33,1.6
2021-05-19,2020/21,Burnley,Liverpool,0.0,3.0,A,11.0,7.0,1.22
2021-05-19,2020/21,Crystal Palace,Arsenal,1.0,3.0,A,6.0,4.5,1.5
2021-05-19,2020/21,Tottenham,Aston Villa,1.0,2.0,A,1.5,4.5,6.0
2021-05-23,2020/21,Wolves,Man United,1.0,2.0,A,2.5,3.5,2.7
2021-05-23,2020/21,Arsenal,Brighton,2.0,0.0,H,1.57,4.33,5.25
2021-05-23,2020/21,Aston Villa,Chelsea,2.0,1.0,H,6.5,4.6,1.45
2021-05-23,2020/21,Fulham,Newcastle,0.0,2.0,A,2.05,3.8,3.3
2021-05-23,2020/21,Leicester,Tottenham,2.0,4.0,A,2.0,4.0,3.3
2021-05-23,2020/21,Liverpool,Crystal Palace,2.0,0.0,H,1.14,8.5,15.0
2021-05-23,2020/21,Man City,Everton,5.0,0.0,H,1.44,5.0,6.5
2021-05-23,2020/21,Sheffield United,Burnley,1.0,0.0,H,2.8,3.6,2.4
2021-05-23,2020/21,West Ham,Southampton,3.0,0.0,H,1.65,4.0,5.0
2021-05-23,2020/21,Leeds,West Brom,3.0,1.0,H,1.4,5.25,6.5
2021-08-13,2021/22,Brentford,Arsenal,2.0,0.0,H,4.0,3.4,1.95
2021-08-14,2021/22,Leicester,Wolves,1.0,0.0,H,1.66,3.8,5.25
2021-08-14,2021/22,Watford,Aston Villa,3.0,2.0,H,3.1,3.2,2.37
2021-08-14,2021/22,Norwich,Liverpool,0.0,3.0,A,9.0,5.75,1.3
2021-08-14,2021/22,Chelsea,Crystal Palace,3.0,0.0,H,1.25,5.75,13.0
2021-08-14,2021/22,Burnley,Brighton,1.0,2.0,A,3.1,3.1,2.45
2021-08-14,2021/22,Man United,Leeds,5.0,1.0,H,1.53,4.5,5.75
2021-08-14,2021/22,Everton,Southampton,3.0,1.0,H,1.9,3.5,4.0
2021-08-15,2021/22,Newcastle,West Ham,2.0,4.0,A,3.2,3.5,2.2
2021-08-15,2021/22,Tottenham,Man City,1.0,0.0,H,5.5,4.2,1.6
2021-08-21,2021/22,Liverpool,Burnley,2.0,0.0,H,1.18,7.5,13.0
2021-08-21,2021/22,Aston Villa,Newcastle,2.0,0.0,H,1.8,3.75,4.33
2021-08-21,2021/22,Crystal Palace,Brentford,0.0,0.0,D,2.55,3.2,2.87
2021-08-21,2021/22,Leeds,Everton,2.0,2.0,D,2.37,3.4,3.0
2021-08-21,2021/22,Man City,Norwich,5.0,0.0,H,1.08,11.0,26.0
2021-08-21,2021/22,Brighton,Watford,2.0,0.0,H,1.7,3.5,5.75
2021-08-22,2021/22,Southampton,Man United,1.0,1.0,D,5.5,4.2,1.57
2021-08-22,2021/22,Wolves,Tottenham,0.0,1.0,A,3.2,3.2,2.35
2021-08-22,2021/22,Arsenal,Chelsea,0.0,2.0,A,4.75,3.75,1.72
2021-08-23,2021/22,West Ham,Leicester,4.0,1.0,H,2.5,3.5,2.75
2021-08-28,2021/22,Man City,Arsenal,5.0,0.0,H,1.25,6.0,12.0
2021-08-28,2021/22,Aston Villa,Brentford,1.0,1.0,D,1.95,3.6,3.8
2021-08-28,2021/22,Brighton,Everton,0.0,2.0,A,2.3,3.2,3.3
2021-08-28,2021/22,Newcastle,Southampton,2.0,2.0,D,2.5,3.4,2.8
2021-08-28,2021/22,Norwich,Leicester,1.0,2.0,A,4.5,3.5,1.85
2021-08-28,2021/22,West Ham,Crystal Palace,2.0,2.0,D,1.55,4.0,6.5
2021-08-28,2021/22,Liverpool,Chelsea,1.0,1.0,D,2.45,3.3,2.9
2021-08-29,2021/22,Burnley,Leeds,1.0,1.0,D,3.1,3.5,2.25
2021-08-29,2021/22,Tottenham,Watford,1.0,0.0,H,1.36,4.75,9.0
2021-08-29,2021/22,Wolves,Man United,0.0,1.0,A,5.0,3.5,1.75
2021-09-11,2021/22,Chelsea,Aston Villa,3.0,0.0,H,1.28,5.5,11.0
2021-09-11,2021/22,Watford,Wolves,0.0,2.0,A,3.4,3.2,2.25
2021-09-11,2021/22,Southampton,West Ham,0.0,0.0,D,2.9,3.5,2.4
2021-09-11,2021/22,Man United,Newcastle,4.0,1.0,H,1.18,7.5,15.0
2021-09-11,2021/22,Leicester,Man City,0.0,1.0,A,6.0,4.0,1.57
2021-09-11,2021/22,Brentford,Brighton,0.0,1.0,A,2.8,3.2,2.62
2021-09-11,2021/22,Arsenal,Norwich,1.0,0.0,H,1.5,4.6,6.0
2021-09-11,2021/22,Crystal Palace,Tottenham,3.0,0.0,H,4.2,3.5,1.9
2021-09-12,2021/22,Leeds,Liverpool,0.0,3.0,A,4.33,4.0,1.75
2021-09-13,2021/22,Everton,Burnley,3.0,1.0,H,1.7,3.75,5.0
2021-09-17,2021/22,Newcastle,Leeds,1.0,1.0,D,3.0,3.6,2.3
2021-09-18,2021/22,Wolves,Brentford,0.0,2.0,A,1.83,3.25,5.0
2021-09-18,2021/22,Burnley,Arsenal,0.0,1.0,A,3.8,3.6,1.95
2021-09-18,2021/22,Liverpool,Crystal Palace,3.0,0.0,H,1.2,7.0,13.0
2021-09-18,2021/22,Man City,Southampton,0.0,0.0,D,1.12,9.5,17.0
2021-09-18,2021/22,Norwich,Watford,1.0,3.0,A,2.15,3.3,3.5
2021-09-18,2021/22,Aston Villa,Everton,3.0,0.0,H,2.4,3.3,3.0
2021-09-19,2021/22,Tottenham,Chelsea,0.0,3.0,A,5.0,3.8,1.7
2021-09-19,2021/22,West Ham,Man United,1.0,2.0,A,4.33,4.0,1.75
2021-09-19,2021/22,Brighton,Leicester,2.0,1.0,H,2.7,3.2,2.75
2021-09-25,2021/22,Chelsea,Man City,0.0,1.0,A,2.62,3.2,2.75
2021-09-25,2021/22,Man United,Aston Villa,0.0,1.0,A,1.36,5.25,8.0
2021-09-25,2021/22,Everton,Norwich,2.0,0.0,H,1.61,3.8,5.75
2021-09-25,2021/22,Leeds,West Ham,1.0,2.0,A,3.0,3.6,2.25
2021-09-25,2021/22,Leicester,Burnley,2.0,2.0,D,1.57,4.0,6.0
2021-09-25,2021/22,Watford,Newcastle,1.0,1.0,D,2.2,3.4,3.3
2021-09-25,2021/22,Brentford,Liverpool,3.0,3.0,D,7.0,4.5,1.45
2021-09-26,2021/22,Southampton,Wolves,0.0,1.0,A,2.62,3.2,2.8
2021-09-26,2021/22,Arsenal,Tottenham,3.0,1.0,H,2.15,3.3,3.5
2021-09-27,2021/22,Crystal Palace,Brighton,1.0,1.0,D,3.1,3.2,2.45
2021-10-02,2021/22,Brighton,Arsenal,0.0,0.0,D,3.0,3.25,2.4
2021-10-02,2021/22,Wolves,Newcastle,2.0,1.0,H,1.61,4.2,5.25
2021-10-02,2021/22,Leeds,Watford,1.0,0.0,H,1.7,4.0,4.75
2021-10-02,2021/22,Man United,Everton,1.0,1.0,D,1.45,4.33,7.5
2021-10-02,2021/22,Burnley,Norwich,0.0,0.0,D,1.85,3.6,4.33
2021-10-02,2021/22,Chelsea,Southampton,3.0,1.0,H,1.36,4.75,9.0
2021-10-03,2021/22,Crystal Palace,Leicester,2.0,2.0,D,3.1,3.4,2.3
2021-10-03,2021/22,Tottenham,Aston Villa,2.0,1.0,H,2.1,3.6,3.4
2021-10-03,2021/22,West Ham,Brentford,1.0,2.0,A,1.75,3.75,4.75
2021-10-03,2021/22,Liverpool,Man City,2.0,2.0,D,2.87,3.5,2.4
2021-10-16,2021/22,Watford,Liverpool,0.0,5.0,A,8.5,5.5,1.33
2021-10-16,2021/22,Aston Villa,Wolves,2.0,3.0,A,2.15,3.25,3.5
2021-10-16,2021/22,Leicester,Man United,4.0,2.0,H,3.5,3.6,2.05
2021-10-16,2021/22,Man City,Burnley,2.0,0.0,H,1.12,9.0,19.0
2021-10-16,2021/22,Norwich,Brighton,0.0,0.0,D,3.6,3.4,2.1
2021-10-16,2021/22,Southampton,Leeds,1.0,0.0,H,2.3,3.5,3.0
2021-10-16,2021/22,Brentford,Chelsea,0.0,1.0,A,6.5,3.8,1.57
2021-10-17,2021/22,Newcastle,Tottenham,2.0,3.0,A,3.5,3.6,2.05
2021-10-17,2021/22,Everton,West Ham,0.0,1.0,A,2.5,3.4,2.8
2021-10-18,2021/22,Arsenal,Crystal Palace,2.0,2.0,D,1.6,3.8,6.0
2021-10-22,2021/22,Arsenal,Aston Villa,3.0,1.0,H,1.83,3.75,4.2
2021-10-23,2021/22,Chelsea,Norwich,7.0,0.0,H,1.18,7.0,15.0
2021-10-23,2021/22,Crystal Palace,Newcastle,1.0,1.0,D,1.9,3.6,4.0
2021-10-23,2021/22,Everton,Watford,2.0,5.0,A,1.65,3.8,5.5
2021-10-23,2021/22,Leeds,Wolves,1.0,1.0,D,2.4,3.4,2.87
2021-10-23,2021/22,Southampton,Burnley,2.0,2.0,D,1.95,3.5,3.9
2021-10-23,2021/22,Brighton,Man City,1.0,4.0,A,8.0,4.75,1.4
2021-10-24,2021/22,Brentford,Leicester,1.0,2.0,A,2.62,3.3,2.7
2021-10-24,2021/22,West Ham,Tottenham,1.0,0.0,H,2.3,3.5,3.0
2021-10-24,2021/22,Man United,Liverpool,0.0,5.0,A,3.1,3.6,2.2
2021-10-30,2021/22,Watford,Southampton,0.0,1.0,A,3.2,3.3,2.3
2021-10-30,2021/22,Tottenham,Man United,0.0,3.0,A,2.87,3.6,2.37
2021-10-30,2021/22,Newcastle,Chelsea,0.0,3.0,A,8.5,5.0,1.36
2021-10-30,2021/22,Leicester,Arsenal,0.0,2.0,A,2.4,3.5,2.87
2021-10-30,2021/22,Liverpool,Brighton,2.0,2.0,D,1.22,6.5,13.0
2021-10-30,2021/22,Burnley,Brentford,3.0,1.0,H,2.6,3.3,2.75
2021-10-30,2021/22,Man City,Crystal Palace,0.0,2.0,A,1.14,8.0,19.0
2021-10-31,2021/22,Norwich,Leeds,1.0,2.0,A,3.4,3.5,2.1
2021-10-31,2021/22,Aston Villa,West Ham,1.0,4.0,A,2.8,3.5,2.45
2021-11-01,2021/22,Wolves,Everton,2.0,1.0,H,2.2,3.2,3.5
2021-11-05,2021/22,Southampton,Aston Villa,1.0,0.0,H,1.95,3.6,3.75
2021-11-06,2021/22,Crystal Palace,Wolves,2.0,0.0,H,2.45,3.2,3.0
2021-11-06,2021/22,Chelsea,Burnley,1.0,1.0,D,1.25,6.0,12.0
2021-11-06,2021/22,Brighton,Newcastle,1.0,1.0,D,1.57,3.9,6.0
2021-11-06,2021/22,Man United,Man City,0.0,2.0,A,4.75,4.0,1.7
2021-11-06,2021/22,Brentford,Norwich,1.0,2.0,A,1.6,4.0,5.75
2021-11-07,2021/22,Arsenal,Watford,1.0,0.0,H,1.36,4.75,8.5
2021-11-07,2021/22,Everton,Tottenham,0.0,0.0,D,3.1,3.25,2.37
2021-11-07,2021/22,Leeds,Leicester,1.0,1.0,D,2.8,3.5,2.45
2021-11-07,2021/22,West Ham,Liverpool,3.0,2.0,H,4.75,4.0,1.7
2021-11-20,2021/22,Watford,Man United,4.0,1.0,H,6.5,4.75,1.45
2021-11-20,2021/22,Leicester,Chelsea,0.0,3.0,A,4.75,3.75,1.75
2021-11-20,2021/22,Aston Villa,Brighton,2.0,0.0,H,2.45,3.3,2.9
2021-11-20,2021/22,Burnley,Crystal Palace,3.0,3.0,D,2.7,3.2,2.7
2021-11-20,2021/22,Newcastle,Brentford,3.0,3.0,D,2.62,3.4,2.7
2021-11-20,2021/22,Norwich,Southampton,2.0,1.0,H,3.6,3.5,2.05
2021-11-20,2021/22,Wolves,West Ham,1.0,0.0,H,3.0,3.25,2.4
2021-11-20,2021/22,Liverpool,Arsenal,4.0,0.0,H,1.45,4.75,6.5
2021-11-21,2021/22,Man City,Everton,3.0,0.0,H,1.14,8.0,19.0
2021-11-21,2021/22,Tottenham,Leeds,2.0,1.0,H,1.7,4.2,4.5
2021-11-27,2021/22,Arsenal,Newcastle,2.0,0.0,H,1.44,4.75,7.0
2021-11-27,2021/22,Liverpool,Southampton,4.0,0.0,H,1.28,6.0,9.0
2021-11-27,2021/22,Norwich,Wolves,0.0,0.0,D,3.5,3.3,2.15
2021-11-27,2021/22,Brighton,Leeds,0.0,0.0,D,2.05,3.4,3.75
2021-11-27,2021/22,Crystal Palace,Aston Villa,1.0,2.0,A,2.2,3.4,3.3
2021-11-28,2021/22,Brentford,Everton,1.0,0.0,H,2.25,3.2,3.4
2021-11-28,2021/22,Leicester,Watford,4.0,2.0,H,1.61,4.0,5.5
2021-11-28,2021/22,Man City,West Ham,2.0,1.0,H,1.28,5.75,10.0
2021-11-28,2021/22,Chelsea,Man United,1.0,1.0,D,1.57,4.0,6.0
2021-11-30,2021/22,Newcastle,Norwich,1.0,1.0,D,1.95,3.5,3.9
2021-11-30,2021/22,Leeds,Crystal Palace,1.0,0.0,H,2.4,3.3,3.0
2021-12-01,2021/22,Everton,Liverpool,1.0,4.0,A,7.5,5.25,1.36
2021-12-01,2021/22,Wolves,Burnley,0.0,0.0,D,1.85,3.5,4.33
2021-12-01,2021/22,Aston Villa,Man City,1.0,2.0,A,9.0,5.25,1.33
2021-12-01,2021/22,Watford,Chelsea,1.0,2.0,A,10.0,5.25,1.3
2021-12-01,2021/22,Southampton,Leicester,2.0,2.0,D,2.37,3.5,2.87
2021-12-01,2021/22,West Ham,Brighton,1.0,1.0,D,1.95,3.6,3.8
2021-12-02,2021/22,Tottenham,Brentford,2.0,0.0,H,1.6,4.2,5.25
2021-12-02,2021/22,Man United,Arsenal,3.0,2.0,H,1.95,3.75,3.75
2021-12-04,2021/22,Wolves,Liverpool,0.0,1.0,A,8.0,4.75,1.4
2021-12-04,2021/22,Watford,Man City,1.0,3.0,A,12.0,7.0,1.2
2021-12-04,2021/22,Newcastle,Burnley,1.0,0.0,H,2.3,3.3,3.2
2021-12-04,2021/22,West Ham,Chelsea,3.0,2.0,H,4.75,3.6,1.75
2021-12-04,2021/22,Southampton,Brighton,1.0,1.0,D,2.45,3.2,3.0
2021-12-05,2021/22,Leeds,Brentford,2.0,2.0,D,1.95,3.6,3.8
2021-12-05,2021/22,Man United,Crystal Palace,1.0,0.0,H,1.5,4.33,6.5
2021-12-05,2021/22,Tottenham,Norwich,3.0,0.0,H,1.36,5.0,8.5
2021-12-05,2021/22,Aston Villa,Leicester,2.0,1.0,H,2.37,3.4,3.0
2021-12-06,2021/22,Everton,Arsenal,2.0,1.0,H,3.4,3.5,2.1
2021-12-10,2021/22,Brentford,Watford,2.0,1.0,H,2.25,3.3,3.3
2021-12-11,2021/22,Liverpool,Aston Villa,1.0,0.0,H,1.2,7.0,13.0
2021-12-11,2021/22,Norwich,Man United,0.0,1.0,A,7.0,4.5,1.45
2021-12-11,2021/22,Arsenal,Southampton,3.0,0.0,H,1.61,4.0,5.5
2021-12-11,2021/22,Chelsea,Leeds,3.0,2.0,H,1.25,5.75,12.0
2021-12-11,2021/22,Man City,Wolves,1.0,0.0,H,1.14,8.0,19.0
2021-12-12,2021/22,Burnley,West Ham,0.0,0.0,D,3.6,3.6,2.0
2021-12-12,2021/22,Leicester,Newcastle,4.0,0.0,H,1.66,4.1,4.75
2021-12-12,2021/22,Crystal Palace,Everton,3.0,1.0,H,2.3,3.2,3.3
2021-12-14,2021/22,Norwich,Aston Villa,0.0,2.0,A,3.3,3.3,2.25
2021-12-14,2021/22,Man City,Leeds,7.0,0.0,H,1.14,8.5,15.0
2021-12-15,2021/22,Arsenal,West Ham,2.0,0.0,H,2.1,3.6,3.3
2021-12-15,2021/22,Brighton,Wolves,0.0,1.0,A,2.25,3.1,3.5
2021-12-15,2021/22,Crystal Palace,Southampton,2.0,2.0,D,2.15,3.3,3.5
2021-12-16,2021/22,Liverpool,Newcastle,3.0,1.0,H,1.12,9.0,19.0
2021-12-16,2021/22,Chelsea,Everton,1.0,1.0,D,1.22,6.5,13.0
2021-12-18,2021/22,Leeds,Arsenal,1.0,4.0,A,3.9,3.8,1.83
2021-12-19,2021/22,Newcastle,Man City,0.0,4.0,A,13.0,7.5,1.18
2021-12-19,2021/22,Wolves,Chelsea,0.0,0.0,D,7.0,4.2,1.5
2021-12-19,2021/22,Tottenham,Liverpool,2.0,2.0,D,5.25,4.75,1.53
2021-12-26,2021/22,Aston Villa,Chelsea,1.0,3.0,A,5.25,3.8,1.65
2021-12-26,2021/22,Brighton,Brentford,2.0,0.0,H,1.9,3.4,4.2
2021-12-26,2021/22,Tottenham,Crystal Palace,3.0,0.0,H,1.72,3.8,4.75
2021-12-26,2021/22,Norwich,Arsenal,0.0,5.0,A,8.0,4.75,1.4
2021-12-26,2021/22,Man City,Leicester,6.0,3.0,H,1.18,7.5,13.0
2021-12-26,2021/22,West Ham,Southampton,2.0,3.0,A,1.8,3.9,4.2
2021-12-27,2021/22,Newcastle,Man United,1.0,1.0,D,6.5,4.75,1.44
2021-12-28,2021/22,Crystal Palace,Norwich,3.0,0.0,H,1.65,3.75,5.5
2021-12-28,2021/22,Southampton,Tottenham,1.0,1.0,D,3.75,3.5,2.0
2021-12-28,2021/22,Watford,West Ham,1.0,4.0,A,3.4,3.6,2.1
2021-12-28,2021/22,Leicester,Liverpool,1.0,0.0,H,8.0,5.5,1.33
2021-12-29,2021/22,Brentford,Man City,0.0,1.0,A,19.0,8.0,1.14
2021-12-29,2021/22,Chelsea,Brighton,1.0,1.0,D,1.4,4.5,7.5
2021-12-30,2021/22,Man United,Burnley,3.0,1.0,H,1.36,5.0,9.0
2022-01-01,2021/22,Arsenal,Man City,1.0,2.0,A,5.75,4.75,1.5
2022-01-01,2021/22,Watford,Tottenham,0.0,1.0,A,5.0,4.2,1.61
2022-01-01,2021/22,Crystal Palace,West Ham,2.0,3.0,A,3.1,3.4,2.3
2022-01-02,2021/22,Brentford,Aston Villa,2.0,1.0,H,3.0,3.3,2.4
2022-01-02,2021/22,Everton,Brighton,2.0,3.0,A,2.75,3.2,2.62
2022-01-02,2021/22,Leeds,Burnley,3.0,1.0,H,2.05,3.5,3.5
2022-01-02,2021/22,Chelsea,Liverpool,2.0,2.0,D,3.1,3.5,2.25
2022-01-03,2021/22,Man United,Wolves,0.0,1.0,A,1.53,4.33,6.0
2022-01-11,2021/22,Southampton,Brentford,4.0,1.0,H,2.05,3.4,3.6
2022-01-12,2021/22,West Ham,Norwich,2.0,0.0,H,1.28,5.5,10.0
2022-01-14,2021/22,Brighton,Crystal Palace,1.0,1.0,D,2.05,3.3,3.8
2022-01-15,2021/22,Man City,Chelsea,1.0,0.0,H,1.65,4.0,5.0
2022-01-15,2021/22,Newcastle,Watford,1.0,1.0,D,2.0,3.6,3.6
2022-01-15,2021/22,Norwich,Everton,2.0,1.0,H,3.75,3.5,2.0
2022-01-15,2021/22,Wolves,Southampton,3.0,1.0,H,2.25,3.2,3.4
2022-01-15,2021/22,Aston Villa,Man United,2.0,2.0,D,2.87,3.5,2.4
2022-01-16,2021/22,Liverpool,Brentford,3.0,0.0,H,1.3,5.5,10.0
2022-01-16,2021/22,West Ham,Leeds,2.0,3.0,A,1.61,4.2,5.0
2022-01-18,2021/22,Brighton,Chelsea,1.0,1.0,D,4.75,3.75,1.72
2022-01-19,2021/22,Leicester,Tottenham,2.0,3.0,A,3.0,3.5,2.3
2022-01-19,2021/22,Brentford,Man United,1.0,3.0,A,4.5,3.7,1.8
2022-01-21,2021/22,Watford,Norwich,0.0,3.0,A,2.0,3.5,3.75
2022-01-22,2021/22,Man United,West Ham,1.0,0.0,H,1.85,3.8,4.0
2022-01-22,2021/22,Southampton,Man City,1.0,1.0,D,10.0,6.5,1.25
2022-01-22,2021/22,Brentford,Wolves,1.0,2.0,A,3.2,2.8,2.6
2022-01-22,2021/22,Everton,Aston Villa,0.0,1.0,A,2.75,3.25,2.62
2022-01-22,2021/22,Leeds,Newcastle,0.0,1.0,A,2.0,3.5,3.75
2022-01-23,2021/22,Arsenal,Burnley,0.0,0.0,D,1.36,4.75,9.0
2022-01-23,2021/22,Crystal Palace,Liverpool,1.0,3.0,A,6.0,4.2,1.53
2022-01-23,2021/22,Leicester,Brighton,1.0,1.0,D,2.5,3.25,2.9
2022-01-23,2021/22,Chelsea,Tottenham,2.0,0.0,H,1.61,4.2,5.0
2022-02-05,2021/22,Burnley,Watford,0.0,0.0,D,2.2,3.25,3.5
2022-02-08,2021/22,Burnley,Man United,1.0,1.0,D,5.5,4.0,1.61
2022-02-08,2021/22,Newcastle,Everton,3.0,1.0,H,2.5,3.25,2.87
2022-02-08,2021/22,West Ham,Watford,1.0,0.0,H,1.55,4.2,5.75
2022-02-09,2021/22,Man City,Brentford,2.0,0.0,H,1.1,9.5,23.0
2022-02-09,2021/22,Norwich,Crystal Palace,1.0,1.0,D,3.5,3.25,2.15
2022-02-09,2021/22,Tottenham,Southampton,2.0,3.0,A,1.6,4.0,5.5
2022-02-09,2021/22,Aston Villa,Leeds,3.0,3.0,D,1.8,3.8,4.2
2022-02-10,2021/22,Liverpool,Leicester,2.0,0.0,H,1.25,6.5,10.0
2022-02-10,2021/22,Wolves,Arsenal,0.0,1.0,A,3.5,3.2,2.2
2022-02-12,2021/22,Norwich,Man City,0.0,4.0,A,15.0,8.0,1.16
2022-02-12,2021/22,Watford,Brighton,0.0,2.0,A,3.5,3.3,2.05
2022-02-12,2021/22,Brentford,Crystal Palace,0.0,0.0,D,2.55,3.1,3.0
2022-02-12,2021/22,Man United,Southampton,1.0,1.0,D,1.6,4.0,5.5
2022-02-12,2021/22,Everton,Leeds,3.0,0.0,H,2.25,3.5,3.0
2022-02-13,2021/22,Burnley,Liverpool,0.0,1.0,A,10.0,5.25,1.28
2022-02-13,2021/22,Newcastle,Aston Villa,1.0,0.0,H,2.7,3.3,2.62
2022-02-13,2021/22,Tottenham,Wolves,0.0,2.0,A,1.7,3.6,5.5
2022-02-13,2021/22,Leicester,West Ham,2.0,2.0,D,2.9,3.5,2.3
2022-02-15,2021/22,Man United,Brighton,2.0,0.0,H,1.72,3.75,4.75
2022-02-19,2021/22,West Ham,Newcastle,1.0,1.0,D,1.7,4.0,4.75
2022-02-19,2021/22,Arsenal,Brentford,2.0,1.0,H,1.44,4.2,8.0
2022-02-19,2021/22,Aston Villa,Watford,0.0,1.0,A,1.65,3.6,5.75
2022-02-19,2021/22,Brighton,Burnley,0.0,3.0,A,1.66,3.5,6.0
2022-02-19,2021/22,Crystal Palace,Chelsea,0.0,1.0,A,5.5,3.8,1.65
2022-02-19,2021/22,Liverpool,Norwich,3.0,1.0,H,1.1,9.0,23.0
2022-02-19,2021/22,Southampton,Everton,2.0,0.0,H,2.1,3.5,3.5
2022-02-19,2021/22,Man City,Tottenham,2.0,3.0,A,1.28,6.0,10.0
2022-02-20,2021/22,Wolves,Leicester,2.0,1.0,H,2.25,3.3,3.25
2022-02-20,2021/22,Leeds,Man United,2.0,4.0,A,3.9,3.8,1.85
2022-02-23,2021/22,Burnley,Tottenham,1.0,0.0,H,4.6,3.8,1.75
2022-02-23,2021/22,Watford,Crystal Palace,1.0,4.0,A,3.1,3.3,2.3
2022-02-23,2021/22,Liverpool,Leeds,6.0,0.0,H,1.16,8.0,15.0
2022-02-24,2021/22,Arsenal,Wolves,2.0,1.0,H,1.65,3.8,5.5
2022-02-25,2021/22,Southampton,Norwich,2.0,0.0,H,1.53,4.33,6.0
2022-02-26,2021/22,Leeds,Tottenham,0.0,4.0,A,4.2,3.6,1.85
2022-02-26,2021/22,Brentford,Newcastle,0.0,2.0,A,2.5,3.2,3.0
2022-02-26,2021/22,Crystal Palace,Burnley,1.0,1.0,D,1.9,3.6,4.0
2022-02-26,2021/22,Man United,Watford,0.0,0.0,D,1.3,5.5,9.5
2022-02-26,2021/22,Brighton,Aston Villa,0.0,2.0,A,2.2,3.3,3.5
2022-02-26,2021/22,Everton,Man City,0.0,1.0,A,10.0,5.75,1.28
2022-02-27,2021/22,West Ham,Wolves,1.0,0.0,H,2.05,3.3,3.8
2022-03-01,2021/22,Burnley,Leicester,0.0,2.0,A,2.9,3.4,2.4
2022-03-05,2021/22,Liverpool,West Ham,1.0,0.0,H,1.28,5.75,9.5
2022-03-05,2021/22,Newcastle,Brighton,2.0,1.0,H,2.75,3.2,2.62
2022-03-05,2021/22,Wolves,Crystal Palace,0.0,2.0,A,2.3,3.1,3.4
2022-03-05,2021/22,Aston Villa,Southampton,4.0,0.0,H,2.3,3.5,3.0
2022-03-05,2021/22,Leicester,Leeds,1.0,0.0,H,1.75,4.0,4.2
2022-03-05,2021/22,Burnley,Chelsea,0.0,4.0,A,6.5,4.33,1.5
2022-03-05,2021/22,Norwich,Brentford,1.0,3.0,A,2.9,3.1,2.5
2022-03-06,2021/22,Watford,Arsenal,2.0,3.0,A,6.0,4.0,1.57
2022-03-06,2021/22,Man City,Man United,4.0,1.0,H,1.4,4.75,7.5
2022-03-07,2021/22,Tottenham,Everton,5.0,0.0,H,1.57,3.8,5.75
2022-03-10,2021/22,Norwich,Chelsea,1.0,3.0,A,11.0,4.75,1.3
2022-03-10,2021/22,Southampton,Newcastle,1.0,2.0,A,2.0,3.75,3.5
2022-03-10,2021/22,Wolves,Watford,4.0,0.0,H,1.75,3.6,4.5
2022-03-10,2021/22,Leeds,Aston Villa,0.0,3.0,A,2.7,3.5,2.5
2022-03-12,2021/22,Brighton,Liverpool,0.0,2.0,A,6.0,4.33,1.5
2022-03-12,2021/22,Brentford,Burnley,2.0,0.0,H,2.15,3.2,3.6
2022-03-12,2021/22,Man United,Tottenham,3.0,2.0,H,2.2,3.4,3.25
2022-03-13,2021/22,Chelsea,Newcastle,1.0,0.0,H,1.3,5.25,11.0
2022-03-13,2021/22,Everton,Wolves,0.0,1.0,A,2.3,3.2,3.3
2022-03-13,2021/22,Leeds,Norwich,2.0,1.0,H,1.55,4.2,5.75
2022-03-13,2021/22,Southampton,Watford,1.0,2.0,A,1.6,4.2,5.25
2022-03-13,2021/22,West Ham,Aston Villa,2.0,1.0,H,2.25,3.3,3.3
2022-03-13,2021/22,Arsenal,Leicester,2.0,0.0,H,1.5,4.5,6.0
2022-03-14,2021/22,Crystal Palace,Man City,0.0,0.0,D,10.0,5.0,1.33
2022-03-16,2021/22,Brighton,Tottenham,0.0,2.0,A,3.3,3.3,2.25
2022-03-16,2021/22,Arsenal,Liverpool,0.0,2.0,A,3.5,4.0,1.9
2022-03-17,2021/22,Everton,Newcastle,1.0,0.0,H,2.4,3.25,3.1
2022-03-18,2021/22,Wolves,Leeds,2.0,3.0,A,2.1,3.5,3.4
2022-03-19,2021/22,Aston Villa,Arsenal,0.0,1.0,A,3.0,3.3,2.4
2022-03-20,2021/22,Leicester,Brentford,2.0,1.0,H,2.15,3.4,3.4
2022-03-20,2021/22,Tottenham,West Ham,3.0,1.0,H,1.72,3.8,4.75
2022-04-02,2021/22,Man United,Leicester,1.0,1.0,D,1.5,4.5,6.0
2022-04-02,2021/22,Wolves,Aston Villa,2.0,1.0,H,3.0,3.1,2.55
2022-04-02,2021/22,Leeds,Southampton,1.0,1.0,D,2.37,3.75,2.75
2022-04-02,2021/22,Brighton,Norwich,0.0,0.0,D,1.5,4.0,7.0
2022-04-02,2021/22,Burnley,Man City,0.0,2.0,A,15.0,6.5,1.2
2022-04-02,2021/22,Liverpool,Watford,2.0,0.0,H,1.12,9.5,17.0
2022-04-02,2021/22,Chelsea,Brentford,1.0,4.0,A,1.33,5.0,10.0
2022-04-03,2021/22,Tottenham,Newcastle,5.0,1.0,H,1.5,4.33,6.5
2022-04-03,2021/22,West Ham,Everton,2.0,1.0,H,1.75,3.8,4.5
2022-04-04,2021/22,Crystal Palace,Arsenal,3.0,0.0,H,4.0,3.4,1.95
2022-04-06,2021/22,Burnley,Everton,3.0,2.0,H,2.62,3.1,2.87
2022-04-08,2021/22,Newcastle,Wolves,1.0,0.0,H,2.25,3.1,3.4
2022-04-09,2021/22,Everton,Man United,1.0,0.0,H,4.6,3.75,1.75
2022-04-09,2021/22,Arsenal,Brighton,1.0,2.0,A,1.61,3.8,5.75
2022-04-09,2021/22,Southampton,Chelsea,0.0,6.0,A,3.8,3.6,1.95
2022-04-09,2021/22,Watford,Leeds,0.0,3.0,A,2.7,3.4,2.55
2022-04-09,2021/22,Aston Villa,Tottenham,0.0,4.0,A,3.2,3.4,2.25
2022-04-10,2021/22,Norwich,Burnley,2.0,0.0,H,2.87,3.2,2.55
2022-04-10,2021/22,Man City,Liverpool,2.0,2.0,D,2.0,3.75,3.5
2022-04-10,2021/22,Brentford,West Ham,2.0,0.0,H,2.62,3.3,2.62
2022-04-10,2021/22,Leicester,Crystal Palace,2.0,1.0,H,2.37,3.3,2.9
2022-04-16,2021/22,Tottenham,Brighton,0.0,1.0,A,1.53,4.0,6.5
2022-04-16,2021/22,Man United,Norwich,3.0,2.0,H,1.25,6.5,10.0
2022-04-16,2021/22,Southampton,Arsenal,1.0,0.0,H,3.8,3.6,1.95
2022-04-16,2021/22,Watford,Brentford,1.0,2.0,A,2.7,3.3,2.55
2022-04-17,2021/22,Newcastle,Leicester,2.0,1.0,H,2.2,3.4,3.3
2022-04-17,2021/22,West Ham,Burnley,1.0,1.0,D,1.7,3.8,5.0
2022-04-19,2021/22,Liverpool,Man United,4.0,0.0,H,1.4,5.0,7.0
2022-04-20,2021/22,Man City,Brighton,3.0,0.0,H,1.16,7.0,17.0
2022-04-20,2021/22,Newcastle,Crystal Palace,1.0,0.0,H,2.25,3.4,3.25
2022-04-20,2021/22,Chelsea,Arsenal,2.0,4.0,A,1.83,3.6,4.33
2022-04-20,2021/22,Everton,Leicester,1.0,1.0,D,2.25,3.4,3.25
2022-04-21,2021/22,Burnley,Southampton,2.0,0.0,H,2.75,3.25,2.62
2022-04-23,2021/22,Arsenal,Man United,3.0,1.0,H,2.05,3.5,3.5
2022-04-23,2021/22,Leicester,Aston Villa,0.0,0.0,D,2.8,3.4,2.5
2022-04-23,2021/22,Man City,Watford,5.0,1.0,H,1.1,10.0,26.0
2022-04-23,2021/22,Norwich,Newcastle,0.0,3.0,A,3.5,3.3,2.15
2022-04-23,2021/22,Brentford,Tottenham,0.0,0.0,D,4.33,3.5,1.85
2022-04-24,2021/22,Brighton,Southampton,2.0,2.0,D,2.1,3.4,3.6
2022-04-24,2021/22,Burnley,Wolves,1.0,0.0,H,2.7,3.0,2.87
2022-04-24,2021/22,Chelsea,West Ham,1.0,0.0,H,1.5,4.33,6.5
2022-04-24,2021/22,Liverpool,Everton,2.0,0.0,H,1.18,7.0,15.0
2022-04-25,2021/22,Crystal Palace,Leeds,0.0,0.0,D,2.05,3.5,3.5
2022-04-28,2021/22,Man United,Chelsea,1.0,1.0,D,3.2,3.4,2.25
2022-04-30,2021/22,Leeds,Man City,0.0,4.0,A,8.5,6.0,1.3
2022-04-30,2021/22,Wolves,Brighton,0.0,3.0,A,2.7,3.2,2.75
2022-04-30,2021/22,Watford,Burnley,1.0,2.0,A,2.6,3.3,2.75
2022-04-30,2021/22,Aston Villa,Norwich,2.0,0.0,H,1.4,4.5,9.0
2022-04-30,2021/22,Southampton,Crystal Palace,1.0,2.0,A,2.4,3.3,3.1
2022-04-30,2021/22,Newcastle,Liverpool,0.0,1.0,A,8.5,5.0,1.36
2022-05-01,2021/22,Everton,Chelsea,1.0,0.0,H,5.0,3.6,1.75
2022-05-01,2021/22,Tottenham,Leicester,3.0,1.0,H,1.44,4.75,7.0
2022-05-01,2021/22,West Ham,Arsenal,1.0,2.0,A,4.33,3.8,1.8
2022-05-02,2021/22,Man United,Brentford,3.0,0.0,H,1.72,4.0,4.5
2022-05-07,2021/22,Liverpool,Tottenham,1.0,1.0,D,1.4,5.0,7.0
2022-05-07,2021/22,Brighton,Man United,4.0,0.0,H,2.8,3.5,2.45
2022-05-07,2021/22,Crystal Palace,Watford,1.0,0.0,H,1.65,4.0,5.0
2022-05-07,2021/22,Chelsea,Wolves,2.0,2.0,D,1.33,5.0,9.5
2022-05-07,2021/22,Burnley,Aston Villa,1.0,3.0,A,3.0,3.3,2.4
2022-05-07,2021/22,Brentford,Southampton,3.0,0.0,H,2.15,3.5,3.3
2022-05-08,2021/22,Arsenal,Leeds,2.0,1.0,H,1.45,4.5,7.0
2022-05-08,2021/22,Leicester,Everton,1.0,2.0,A,2.6,3.3,2.75
2022-05-08,2021/22,Norwich,West Ham,0.0,4.0,A,4.5,3.8,1.75
2022-05-08,2021/22,Man City,Newcastle,5.0,0.0,H,1.16,7.0,17.0
2022-05-10,2021/22,Aston Villa,Liverpool,1.0,2.0,A,7.5,4.75,1.4
2022-05-11,2021/22,Wolves,Man City,1.0,5.0,A,11.0,6.0,1.25
2022-05-11,2021/22,Watford,Everton,0.0,0.0,D,4.2,3.6,1.83
2022-05-11,2021/22,Leicester,Norwich,3.0,0.0,H,1.44,4.75,7.0
2022-05-11,2021/22,Leeds,Chelsea,0.0,3.0,A,4.75,4.2,1.65
2022-05-12,2021/22,Tottenham,Arsenal,3.0,0.0,H,2.05,3.75,3.5
2022-05-15,2021/22,Tottenham,Burnley,1.0,0.0,H,1.33,5.25,9.0
2022-05-15,2021/22,Aston Villa,Crystal Palace,1.0,1.0,D,2.0,3.5,3.75
2022-05-15,2021/22,Leeds,Brighton,1.0,1.0,D,2.62,3.5,2.62
2022-05-15,2021/22,Watford,Leicester,1.0,5.0,A,3.8,3.5,1.95
2022-05-15,2021/22,West Ham,Man City,2.0,2.0,D,7.5,5.0,1.4
2022-05-15,2021/22,Wolves,Norwich,1.0,1.0,D,1.45,4.75,6.5
2022-05-15,2021/22,Everton,Brentford,2.0,3.0,A,2.05,3.6,3.5
2022-05-16,2021/22,Newcastle,Arsenal,2.0,0.0,H,4.33,3.6,1.83
2022-05-17,2021/22,Southampton,Liverpool,1.0,2.0,A,7.5,5.5,1.33
2022-05-19,2021/22,Everton,Crystal Palace,3.0,2.0,H,1.9,3.4,4.33
2022-05-19,2021/22,Aston Villa,Burnley,1.0,1.0,D,2.05,3.5,3.6
2022-05-19,2021/22,Chelsea,Leicester,1.0,1.0,D,1.4,4.75,8.0
2022-05-22,2021/22,Norwich,Tottenham,0.0,5.0,A,9.5,6.5,1.25
2022-05-22,2021/22,Man City,Aston Villa,3.0,2.0,H,1.16,8.0,17.0
2022-05-22,2021/22,Liverpool,Wolves,3.0,1.0,H,1.14,8.5,15.0
2022-05-22,2021/22,Leicester,Southampton,4.0,1.0,H,1.85,4.0,3.8
2022-05-22,2021/22,Crystal Palace,Man United,1.0,0.0,H,3.0,3.6,2.25
2022-05-22,2021/22,Arsenal,Everton,5.0,1.0,H,1.36,4.75,9.0
2022-05-22,2021/22,Burnley,Newcastle,1.0,2.0,A,2.25,3.4,3.2
2022-05-22,2021/22,Brighton,West Ham,3.0,1.0,H,2.37,3.5,2.9
2022-05-22,2021/22,Brentford,Leeds,1.0,2.0,A,2.45,3.8,2.62
2022-05-22,2021/22,Chelsea,Watford,2.0,1.0,H,1.18,7.5,15.0
2022-08-05,2022/23,Crystal Palace,Arsenal,0.0,2.0,A,4.2,3.6,1.85
2022-08-06,2022/23,Everton,Chelsea,0.0,1.0,A,5.5,4.0,1.61
2022-08-06,2022/23,Tottenham,Southampton,4.0,1.0,H,1.33,5.5,8.5
2022-08-06,2022/23,Newcastle,Nott'm Forest,2.0,0.0,H,1.66,3.8,5.25
2022-08-06,2022/23,Bournemouth,Aston Villa,2.0,0.0,H,3.75,3.5,2.0
2022-08-06,2022/23,Fulham,Liverpool,2.0,2.0,D,11.0,6.0,1.25
2022-08-06,2022/23,Leeds,Wolves,2.0,1.0,H,2.25,3.4,3.2
2022-08-07,2022/23,Leicester,Brentford,2.0,2.0,D,2.0,3.75,3.5
2022-08-07,2022/23,Man United,Brighton,1.0,2.0,A,1.6,4.2,5.25
2022-08-07,2022/23,West Ham,Man City,0.0,2.0,A,8.0,5.0,1.36
2022-08-13,2022/23,Brentford,Man United,4.0,0.0,H,3.75,3.5,2.0
2022-08-13,2022/23,Wolves,Fulham,0.0,0.0,D,2.3,3.3,3.2
2022-08-13,2022/23,Southampton,Leeds,2.0,2.0,D,2.25,3.5,3.1
2022-08-13,2022/23,Arsenal,Leicester,4.0,2.0,H,1.53,4.33,5.75
2022-08-13,2022/23,Brighton,Newcastle,0.0,0.0,D,2.45,3.2,3.0
2022-08-13,2022/23,Aston Villa,Everton,2.0,1.0,H,1.8,3.5,4.75
2022-08-13,2022/23,Man City,Bournemouth,4.0,0.0,H,1.06,13.0,29.0
2022-08-14,2022/23,Nott'm Forest,West Ham,1.0,0.0,H,4.2,3.6,1.85
2022-08-14,2022/23,Chelsea,Tottenham,2.0,2.0,D,2.25,3.4,3.2
2022-08-15,2022/23,Liverpool,Crystal Palace,1.0,1.0,D,1.18,6.75,16.0
2022-08-20,2022/23,Tottenham,Wolves,1.0,0.0,H,1.4,4.75,7.5
2022-08-20,2022/23,Crystal Palace,Aston Villa,3.0,1.0,H,2.5,3.25,2.9
2022-08-20,2022/23,Everton,Nott'm Forest,1.0,1.0,D,1.9,3.6,4.0
2022-08-20,2022/23,Fulham,Brentford,3.0,2.0,H,2.45,3.4,2.9
2022-08-20,2022/23,Leicester,Southampton,1.0,2.0,A,1.83,4.0,4.0
2022-08-20,2022/23,Bournemouth,Arsenal,0.0,3.0,A,8.0,4.75,1.4
2022-08-21,2022/23,Newcastle,Man City,3.0,3.0,D,7.5,5.0,1.36
2022-08-21,2022/23,West Ham,Brighton,0.0,2.0,A,2.3,3.4,3.1
2022-08-21,2022/23,Leeds,Chelsea,3.0,0.0,H,5.75,4.5,1.53
2022-08-22,2022/23,Man United,Liverpool,2.0,1.0,H,5.25,4.33,1.6
2022-08-27,2022/23,Man City,Crystal Palace,4.0,2.0,H,1.18,7.5,13.0
2022-08-27,2022/23,Liverpool,Bournemouth,9.0,0.0,H,1.1,10.0,26.0
2022-08-27,2022/23,Chelsea,Leicester,2.0,1.0,H,1.4,5.0,7.0
2022-08-27,2022/23,Arsenal,Fulham,2.0,1.0,H,1.3,5.75,9.0
2022-08-27,2022/23,Brentford,Everton,1.0,1.0,D,2.0,3.5,3.75
2022-08-27,2022/23,Southampton,Man United,0.0,1.0,A,4.2,4.0,1.8
2022-08-27,2022/23,Brighton,Leeds,1.0,0.0,H,1.9,3.8,3.8
2022-08-28,2022/23,Aston Villa,West Ham,0.0,1.0,A,2.3,3.4,3.1
2022-08-28,2022/23,Wolves,Newcastle,1.0,1.0,D,2.7,3.3,2.7
2022-08-28,2022/23,Nott'm Forest,Tottenham,0.0,2.0,A,7.0,4.6,1.44
2022-08-30,2022/23,Crystal Palace,Brentford,1.0,1.0,D,2.05,3.4,3.6
2022-08-30,2022/23,Fulham,Brighton,2.0,1.0,H,3.1,3.3,2.3
2022-08-30,2022/23,Southampton,Chelsea,2.0,1.0,H,5.25,4.0,1.61
2022-08-30,2022/23,Leeds,Everton,1.0,1.0,D,2.15,3.5,3.3
2022-08-31,2022/23,Liverpool,Newcastle,2.0,1.0,H,1.33,5.25,9.0
2022-08-31,2022/23,West Ham,Tottenham,1.0,1.0,D,3.6,3.8,1.95
2022-08-31,2022/23,Bournemouth,Wolves,0.0,0.0,D,3.5,3.3,2.15
2022-08-31,2022/23,Arsenal,Aston Villa,2.0,1.0,H,1.45,4.5,6.0
2022-08-31,2022/23,Man City,Nott'm Forest,6.0,0.0,H,1.06,13.0,29.0
2022-09-01,2022/23,Leicester,Man United,0.0,1.0,A,3.4,3.75,2.05
2022-09-03,2022/23,Tottenham,Fulham,2.0,1.0,H,1.5,4.5,6.5
2022-09-03,2022/23,Everton,Liverpool,0.0,0.0,D,7.0,4.75,1.4
2022-09-03,2022/23,Brentford,Leeds,5.0,2.0,H,2.1,3.5,3.4
2022-09-03,2022/23,Chelsea,West Ham,2.0,1.0,H,1.55,4.5,5.5
2022-09-03,2022/23,Newcastle,Crystal Palace,0.0,0.0,D,2.0,3.5,3.75
2022-09-03,2022/23,Nott'm Forest,Bournemouth,2.0,3.0,A,1.95,3.5,3.8
2022-09-03,2022/23,Wolves,Southampton,1.0,0.0,H,2.2,3.4,3.25
2022-09-03,2022/23,Aston Villa,Man City,1.0,1.0,D,8.0,5.5,1.33
2022-09-04,2022/23,Brighton,Leicester,5.0,2.0,H,1.83,3.5,4.5
2022-09-04,2022/23,Man United,Arsenal,3.0,1.0,H,2.5,3.5,2.7
2022-09-16,2022/23,Aston Villa,Southampton,1.0,0.0,H,2.1,3.5,3.5
2022-09-16,2022/23,Nott'm Forest,Fulham,2.0,3.0,A,2.75,3.3,2.62
2022-09-17,2022/23,Tottenham,Leicester,6.0,2.0,H,1.45,4.5,7.0
2022-09-17,2022/23,Newcastle,Bournemouth,1.0,1.0,D,1.44,4.4,7.5
2022-09-17,2022/23,Wolves,Man City,0.0,3.0,A,9.5,5.0,1.33
2022-09-18,2022/23,Brentford,Arsenal,0.0,3.0,A,4.2,3.8,1.8
2022-09-18,2022/23,Everton,West Ham,1.0,0.0,H,2.9,3.25,2.5
2022-10-01,2022/23,Arsenal,Tottenham,3.0,1.0,H,2.05,3.75,3.3
2022-10-01,2022/23,Bournemouth,Brentford,0.0,0.0,D,3.3,3.4,2.2
2022-10-01,2022/23,Crystal Palace,Chelsea,1.0,2.0,A,4.2,3.6,1.85
2022-10-01,2022/23,Fulham,Newcastle,1.0,4.0,A,3.0,3.4,2.37
2022-10-01,2022/23,Liverpool,Brighton,3.0,3.0,D,1.33,5.25,8.5
2022-10-01,2022/23,Southampton,Everton,1.0,2.0,A,2.15,3.4,3.4
2022-10-01,2022/23,West Ham,Wolves,2.0,0.0,H,1.95,3.5,4.2
2022-10-02,2022/23,Man City,Man United,6.0,3.0,H,1.33,5.75,7.5
2022-10-02,2022/23,Leeds,Aston Villa,0.0,0.0,D,2.35,3.4,3.0
2022-10-03,2022/23,Leicester,Nott'm Forest,4.0,0.0,H,1.75,4.0,4.33
2022-10-08,2022/23,Brighton,Tottenham,0.0,1.0,A,2.8,3.4,2.5
2022-10-08,2022/23,Man City,Southampton,4.0,0.0,H,1.11,10.0,17.0
2022-10-08,2022/23,Newcastle,Brentford,5.0,1.0,H,1.83,3.8,4.2
2022-10-08,2022/23,Bournemouth,Leicester,2.0,1.0,H,3.6,3.4,2.05
2022-10-08,2022/23,Chelsea,Wolves,3.0,0.0,H,1.4,4.5,8.0
2022-10-09,2022/23,Crystal Palace,Leeds,2.0,1.0,H,2.05,3.5,3.6
2022-10-09,2022/23,West Ham,Fulham,3.0,1.0,H,1.72,3.8,4.75
2022-10-09,2022/23,Arsenal,Liverpool,3.0,2.0,H,2.5,3.6,2.62
2022-10-09,2022/23,Everton,Man United,1.0,2.0,A,3.6,3.5,2.05
2022-10-10,2022/23,Nott'm Forest,Aston Villa,1.0,1.0,D,3.3,3.4,2.2
2022-10-14,2022/23,Brentford,Brighton,2.0,0.0,H,3.1,3.4,2.3
2022-10-15,2022/23,Wolves,Nott'm Forest,1.0,0.0,H,1.7,3.75,5.0
2022-10-15,2022/23,Fulham,Bournemouth,2.0,2.0,D,1.85,3.75,4.0
2022-10-15,2022/23,Tottenham,Everton,2.0,0.0,H,1.5,4.5,6.5
2022-10-15,2022/23,Leicester,Crystal Palace,0.0,0.0,D,2.3,3.4,3.1
2022-10-16,2022/23,Southampton,West Ham,1.0,1.0,D,2.9,3.4,2.4
2022-10-16,2022/23,Aston Villa,Chelsea,0.0,2.0,A,4.33,3.75,1.8
2022-10-16,2022/23,Leeds,Arsenal,0.0,1.0,A,6.0,4.2,1.55
2022-10-16,2022/23,Man United,Newcastle,0.0,0.0,D,1.95,3.8,3.5
2022-10-16,2022/23,Liverpool,Man City,1.0,0.0,H,3.6,4.0,1.9
2022-10-18,2022/23,Brighton,Nott'm Forest,0.0,0.0,D,1.4,4.75,7.0
2022-10-18,2022/23,Crystal Palace,Wolves,2.0,1.0,H,2.25,3.1,3.4
2022-10-19,2022/23,Bournemouth,Southampton,0.0,1.0,A,2.62,3.3,2.62
2022-10-19,2022/23,Brentford,Chelsea,0.0,0.0,D,4.75,3.8,1.72
2022-10-19,2022/23,Liverpool,West Ham,1.0,0.0,H,1.4,5.0,7.0
2022-10-19,2022/23,Newcastle,Everton,1.0,0.0,H,1.6,3.8,5.75
2022-10-19,2022/23,Man United,Tottenham,2.0,0.0,H,2.45,3.5,2.75
2022-10-20,2022/23,Fulham,Aston Villa,3.0,0.0,H,2.9,3.3,2.5
2022-10-20,2022/23,Leicester,Leeds,2.0,0.0,H,2.25,3.6,3.0
2022-10-22,2022/23,Man City,Brighton,3.0,1.0,H,1.2,7.0,13.0
2022-10-22,2022/23,Chelsea,Man United,1.0,1.0,D,2.05,3.5,3.5
2022-10-22,2022/23,Nott'm Forest,Liverpool,1.0,0.0,H,11.0,6.0,1.25
2022-10-22,2022/23,Everton,Crystal Palace,3.0,0.0,H,2.6,3.2,2.87
2022-10-23,2022/23,Tottenham,Newcastle,1.0,2.0,A,2.05,3.5,3.5
2022-10-23,2022/23,Aston Villa,Brentford,4.0,0.0,H,2.1,3.5,3.5
2022-10-23,2022/23,Leeds,Fulham,2.0,3.0,A,2.05,3.5,3.6
2022-10-23,2022/23,Southampton,Arsenal,1.0,1.0,D,6.0,4.0,1.57
2022-10-23,2022/23,Wolves,Leicester,0.0,4.0,A,2.25,3.25,3.25
2022-10-24,2022/23,West Ham,Bournemouth,2.0,0.0,H,1.55,4.0,6.0
2022-10-29,2022/23,Newcastle,Aston Villa,4.0,0.0,H,1.8,3.75,4.5
2022-10-29,2022/23,Liverpool,Leeds,1.0,2.0,A,1.3,6.0,9.0
2022-10-29,2022/23,Crystal Palace,Southampton,1.0,0.0,H,1.9,3.6,4.0
2022-10-29,2022/23,Brighton,Chelsea,4.0,1.0,H,3.0,3.3,2.4
2022-10-29,2022/23,Fulham,Everton,0.0,0.0,D,2.37,3.4,3.0
2022-10-29,2022/23,Bournemouth,Tottenham,2.0,3.0,A,5.0,3.8,1.7
2022-10-29,2022/23,Leicester,Man City,0.0,1.0,A,10.0,6.5,1.25
2022-10-29,2022/23,Brentford,Wolves,1.0,1.0,D,2.2,3.4,3.3
2022-10-30,2022/23,Arsenal,Nott'm Forest,5.0,0.0,H,1.2,7.0,12.0
2022-10-30,2022/23,Man United,West Ham,1.0,0.0,H,1.66,4.0,4.8
2022-11-05,2022/23,Leeds,Bournemouth,4.0,3.0,H,1.72,3.8,4.75
2022-11-05,2022/23,Man City,Fulham,2.0,1.0,H,1.11,9.5,19.0
2022-11-05,2022/23,Nott'm Forest,Brentford,2.0,2.0,D,2.75,3.3,2.6
2022-11-05,2022/23,Wolves,Brighton,2.0,3.0,A,3.3,3.3,2.25
2022-11-05,2022/23,Everton,Leicester,0.0,2.0,A,2.4,3.3,3.0
2022-11-06,2022/23,Tottenham,Liverpool,1.0,2.0,A,3.3,3.6,2.1
2022-11-06,2022/23,West Ham,Crystal Palace,1.0,2.0,A,1.9,3.4,4.2
2022-11-06,2022/23,Southampton,Newcastle,1.0,4.0,A,4.0,3.6,1.9
2022-11-06,2022/23,Chelsea,Arsenal,0.0,1.0,A,2.55,3.4,2.7
2022-11-06,2022/23,Aston Villa,Man United,3.0,1.0,H,3.3,3.8,2.1
2022-11-12,2022/23,Wolves,Arsenal,0.0,2.0,A,6.0,4.2,1.55
2022-11-12,2022/23,Man City,Brentford,1.0,2.0,A,1.14,8.0,17.0
2022-11-12,2022/23,Bournemouth,Everton,3.0,0.0,H,2.8,3.25,2.6
2022-11-12,2022/23,Liverpool,Southampton,3.0,1.0,H,1.25,6.5,11.0
2022-11-12,2022/23,Nott'm Forest,Crystal Palace,1.0,0.0,H,3.1,3.1,2.45
2022-11-12,2022/23,Tottenham,Leeds,4.0,3.0,H,1.65,4.2,4.75
2022-11-12,2022/23,West Ham,Leicester,0.0,2.0,A,2.05,3.4,3.75
2022-11-12,2022/23,Newcastle,Chelsea,1.0,0.0,H,2.35,3.4,3.0
2022-11-13,2022/23,Fulham,Man United,1.0,2.0,A,3.8,3.8,1.9
2022-11-13,2022/23,Brighton,Aston Villa,1.0,2.0,A,1.83,3.75,4.2
2022-12-26,2022/23,Arsenal,West Ham,3.0,1.0,H,1.5,4.33,6.5
2022-12-26,2022/23,Brentford,Tottenham,2.0,2.0,D,4.0,3.6,1.91
2022-12-26,2022/23,Crystal Palace,Fulham,0.0,3.0,A,2.05,3.6,3.5
2022-12-26,2022/23,Everton,Wolves,1.0,2.0,A,2.3,3.25,3.2
2022-12-26,2022/23,Leicester,Newcastle,0.0,3.0,A,3.25,3.5,2.2
2022-12-26,2022/23,Southampton,Brighton,1.0,3.0,A,3.3,3.5,2.15
2022-12-26,2022/23,Aston Villa,Liverpool,1.0,3.0,A,4.75,4.0,1.7
2022-12-27,2022/23,Man United,Nott'm Forest,3.0,0.0,H,1.29,5.5,11.0
2022-12-27,2022/23,Chelsea,Bournemouth,2.0,0.0,H,1.3,5.5,10.0
2022-12-28,2022/23,Leeds,Man City,1.0,3.0,A,9.5,6.0,1.29
2022-12-30,2022/23,West Ham,Brentford,0.0,2.0,A,2.0,3.6,3.6
2022-12-30,2022/23,Liverpool,Leicester,2.0,1.0,H,1.29,6.0,9.5
2022-12-31,2022/23,Wolves,Man United,0.0,1.0,A,4.0,3.6,1.91
2022-12-31,2022/23,Bournemouth,Crystal Palace,0.0,2.0,A,2.8,3.3,2.5
2022-12-31,2022/23,Fulham,Southampton,2.0,1.0,H,1.95,3.6,3.75
2022-12-31,2022/23,Man City,Everton,1.0,1.0,D,1.13,9.0,19.0
2022-12-31,2022/23,Newcastle,Leeds,0.0,0.0,D,1.45,4.5,7.0
2022-12-31,2022/23,Brighton,Arsenal,2.0,4.0,A,3.4,3.5,2.1
2023-01-01,2022/23,Tottenham,Aston Villa,0.0,2.0,A,1.67,4.0,5.0
2023-01-01,2022/23,Nott'm Forest,Chelsea,1.0,1.0,D,5.0,3.8,1.7
2023-01-02,2022/23,Brentford,Liverpool,3.0,1.0,H,5.5,4.33,1.55
2023-01-03,2022/23,Man United,Bournemouth,3.0,0.0,H,1.29,5.5,11.0
2023-01-03,2022/23,Leicester,Fulham,0.0,1.0,A,2.2,3.6,3.1
2023-01-03,2022/23,Arsenal,Newcastle,0.0,0.0,D,1.8,3.8,4.33
2023-01-03,2022/23,Everton,Brighton,1.0,4.0,A,3.5,3.5,2.1
2023-01-04,2022/23,Crystal Palace,Tottenham,0.0,4.0,A,3.4,3.5,2.15
2023-01-04,2022/23,Southampton,Nott'm Forest,0.0,1.0,A,2.0,3.5,3.8
2023-01-04,2022/23,Leeds,West Ham,2.0,2.0,D,2.6,3.5,2.6
2023-01-04,2022/23,Aston Villa,Wolves,1.0,1.0,D,1.95,3.6,4.0
2023-01-05,2022/23,Chelsea,Man City,0.0,1.0,A,5.0,4.0,1.67
2023-01-12,2022/23,Fulham,Chelsea,2.0,1.0,H,3.3,3.5,2.15
2023-01-13,2022/23,Aston Villa,Leeds,2.0,1.0,H,1.91,3.6,4.0
2023-01-14,2022/23,Wolves,West Ham,1.0,0.0,H,2.63,3.3,2.7
2023-01-14,2022/23,Nott'm Forest,Leicester,2.0,0.0,H,2.7,3.3,2.63
2023-01-14,2022/23,Brentford,Bournemouth,2.0,0.0,H,1.65,4.0,5.25
2023-01-14,2022/23,Man United,Man City,2.0,1.0,H,4.2,3.6,1.85
2023-01-14,2022/23,Brighton,Liverpool,3.0,0.0,H,3.4,3.6,2.1
2023-01-14,2022/23,Everton,Southampton,1.0,2.0,A,2.25,3.25,3.3
2023-01-15,2022/23,Chelsea,Crystal Palace,1.0,0.0,H,1.62,4.0,5.25
2023-01-15,2022/23,Newcastle,Fulham,1.0,0.0,H,1.5,4.33,6.5
2023-01-15,2022/23,Tottenham,Arsenal,0.0,2.0,A,3.1,3.6,2.2
2023-01-18,2022/23,Crystal Palace,Man United,1.0,1.0,D,4.5,3.6,1.8
2023-01-19,2022/23,Man City,Tottenham,4.0,2.0,H,1.36,5.0,8.5
2023-01-21,2022/23,Liverpool,Chelsea,0.0,0.0,D,1.85,3.75,4.0
2023-01-21,2022/23,Leicester,Brighton,2.0,2.0,D,3.6,3.5,2.05
2023-01-21,2022/23,Southampton,Aston Villa,0.0,1.0,A,2.88,3.25,2.55
2023-01-21,2022/23,West Ham,Everton,2.0,0.0,H,1.8,3.75,4.75
2023-01-21,2022/23,Crystal Palace,Newcastle,0.0,0.0,D,4.4,3.5,1.85
2023-01-21,2022/23,Bournemouth,Nott'm Forest,1.0,1.0,D,2.75,3.1,2.75
2023-01-22,2022/23,Arsenal,Man United,3.0,2.0,H,1.8,3.8,4.2
2023-01-22,2022/23,Man City,Wolves,3.0,0.0,H,1.2,8.0,11.0
2023-01-22,2022/23,Leeds,Brentford,0.0,0.0,D,2.38,3.6,2.88
2023-01-23,2022/23,Fulham,Tottenham,0.0,1.0,A,3.3,3.6,2.1
2023-02-03,2022/23,Chelsea,Fulham,0.0,0.0,D,1.62,4.0,5.25
2023-02-04,2022/23,Newcastle,West Ham,1.0,1.0,D,1.6,3.8,6.0
2023-02-04,2022/23,Everton,Arsenal,1.0,0.0,H,8.5,4.5,1.4
2023-02-04,2022/23,Aston Villa,Leicester,2.0,4.0,A,1.95,3.6,3.8
2023-02-04,2022/23,Brentford,Southampton,3.0,0.0,H,1.85,3.6,4.2
2023-02-04,2022/23,Brighton,Bournemouth,1.0,0.0,H,1.33,5.25,8.5
2023-02-04,2022/23,Man United,Crystal Palace,2.0,1.0,H,1.4,4.75,8.0
2023-02-04,2022/23,Wolves,Liverpool,3.0,0.0,H,4.0,3.8,1.85
2023-02-05,2022/23,Nott'm Forest,Leeds,1.0,0.0,H,2.63,3.3,2.7
2023-02-05,2022/23,Tottenham,Man City,1.0,0.0,H,4.33,4.2,1.73
2023-02-08,2022/23,Man United,Leeds,2.0,2.0,D,1.45,5.0,6.0
2023-02-11,2022/23,Bournemouth,Newcastle,1.0,1.0,D,6.5,4.0,1.53
2023-02-11,2022/23,Southampton,Wolves,1.0,2.0,A,2.9,3.2,2.55
2023-02-11,2022/23,Leicester,Tottenham,4.0,1.0,H,3.4,3.6,2.1
2023-02-11,2022/23,Fulham,Nott'm Forest,2.0,0.0,H,1.91,3.5,4.33
2023-02-11,2022/23,Arsenal,Brentford,1.0,1.0,D,1.44,4.75,7.0
2023-02-11,2022/23,West Ham,Chelsea,1.0,1.0,D,3.3,3.3,2.25
2023-02-11,2022/23,Crystal Palace,Brighton,1.0,1.0,D,3.8,3.5,2.0
2023-02-12,2022/23,Leeds,Man United,0.0,2.0,A,3.75,3.8,1.91
2023-02-12,2022/23,Man City,Aston Villa,3.0,1.0,H,1.25,6.5,11.0
2023-02-13,2022/23,Liverpool,Everton,2.0,0.0,H,1.5,4.33,6.5
2023-02-15,2022/23,Arsenal,Man City,1.0,3.0,A,2.9,3.5,2.35
2023-02-18,2022/23,Everton,Leeds,1.0,0.0,H,2.4,3.3,3.0
2023-02-18,2022/23,Wolves,Bournemouth,0.0,1.0,A,1.67,3.6,6.0
2023-02-18,2022/23,Nott'm Forest,Man City,1.0,1.0,D,8.5,5.5,1.3
2023-02-18,2022/23,Chelsea,Southampton,0.0,1.0,A,1.4,4.75,8.5
2023-02-18,2022/23,Newcastle,Liverpool,0.0,2.0,A,2.5,3.5,2.7
2023-02-18,2022/23,Brentford,Crystal Palace,1.0,1.0,D,1.83,3.5,4.5
2023-02-18,2022/23,Aston Villa,Arsenal,2.0,4.0,A,4.5,3.6,1.5
2023-02-18,2022/23,Brighton,Fulham,0.0,1.0,A,1.65,3.8,5.5
2023-02-19,2022/23,Man United,Leicester,3.0,0.0,H,1.62,4.33,5.25
2023-02-19,2022/23,Tottenham,West Ham,2.0,0.0,H,1.75,3.6,4.75
2023-02-24,2022/23,Fulham,Wolves,1.0,1.0,D,2.5,3.2,3.0
2023-02-25,2022/23,Crystal Palace,Liverpool,0.0,0.0,D,4.75,3.8,1.73
2023-02-25,2022/23,Bournemouth,Man City,1.0,4.0,A,10.0,5.75,1.29
2023-02-25,2022/23,West Ham,Nott'm Forest,4.0,0.0,H,1.75,3.6,5.0
2023-02-25,2022/23,Leicester,Arsenal,0.0,1.0,A,4.75,4.0,1.7
2023-02-25,2022/23,Leeds,Southampton,1.0,0.0,H,1.95,3.5,4.0
2023-02-25,2022/23,Everton,Aston Villa,0.0,2.0,A,2.5,3.2,3.0
2023-02-26,2022/23,Tottenham,Chelsea,2.0,0.0,H,2.55,3.25,2.9
2023-03-01,2022/23,Arsenal,Everton,4.0,0.0,H,1.36,4.75,10.0
2023-03-01,2022/23,Liverpool,Wolves,2.0,0.0,H,1.5,4.75,6.0
2023-03-04,2022/23,Wolves,Tottenham,1.0,0.0,H,3.3,3.4,2.2
2023-03-04,2022/23,Southampton,Leicester,1.0,0.0,H,2.75,3.3,2.6
2023-03-04,2022/23,Chelsea,Leeds,1.0,0.0,H,1.62,4.0,5.5
2023-03-04,2022/23,Brighton,West Ham,4.0,0.0,H,1.8,3.6,4.5
2023-03-04,2022/23,Man City,Newcastle,2.0,0.0,H,1.45,4.5,7.0
2023-03-04,2022/23,Arsenal,Bournemouth,3.0,2.0,H,1.22,7.0,12.0
2023-03-04,2022/23,Aston Villa,Crystal Palace,1.0,0.0,H,2.05,3.3,3.8
2023-03-05,2022/23,Nott'm Forest,Everton,2.0,2.0,D,2.7,3.0,2.88
2023-03-05,2022/23,Liverpool,Man United,7.0,0.0,H,2.38,3.6,2.88
2023-03-06,2022/23,Brentford,Fulham,3.0,2.0,H,1.95,3.6,3.75
2023-03-11,2022/23,Crystal Palace,Man City,0.0,1.0,A,9.0,4.75,1.36
2023-03-11,2022/23,Bournemouth,Liverpool,1.0,0.0,H,7.5,5.0,1.4
2023-03-11,2022/23,Everton,Brentford,1.0,0.0,H,2.7,3.25,2.7
2023-03-11,2022/23,Leeds,Brighton,2.0,2.0,D,3.75,3.6,1.95
2023-03-11,2022/23,Leicester,Chelsea,1.0,3.0,A,3.75,3.5,1.95
2023-03-11,2022/23,Tottenham,Nott'm Forest,3.0,1.0,H,1.44,4.75,7.0
2023-03-12,2022/23,Newcastle,Wolves,2.0,1.0,H,1.65,3.75,5.5
2023-03-12,2022/23,West Ham,Aston Villa,1.0,1.0,D,2.2,3.3,3.4
2023-03-12,2022/23,Fulham,Arsenal,0.0,3.0,A,6.0,4.0,1.57
2023-03-12,2022/23,Man United,Southampton,0.0,0.0,D,1.36,5.0,9.0
2023-03-15,2022/23,Brighton,Crystal Palace,1.0,0.0,H,1.44,4.2,8.0
2023-03-15,2022/23,Southampton,Brentford,0.0,2.0,A,2.88,3.25,2.5
2023-03-17,2022/23,Nott'm Forest,Newcastle,1.0,2.0,A,5.5,3.8,1.62
2023-03-18,2022/23,Aston Villa,Bournemouth,3.0,0.0,H,1.7,3.8,5.0
2023-03-18,2022/23,Brentford,Leicester,1.0,1.0,D,1.91,3.6,3.75
2023-03-18,2022/23,Southampton,Tottenham,3.0,3.0,D,4.75,3.6,1.75
2023-03-18,2022/23,Wolves,Leeds,2.0,4.0,A,2.25,3.2,3.3
2023-03-18,2022/23,Chelsea,Everton,2.0,2.0,D,1.5,4.2,7.5
2023-03-19,2022/23,Arsenal,Crystal Palace,4.0,1.0,H,1.25,5.5,15.0
2023-04-01,2022/23,Brighton,Brentford,3.0,3.0,D,1.67,4.0,5.0
2023-04-01,2022/23,Chelsea,Aston Villa,0.0,2.0,A,1.67,3.8,5.25
2023-04-01,2022/23,Nott'm Forest,Wolves,1.0,1.0,D,3.0,3.1,2.55
2023-04-01,2022/23,Crystal Palace,Leicester,2.0,1.0,H,2.5,3.25,2.9
2023-04-01,2022/23,Arsenal,Leeds,4.0,1.0,H,1.29,6.0,9.0
2023-04-01,2022/23,Man City,Liverpool,4.0,1.0,H,1.62,4.2,5.0
2023-04-01,2022/23,Bournemouth,Fulham,2.0,1.0,H,2.55,3.3,2.8
2023-04-02,2022/23,West Ham,Southampton,1.0,0.0,H,1.73,3.6,5.0
2023-04-02,2022/23,Newcastle,Man United,2.0,0.0,H,2.4,3.4,2.9
2023-04-03,2022/23,Everton,Tottenham,1.0,1.0,D,3.4,3.3,2.2
2023-04-04,2022/23,Leicester,Aston Villa,1.0,2.0,A,2.55,3.3,2.75
2023-04-04,2022/23,Bournemouth,Brighton,0.0,2.0,A,6.0,4.2,1.53
2023-04-04,2022/23,Leeds,Nott'm Forest,2.0,1.0,H,1.7,3.75,5.0
2023-04-04,2022/23,Chelsea,Liverpool,0.0,0.0,D,2.2,3.4,3.25
2023-04-05,2022/23,Man United,Brentford,1.0,0.0,H,1.65,4.0,5.0
2023-04-05,2022/23,West Ham,Newcastle,1.0,5.0,A,3.6,3.25,2.15
2023-04-08,2022/23,Wolves,Chelsea,1.0,0.0,H,4.2,3.5,1.91
2023-04-08,2022/23,Tottenham,Brighton,2.0,1.0,H,2.55,3.5,2.7
2023-04-08,2022/23,Southampton,Man City,1.0,4.0,A,11.0,6.0,1.25
2023-04-08,2022/23,Leicester,Bournemouth,0.0,1.0,A,1.83,3.75,4.2
2023-04-08,2022/23,Aston Villa,Nott'm Forest,2.0,0.0,H,1.6,4.2,5.25
2023-04-08,2022/23,Brentford,Newcastle,1.0,2.0,A,3.6,3.4,2.05
2023-04-08,2022/23,Man United,Everton,2.0,0.0,H,1.5,4.33,6.5
2023-04-08,2022/23,Fulham,West Ham,0.0,1.0,A,2.8,3.25,2.63
2023-04-09,2022/23,Leeds,Crystal Palace,1.0,5.0,A,2.1,3.4,3.6
2023-04-09,2022/23,Liverpool,Arsenal,2.0,2.0,D,2.88,3.6,2.38
2023-04-15,2022/23,Man City,Leicester,3.0,1.0,H,1.14,8.5,15.0
2023-04-15,2022/23,Wolves,Brentford,2.0,0.0,H,2.45,3.1,3.0
2023-04-15,2022/23,Southampton,Crystal Palace,0.0,2.0,A,2.8,3.1,2.7
2023-04-15,2022/23,Tottenham,Bournemouth,2.0,3.0,A,1.45,4.5,7.0
2023-04-15,2022/23,Chelsea,Brighton,1.0,2.0,A,2.63,3.4,2.63
2023-04-15,2022/23,Aston Villa,Newcastle,3.0,0.0,H,3.6,3.4,2.05
2023-04-15,2022/23,Everton,Fulham,1.0,3.0,A,2.05,3.4,3.7
2023-04-16,2022/23,West Ham,Arsenal,2.0,2.0,D,6.0,4.2,1.55
2023-04-16,2022/23,Nott'm Forest,Man United,0.0,2.0,A,5.5,4.0,1.62
2023-04-17,2022/23,Leeds,Liverpool,1.0,6.0,A,4.2,4.2,1.73
2023-04-21,2022/23,Arsenal,Southampton,3.0,3.0,D,1.2,7.0,13.0
2023-04-22,2022/23,Leicester,Wolves,2.0,1.0,H,2.38,3.3,3.0
2023-04-22,2022/23,Fulham,Leeds,2.0,1.0,H,2.3,3.4,3.1
2023-04-22,2022/23,Brentford,Aston Villa,1.0,1.0,D,2.5,3.25,2.88
2023-04-22,2022/23,Crystal Palace,Everton,0.0,0.0,D,2.05,3.2,3.75
2023-04-22,2022/23,Liverpool,Nott'm Forest,3.0,2.0,H,1.17,7.5,17.0
2023-04-23,2022/23,Bournemouth,West Ham,0.0,4.0,A,2.88,3.2,2.55
2023-04-23,2022/23,Newcastle,Tottenham,6.0,1.0,H,1.83,3.75,4.2
2023-04-25,2022/23,Leeds,Leicester,1.0,1.0,D,2.3,3.5,3.0
2023-04-25,2022/23,Aston Villa,Fulham,1.0,0.0,H,1.75,4.0,4.2
2023-04-25,2022/23,Wolves,Crystal Palace,2.0,0.0,H,2.45,3.2,3.0
2023-04-26,2022/23,Man City,Arsenal,4.0,1.0,H,1.55,4.5,5.25
2023-04-26,2022/23,Chelsea,Brentford,0.0,2.0,A,1.7,4.0,4.75
2023-04-26,2022/23,West Ham,Liverpool,1.0,2.0,A,3.9,3.9,1.85
2023-04-26,2022/23,Nott'm Forest,Brighton,3.0,1.0,H,6.0,4.2,1.53
2023-04-27,2022/23,Everton,Newcastle,1.0,4.0,A,4.75,3.6,1.73
2023-04-27,2022/23,Southampton,Bournemouth,0.0,1.0,A,2.25,3.4,3.2
2023-04-27,2022/23,Tottenham,Man United,2.0,2.0,D,2.8,3.6,2.4
2023-04-29,2022/23,Crystal Palace,West Ham,4.0,3.0,H,2.63,3.25,2.75
2023-04-29,2022/23,Brentford,Nott'm Forest,2.0,1.0,H,1.65,3.8,5.5
2023-04-29,2022/23,Brighton,Wolves,6.0,0.0,H,1.5,4.33,6.5
2023-04-30,2022/23,Newcastle,Southampton,3.0,1.0,H,1.3,5.25,10.0
2023-04-30,2022/23,Man United,Aston Villa,1.0,0.0,H,1.73,3.9,4.6
2023-04-30,2022/23,Liverpool,Tottenham,4.0,3.0,H,1.53,4.5,5.75
2023-04-30,2022/23,Bournemouth,Leeds,4.0,1.0,H,2.55,3.5,2.7
2023-04-30,2022/23,Fulham,Man City,1.0,2.0,A,12.0,6.0,1.25
2023-05-01,2022/23,Leicester,Everton,2.0,2.0,D,2.0,3.5,3.75
2023-05-02,2022/23,Arsenal,Chelsea,3.0,1.0,H,1.6,4.0,5.5
2023-05-03,2022/23,Liverpool,Fulham,1.0,0.0,H,1.25,5.75,11.0
2023-05-03,2022/23,Man City,West Ham,3.0,0.0,H,1.2,7.0,13.0
2023-05-04,2022/23,Brighton,Man United,1.0,0.0,H,1.95,3.5,3.75
2023-05-06,2022/23,Bournemouth,Chelsea,1.0,3.0,A,3.3,3.5,2.15
2023-05-06,2022/23,Man City,Leeds,2.0,1.0,H,1.17,8.5,15.0
2023-05-06,2022/23,Tottenham,Crystal Palace,1.0,0.0,H,1.8,3.8,4.2
2023-05-06,2022/23,Wolves,Aston Villa,1.0,0.0,H,2.88,3.3,2.5
2023-05-06,2022/23,Liverpool,Brentford,1.0,0.0,H,1.44,5.0,6.0
2023-05-07,2022/23,West Ham,Man United,1.0,0.0,H,3.4,3.75,2.05
2023-05-07,2022/23,Newcastle,Arsenal,0.0,2.0,A,2.45,3.75,2.63
2023-05-08,2022/23,Nott'm Forest,Southampton,4.0,3.0,H,2.1,3.6,3.4
2023-05-08,2022/23,Brighton,Everton,1.0,5.0,A,1.33,5.25,9.0
2023-05-08,2022/23,Fulham,Leicester,5.0,3.0,H,2.63,3.5,2.6
2023-05-13,2022/23,Leeds,Newcastle,2.0,2.0,D,4.33,4.2,1.7
2023-05-13,2022/23,Aston Villa,Tottenham,2.0,1.0,H,2.25,3.6,2.9
2023-05-13,2022/23,Chelsea,Nott'm Forest,2.0,2.0,D,1.5,4.5,6.0
2023-05-13,2022/23,Crystal Palace,Bournemouth,2.0,0.0,H,1.83,3.6,4.2
2023-05-13,2022/23,Man United,Wolves,2.0,0.0,H,1.36,5.0,7.5
2023-05-13,2022/23,Southampton,Fulham,0.0,2.0,A,2.75,3.3,2.5
2023-05-14,2022/23,Brentford,West Ham,2.0,0.0,H,2.0,3.5,3.6
2023-05-14,2022/23,Everton,Man City,0.0,3.0,A,9.0,4.75,1.36
2023-05-14,2022/23,Arsenal,Brighton,0.0,3.0,A,1.73,4.2,4.2
2023-05-15,2022/23,Leicester,Liverpool,0.0,3.0,A,5.25,4.33,1.57
2023-05-18,2022/23,Newcastle,Brighton,4.0,1.0,H,2.0,3.8,3.5
2023-05-20,2022/23,Nott'm Forest,Arsenal,1.0,0.0,H,5.25,4.33,1.57
2023-05-20,2022/23,Wolves,Everton,1.0,1.0,D,2.75,3.3,2.6
2023-05-20,2022/23,Liverpool,Aston Villa,1.0,1.0,D,1.45,5.0,6.25
2023-05-20,2022/23,Bournemouth,Man United,0.0,1.0,A,6.0,4.75,1.5
2023-05-20,2022/23,Tottenham,Brentford,1.0,3.0,A,1.83,3.9,4.0
2023-05-20,2022/23,Fulham,Crystal Palace,2.0,2.0,D,2.45,3.4,2.9
2023-05-21,2022/23,West Ham,Leeds,3.0,1.0,H,2.4,3.5,2.88
2023-05-21,2022/23,Brighton,Southampton,3.0,1.0,H,1.22,7.0,11.0
2023-05-21,2022/23,Man City,Chelsea,1.0,0.0,H,1.25,6.0,11.0
2023-05-22,2022/23,Newcastle,Leicester,0.0,0.0,D,1.36,5.5,7.0
2023-05-24,2022/23,Brighton,Man City,1.0,1.0,D,4.0,4.33,1.75
2023-05-25,2022/23,Man United,Chelsea,4.0,1.0,H,1.6,4.33,5.0
2023-05-28,2022/23,Leeds,Tottenham,1.0,4.0,A,2.75,3.8,2.3
2023-05-28,2022/23,Man United,Fulham,2.0,1.0,H,1.5,4.33,6.0
2023-05-28,2022/23,Leicester,West Ham,2.0,1.0,H,1.91,3.8,3.6
2023-05-28,2022/23,Everton,Bournemouth,1.0,0.0,H,1.5,4.5,6.5
2023-05-28,2022/23,Southampton,Liverpool,4.0,4.0,D,6.5,4.75,1.44
2023-05-28,2022/23,Chelsea,Newcastle,1.0,1.0,D,2.9,3.5,2.38
2023-05-28,2022/23,Brentford,Man City,1.0,0.0,H,3.8,4.0,1.83
2023-05-28,2022/23,Aston Villa,Brighton,2.0,1.0,H,2.0,3.6,3.5
2023-05-28,2022/23,Arsenal,Wolves,5.0,0.0,H,1.36,5.25,8.0
2023-05-28,2022/23,Crystal Palace,Nott'm Forest,1.0,1.0,D,1.67,4.0,5.0
2023-08-11,2023/24,Burnley,Man City,0.0,3.0,A,8.0,5.5,1.33
2023-08-12,2023/24,Newcastle,Aston Villa,5.0,1.0,H,1.75,3.75,4.6
2023-08-12,2023/24,Sheffield United,Crystal Palace,0.0,1.0,A,3.0,3.3,2.38
2023-08-12,2023/24,Everton,Fulham,0.0,1.0,A,2.2,3.4,3.3
2023-08-12,2023/24,Brighton,Luton,4.0,1.0,H,1.33,5.5,9.0
2023-08-12,2023/24,Bournemouth,West Ham,1.0,1.0,D,2.7,3.4,2.55
2023-08-12,2023/24,Arsenal,Nott'm Forest,2.0,1.0,H,1.18,7.0,15.0
2023-08-13,2023/24,Brentford,Tottenham,2.0,2.0,D,2.75,3.4,2.45
2023-08-13,2023/24,Chelsea,Liverpool,1.0,1.0,D,2.9,3.4,2.38
2023-08-14,2023/24,Man United,Wolves,1.0,0.0,H,1.33,5.5,9.0
2023-08-18,2023/24,Nott'm Forest,Sheffield United,2.0,1.0,H,1.95,3.4,4.0
2023-08-19,2023/24,Man City,Newcastle,1.0,0.0,H,1.67,4.0,5.0
2023-08-19,2023/24,Tottenham,Man United,2.0,0.0,H,2.8,3.6,2.38
2023-08-19,2023/24,Wolves,Brighton,1.0,4.0,A,4.0,3.8,1.85
2023-08-19,2023/24,Liverpool,Bournemouth,3.0,1.0,H,1.2,7.0,13.0
2023-08-19,2023/24,Fulham,Brentford,0.0,3.0,A,2.7,3.3,2.63
2023-08-20,2023/24,West Ham,Chelsea,3.0,1.0,H,3.75,3.5,2.0
2023-08-20,2023/24,Aston Villa,Everton,4.0,0.0,H,1.7,4.0,4.5
2023-08-21,2023/24,Crystal Palace,Arsenal,0.0,1.0,A,5.5,4.0,1.6
2023-08-25,2023/24,Chelsea,Luton,3.0,0.0,H,1.29,5.5,11.0
2023-08-26,2023/24,Bournemouth,Tottenham,0.0,2.0,A,3.8,3.75,1.91
2023-08-26,2023/24,Arsenal,Fulham,2.0,2.0,D,1.2,7.0,13.0
2023-08-26,2023/24,Brentford,Crystal Palace,1.0,1.0,D,2.15,3.4,3.5
2023-08-26,2023/24,Everton,Wolves,0.0,1.0,A,2.3,3.3,3.2
2023-08-26,2023/24,Man United,Nott'm Forest,3.0,2.0,H,1.3,6.0,8.0
2023-08-26,2023/24,Brighton,West Ham,1.0,3.0,A,1.53,4.75,5.25
2023-08-27,2023/24,Newcastle,Liverpool,1.0,2.0,A,2.2,3.75,3.0
2023-08-27,2023/24,Burnley,Aston Villa,1.0,3.0,A,3.4,3.4,2.15
2023-08-27,2023/24,Sheffield United,Man City,1.0,2.0,A,13.0,8.0,1.17
2023-09-01,2023/24,Luton,West Ham,1.0,2.0,A,4.75,3.8,1.73
2023-09-02,2023/24,Sheffield United,Everton,2.0,2.0,D,2.9,3.25,2.5
2023-09-02,2023/24,Brentford,Bournemouth,2.0,2.0,D,1.73,3.8,4.75
2023-09-02,2023/24,Burnley,Tottenham,2.0,5.0,A,3.6,4.0,1.85
2023-09-02,2023/24,Chelsea,Nott'm Forest,0.0,1.0,A,1.4,4.5,8.5
2023-09-02,2023/24,Man City,Fulham,5.0,1.0,H,1.17,8.0,15.0
2023-09-02,2023/24,Brighton,Newcastle,3.0,1.0,H,2.5,3.8,2.55
2023-09-03,2023/24,Crystal Palace,Wolves,3.0,2.0,H,1.91,3.3,4.33
2023-09-03,2023/24,Liverpool,Aston Villa,3.0,0.0,H,1.65,4.5,4.5
2023-09-03,2023/24,Arsenal,Man United,3.0,1.0,H,1.75,3.8,4.5
2023-09-16,2023/24,Tottenham,Sheffield United,2.0,1.0,H,1.29,5.5,11.0
2023-09-16,2023/24,Newcastle,Brentford,1.0,0.0,H,1.53,4.2,6.0
2023-09-16,2023/24,West Ham,Man City,1.0,3.0,A,7.0,4.5,1.45
2023-09-16,2023/24,Man United,Brighton,1.0,3.0,A,2.15,4.0,2.88
2023-09-16,2023/24,Aston Villa,Crystal Palace,3.0,1.0,H,1.91,3.6,4.0
2023-09-16,2023/24,Wolves,Liverpool,1.0,3.0,A,6.0,5.0,1.45
2023-09-16,2023/24,Fulham,Luton,1.0,0.0,H,1.67,3.75,5.5
2023-09-17,2023/24,Bournemouth,Chelsea,0.0,0.0,D,4.33,3.75,1.8
2023-09-17,2023/24,Everton,Arsenal,0.0,1.0,A,6.0,4.5,1.5
2023-09-18,2023/24,Nott'm Forest,Burnley,1.0,1.0,D,2.2,3.5,3.25
2023-09-23,2023/24,Burnley,Man United,0.0,1.0,A,4.2,4.2,1.73
2023-09-23,2023/24,Brentford,Everton,1.0,3.0,A,1.8,3.8,4.2
2023-09-23,2023/24,Man City,Nott'm Forest,2.0,0.0,H,1.14,8.5,15.0
2023-09-23,2023/24,Luton,Wolves,1.0,1.0,D,3.25,3.4,2.2
2023-09-23,2023/24,Crystal Palace,Fulham,0.0,0.0,D,1.91,3.4,4.2
2023-09-24,2023/24,Arsenal,Tottenham,2.0,2.0,D,1.67,4.33,4.33
2023-09-24,2023/24,Brighton,Bournemouth,3.0,1.0,H,1.36,5.25,7.5
2023-09-24,2023/24,Chelsea,Aston Villa,0.0,1.0,A,1.91,3.75,3.8
2023-09-24,2023/24,Liverpool,West Ham,3.0,1.0,H,1.4,5.0,7.0
2023-09-24,2023/24,Sheffield United,Newcastle,0.0,8.0,A,7.0,4.75,1.44
2023-09-30,2023/24,Wolves,Man City,2.0,1.0,H,8.0,5.75,1.33
2023-09-30,2023/24,West Ham,Sheffield United,2.0,0.0,H,1.45,4.5,7.0
2023-09-30,2023/24,Newcastle,Burnley,2.0,0.0,H,1.3,5.75,9.0
2023-09-30,2023/24,Tottenham,Liverpool,2.0,1.0,H,2.9,4.0,2.15
2023-09-30,2023/24,Everton,Luton,1.0,2.0,A,1.57,3.8,6.5
2023-09-30,2023/24,Bournemouth,Arsenal,0.0,4.0,A,5.5,4.5,1.53
2023-09-30,2023/24,Aston Villa,Brighton,6.0,1.0,H,2.55,3.75,2.55
2023-09-30,2023/24,Man United,Crystal Palace,0.0,1.0,A,1.55,4.2,5.75
2023-10-01,2023/24,Nott'm Forest,Brentford,1.0,1.0,D,2.75,3.1,2.7
2023-10-02,2023/24,Fulham,Chelsea,0.0,2.0,A,3.6,3.5,2.05
2023-10-03,2023/24,Luton,Burnley,1.0,2.0,A,2.9,3.0,2.63
2023-10-07,2023/24,Crystal Palace,Nott'm Forest,0.0,0.0,D,2.2,3.1,3.6
2023-10-07,2023/24,Man United,Brentford,2.0,1.0,H,1.67,4.2,4.75
2023-10-07,2023/24,Luton,Tottenham,0.0,1.0,A,6.0,4.75,1.45
2023-10-07,2023/24,Everton,Bournemouth,3.0,0.0,H,1.91,3.6,3.8
2023-10-07,2023/24,Burnley,Chelsea,1.0,4.0,A,4.5,3.8,1.73
2023-10-07,2023/24,Fulham,Sheffield United,3.0,1.0,H,1.62,3.8,6.0
2023-10-08,2023/24,West Ham,Newcastle,2.0,2.0,D,3.2,3.75,2.1
2023-10-08,2023/24,Wolves,Aston Villa,1.0,1.0,D,3.5,3.4,2.1
2023-10-08,2023/24,Arsenal,Man City,1.0,0.0,H,2.9,3.3,2.4
2023-10-08,2023/24,Brighton,Liverpool,2.0,2.0,D,3.0,3.8,2.2
2023-10-21,2023/24,Sheffield United,Man United,1.0,2.0,A,6.5,5.25,1.4
2023-10-21,2023/24,Liverpool,Everton,2.0,0.0,H,1.33,5.75,7.5
2023-10-21,2023/24,Bournemouth,Wolves,1.0,2.0,A,2.38,3.4,3.0
2023-10-21,2023/24,Brentford,Burnley,3.0,0.0,H,1.83,3.75,4.2
2023-10-21,2023/24,Man City,Brighton,2.0,1.0,H,1.4,5.25,6.5
2023-10-21,2023/24,Newcastle,Crystal Palace,4.0,0.0,H,1.45,4.5,7.0
2023-10-21,2023/24,Nott'm Forest,Luton,2.0,2.0,D,1.67,3.75,5.5
2023-10-21,2023/24,Chelsea,Arsenal,2.0,2.0,D,3.2,3.4,2.25
2023-10-22,2023/24,Aston Villa,West Ham,4.0,1.0,H,1.85,3.6,4.0
2023-10-23,2023/24,Tottenham,Fulham,2.0,0.0,H,1.5,4.5,6.0
2023-10-27,2023/24,Crystal Palace,Tottenham,1.0,2.0,A,4.5,3.75,1.75
2023-10-28,2023/24,Chelsea,Brentford,0.0,2.0,A,1.65,4.0,5.25
2023-10-28,2023/24,Arsenal,Sheffield United,5.0,0.0,H,1.13,8.5,19.0
2023-10-28,2023/24,Bournemouth,Burnley,2.0,1.0,H,2.15,3.5,3.3
2023-10-28,2023/24,Wolves,Newcastle,2.0,2.0,D,4.2,4.0,1.75
2023-10-29,2023/24,West Ham,Everton,0.0,1.0,A,2.15,3.5,3.3
2023-10-29,2023/24,Aston Villa,Luton,3.0,1.0,H,1.25,6.5,9.5
2023-10-29,2023/24,Brighton,Fulham,1.0,1.0,D,1.55,4.2,5.5
2023-10-29,2023/24,Liverpool,Nott'm Forest,3.0,0.0,H,1.29,5.75,11.0
2023-10-29,2023/24,Man United,Man City,0.0,3.0,A,5.0,3.8,1.67
2023-11-04,2023/24,Sheffield United,Wolves,2.0,1.0,H,3.8,3.5,2.0
2023-11-04,2023/24,Newcastle,Arsenal,1.0,0.0,H,2.8,3.2,2.6
2023-11-04,2023/24,Everton,Brighton,1.0,1.0,D,3.1,3.6,2.2
2023-11-04,2023/24,Man City,Bournemouth,6.0,1.0,H,1.1,11.0,19.0
2023-11-04,2023/24,Brentford,West Ham,3.0,2.0,H,2.05,3.6,3.5
2023-11-04,2023/24,Fulham,Man United,0.0,1.0,A,3.2,3.6,2.2
2023-11-04,2023/24,Burnley,Crystal Palace,0.0,2.0,A,2.75,3.25,2.6
2023-11-05,2023/24,Nott'm Forest,Aston Villa,2.0,0.0,H,4.2,3.75,1.85
2023-11-05,2023/24,Luton,Liverpool,1.0,1.0,D,12.0,6.5,1.22
2023-11-06,2023/24,Tottenham,Chelsea,1.0,4.0,A,2.0,3.75,3.5
2023-11-11,2023/24,Wolves,Tottenham,2.0,1.0,H,3.1,3.75,2.2
2023-11-11,2023/24,Arsenal,Burnley,3.0,1.0,H,1.18,7.0,17.0
2023-11-11,2023/24,Crystal Palace,Everton,2.0,3.0,A,2.45,3.2,3.0
2023-11-11,2023/24,Man United,Luton,1.0,0.0,H,1.33,5.25,9.5
2023-11-11,2023/24,Bournemouth,Newcastle,2.0,0.0,H,4.75,4.0,1.73
2023-11-12,2023/24,Liverpool,Brentford,3.0,0.0,H,1.4,5.0,6.5
2023-11-12,2023/24,Chelsea,Man City,4.0,4.0,D,5.0,3.7,1.73
2023-11-12,2023/24,Aston Villa,Fulham,3.0,1.0,H,1.57,4.2,5.5
2023-11-12,2023/24,Brighton,Sheffield United,1.0,1.0,D,1.25,5.75,13.0
2023-11-12,2023/24,West Ham,Nott'm Forest,3.0,2.0,H,1.85,3.6,4.0
2023-11-25,2023/24,Burnley,West Ham,1.0,2.0,A,3.4,3.5,2.05
2023-11-25,2023/24,Luton,Crystal Palace,2.0,1.0,H,3.6,3.3,2.1
2023-11-25,2023/24,Brentford,Arsenal,0.0,1.0,A,4.5,3.75,1.75
2023-11-25,2023/24,Man City,Liverpool,1.0,1.0,D,1.73,4.2,4.2
2023-11-25,2023/24,Nott'm Forest,Brighton,2.0,3.0,A,3.2,3.6,2.15
2023-11-25,2023/24,Newcastle,Chelsea,4.0,1.0,H,2.55,3.5,2.63
2023-11-25,2023/24,Sheffield United,Bournemouth,1.0,3.0,A,3.2,3.5,2.2
2023-11-26,2023/24,Tottenham,Aston Villa,1.0,2.0,A,2.3,3.8,2.8
2023-11-26,2023/24,Everton,Man United,0.0,3.0,A,2.7,3.4,2.55
2023-11-27,2023/24,Fulham,Wolves,3.0,2.0,H,2.38,3.3,3.0
2023-12-02,2023/24,Arsenal,Wolves,2.0,1.0,H,1.25,5.5,12.0
2023-12-02,2023/24,Brentford,Luton,3.0,1.0,H,1.45,4.5,6.5
2023-12-02,2023/24,Burnley,Sheffield United,5.0,0.0,H,1.8,3.6,4.5
2023-12-02,2023/24,Nott'm Forest,Everton,0.0,1.0,A,2.75,3.25,2.6
2023-12-02,2023/24,Newcastle,Man United,1.0,0.0,H,1.91,3.75,3.8
2023-12-03,2023/24,Bournemouth,Aston Villa,2.0,2.0,D,3.4,4.0,1.95
2023-12-03,2023/24,Chelsea,Brighton,3.0,2.0,H,1.73,4.2,4.2
2023-12-03,2023/24,Liverpool,Fulham,4.0,3.0,H,1.25,6.5,9.0
2023-12-03,2023/24,West Ham,Crystal Palace,1.0,1.0,D,2.0,3.5,3.8
2023-12-03,2023/24,Man City,Tottenham,3.0,3.0,D,1.29,6.0,9.0
2023-12-05,2023/24,Wolves,Burnley,1.0,0.0,H,1.85,3.6,4.2
2023-12-05,2023/24,Luton,Arsenal,3.0,4.0,A,17.0,7.0,1.18
2023-12-06,2023/24,Crystal Palace,Bournemouth,0.0,2.0,A,2.25,3.5,3.1
2023-12-06,2023/24,Fulham,Nott'm Forest,5.0,0.0,H,2.0,3.4,3.75
2023-12-06,2023/24,Sheffield United,Liverpool,0.0,2.0,A,12.0,7.5,1.2
2023-12-06,2023/24,Aston Villa,Man City,1.0,0.0,H,4.75,4.2,1.7
2023-12-06,2023/24,Man United,Chelsea,2.0,1.0,H,2.88,3.4,2.45
2023-12-06,2023/24,Brighton,Brentford,2.0,1.0,H,1.91,3.8,3.75
2023-12-07,2023/24,Everton,Newcastle,3.0,0.0,H,3.25,3.25,2.25
2023-12-07,2023/24,Tottenham,West Ham,1.0,2.0,A,1.75,4.2,4.2
2023-12-09,2023/24,Crystal Palace,Liverpool,1.0,2.0,A,6.0,4.5,1.5
2023-12-09,2023/24,Brighton,Burnley,1.0,1.0,D,1.5,4.75,6.0
2023-12-09,2023/24,Man United,Bournemouth,0.0,3.0,A,1.55,4.33,5.75
2023-12-09,2023/24,Sheffield United,Brentford,1.0,0.0,H,4.2,3.8,1.75
2023-12-09,2023/24,Wolves,Nott'm Forest,1.0,1.0,D,1.85,3.6,4.33
2023-12-09,2023/24,Aston Villa,Arsenal,1.0,0.0,H,3.3,3.6,2.1
2023-12-10,2023/24,Tottenham,Newcastle,4.0,1.0,H,2.15,3.8,3.1
2023-12-10,2023/24,Luton,Man City,1.0,2.0,A,17.0,8.0,1.14
2023-12-10,2023/24,Fulham,West Ham,5.0,0.0,H,2.38,3.5,2.9
2023-12-10,2023/24,Everton,Chelsea,2.0,0.0,H,3.1,3.5,2.25
2023-12-15,2023/24,Nott'm Forest,Tottenham,0.0,2.0,A,4.2,4.2,1.73
2023-12-16,2023/24,Chelsea,Sheffield United,2.0,0.0,H,1.22,6.5,13.0
2023-12-16,2023/24,Man City,Crystal Palace,2.0,2.0,D,1.18,8.0,13.0
2023-12-16,2023/24,Newcastle,Fulham,3.0,0.0,H,1.8,3.8,4.0
2023-12-16,2023/24,Burnley,Everton,0.0,2.0,A,3.6,3.4,2.1
2023-12-17,2023/24,Liverpool,Man United,0.0,0.0,D,1.3,6.0,8.0
2023-12-17,2023/24,Brentford,Aston Villa,1.0,2.0,A,3.2,3.75,2.1
2023-12-17,2023/24,Arsenal,Brighton,2.0,0.0,H,1.44,5.0,6.0
2023-12-17,2023/24,West Ham,Wolves,3.0,0.0,H,2.15,3.5,3.3
2023-12-21,2023/24,Crystal Palace,Brighton,1.0,1.0,D,3.3,3.3,2.15
2023-12-22,2023/24,Aston Villa,Sheffield United,1.0,1.0,D,1.22,6.5,12.0
2023-12-23,2023/24,West Ham,Man United,2.0,0.0,H,2.6,3.6,2.6
2023-12-23,2023/24,Fulham,Burnley,0.0,2.0,A,1.67,3.75,5.25
2023-12-23,2023/24,Luton,Newcastle,1.0,0.0,H,4.75,4.2,1.65
2023-12-23,2023/24,Nott'm Forest,Bournemouth,2.0,3.0,A,2.75,3.4,2.55
2023-12-23,2023/24,Tottenham,Everton,2.0,1.0,H,1.75,4.2,4.0
2023-12-23,2023/24,Liverpool,Arsenal,1.0,1.0,D,2.38,3.6,2.8
2023-12-24,2023/24,Wolves,Chelsea,2.0,1.0,H,3.75,3.75,1.91
2023-12-26,2023/24,Man United,Aston Villa,3.0,2.0,H,2.6,3.5,2.6
2023-12-26,2023/24,Burnley,Liverpool,0.0,2.0,A,6.5,5.25,1.4
2023-12-26,2023/24,Newcastle,Nott'm Forest,1.0,3.0,A,1.5,4.33,5.75
2023-12-26,2023/24,Bournemouth,Fulham,3.0,0.0,H,2.15,3.6,3.2
2023-12-26,2023/24,Sheffield United,Luton,2.0,3.0,A,2.3,3.3,3.1
2023-12-27,2023/24,Brentford,Wolves,1.0,4.0,A,1.95,3.5,4.2
2023-12-27,2023/24,Chelsea,Crystal Palace,2.0,1.0,H,1.67,4.0,5.0
2023-12-27,2023/24,Everton,Man City,1.0,3.0,A,5.75,4.0,1.57
2023-12-28,2023/24,Brighton,Tottenham,4.0,2.0,H,2.5,3.6,2.6
2023-12-28,2023/24,Arsenal,West Ham,0.0,2.0,A,1.33,5.5,7.5
2023-12-30,2023/24,Luton,Chelsea,2.0,3.0,A,6.5,4.2,1.5
2023-12-30,2023/24,Aston Villa,Burnley,3.0,2.0,H,1.36,5.25,7.5
2023-12-30,2023/24,Man City,Sheffield United,2.0,0.0,H,1.08,11.0,29.0
2023-12-30,2023/24,Wolves,Everton,3.0,0.0,H,2.63,3.3,2.7
2023-12-30,2023/24,Nott'm Forest,Man United,2.0,1.0,H,3.2,3.6,2.15
2023-12-30,2023/24,Crystal Palace,Brentford,3.0,1.0,H,2.2,3.3,3.4
2023-12-31,2023/24,Fulham,Arsenal,2.0,1.0,H,5.25,4.5,1.55
2023-12-31,2023/24,Tottenham,Bournemouth,3.0,1.0,H,1.75,4.2,4.0
2024-01-01,2023/24,Liverpool,Newcastle,4.0,2.0,H,1.45,4.5,7.0
2024-01-02,2023/24,West Ham,Brighton,0.0,0.0,D,2.45,3.75,2.75
2024-01-12,2023/24,Burnley,Luton,1.0,1.0,D,2.0,3.6,3.6
2024-01-13,2023/24,Chelsea,Fulham,1.0,0.0,H,1.6,4.2,5.25
2024-01-13,2023/24,Newcastle,Man City,2.0,3.0,A,5.5,4.33,1.55
2024-01-14,2023/24,Everton,Aston Villa,0.0,0.0,D,2.8,3.5,2.45
2024-01-14,2023/24,Man United,Tottenham,2.0,2.0,D,2.2,3.75,3.0
2024-01-20,2023/24,Arsenal,Crystal Palace,5.0,0.0,H,1.3,5.75,9.0
2024-01-20,2023/24,Brentford,Nott'm Forest,3.0,2.0,H,1.91,3.6,4.0
2024-01-21,2023/24,Sheffield United,West Ham,2.0,2.0,D,3.4,3.3,2.2
2024-01-21,2023/24,Bournemouth,Liverpool,0.0,4.0,A,4.2,4.5,1.7
2024-01-22,2023/24,Brighton,Wolves,0.0,0.0,D,1.65,4.33,5.0
2024-01-30,2023/24,Aston Villa,Newcastle,1.0,3.0,A,1.85,4.0,3.8
2024-01-30,2023/24,Nott'm Forest,Arsenal,1.0,2.0,A,7.5,5.0,1.4
2024-01-30,2023/24,Luton,Brighton,4.0,0.0,H,4.2,4.2,1.75
2024-01-30,2023/24,Fulham,Everton,0.0,0.0,D,2.45,3.2,3.0
2024-01-30,2023/24,Crystal Palace,Sheffield United,3.0,2.0,H,1.62,3.6,6.5
2024-01-31,2023/24,Man City,Burnley,3.0,1.0,H,1.08,12.0,21.0
2024-01-31,2023/24,Tottenham,Brentford,3.0,2.0,H,1.67,4.2,4.75
2024-01-31,2023/24,Liverpool,Chelsea,4.0,1.0,H,1.57,4.33,5.25
2024-02-01,2023/24,Wolves,Man United,3.0,4.0,A,2.63,3.6,2.55
2024-02-01,2023/24,West Ham,Bournemouth,1.0,1.0,D,2.4,3.75,2.75
2024-02-03,2023/24,Everton,Tottenham,2.0,2.0,D,3.0,3.6,2.25
2024-02-03,2023/24,Brighton,Crystal Palace,4.0,1.0,H,1.7,4.0,4.75
2024-02-03,2023/24,Burnley,Fulham,2.0,2.0,D,2.9,3.4,2.38
2024-02-03,2023/24,Newcastle,Luton,4.0,4.0,D,1.44,4.75,6.5
2024-02-03,2023/24,Sheffield United,Aston Villa,0.0,5.0,A,5.25,4.2,1.62
2024-02-04,2023/24,Arsenal,Liverpool,3.0,1.0,H,2.2,3.6,3.1
2024-02-04,2023/24,Man United,West Ham,3.0,0.0,H,1.62,4.2,5.0
2024-02-04,2023/24,Chelsea,Wolves,2.0,4.0,A,1.62,4.0,5.5
2024-02-04,2023/24,Bournemouth,Nott'm Forest,1.0,1.0,D,1.7,4.2,4.5
2024-02-05,2023/24,Brentford,Man City,1.0,3.0,A,7.0,4.75,1.4
2024-02-10,2023/24,Nott'm Forest,Newcastle,2.0,3.0,A,3.3,3.75,2.05
2024-02-10,2023/24,Tottenham,Brighton,2.0,1.0,H,1.8,4.2,3.8
2024-02-10,2023/24,Wolves,Brentford,0.0,2.0,A,2.1,3.6,3.4
2024-02-10,2023/24,Liverpool,Burnley,3.0,1.0,H,1.17,8.0,17.0
2024-02-10,2023/24,Fulham,Bournemouth,3.0,1.0,H,2.38,3.5,2.8
2024-02-10,2023/24,Luton,Sheffield United,1.0,3.0,A,1.75,3.75,4.75
2024-02-10,2023/24,Man City,Everton,2.0,0.0,H,1.18,8.0,13.0
2024-02-11,2023/24,West Ham,Arsenal,0.0,6.0,A,6.0,4.33,1.53
2024-02-11,2023/24,Aston Villa,Man United,1.0,2.0,A,2.15,3.75,3.1
2024-02-12,2023/24,Crystal Palace,Chelsea,1.0,3.0,A,4.2,3.8,1.85
2024-02-17,2023/24,Man City,Chelsea,1.0,1.0,D,1.33,5.5,8.0
2024-02-17,2023/24,Nott'm Forest,West Ham,2.0,0.0,H,2.38,3.5,2.9
2024-02-17,2023/24,Tottenham,Wolves,1.0,2.0,A,1.53,4.75,5.25
2024-02-17,2023/24,Fulham,Aston Villa,1.0,2.0,A,2.9,3.75,2.2
2024-02-17,2023/24,Burnley,Arsenal,0.0,5.0,A,10.0,5.75,1.29
2024-02-17,2023/24,Newcastle,Bournemouth,2.0,2.0,D,1.83,4.2,3.75
2024-02-17,2023/24,Brentford,Liverpool,1.0,4.0,A,5.5,4.33,1.57
2024-02-18,2023/24,Luton,Man United,1.0,2.0,A,4.0,4.0,1.8
2024-02-18,2023/24,Sheffield United,Brighton,0.0,5.0,A,5.0,4.2,1.62
2024-02-19,2023/24,Everton,Crystal Palace,1.0,1.0,D,1.7,3.6,5.25
2024-02-20,2023/24,Man City,Brentford,1.0,0.0,H,1.18,8.0,13.0
2024-02-21,2023/24,Liverpool,Luton,4.0,1.0,H,1.2,7.0,13.0
2024-02-24,2023/24,Aston Villa,Nott'm Forest,4.0,2.0,H,1.53,4.5,5.75
2024-02-24,2023/24,Crystal Palace,Burnley,3.0,0.0,H,1.95,3.5,4.0
2024-02-24,2023/24,Man United,Fulham,1.0,2.0,A,1.57,4.33,5.5
2024-02-24,2023/24,Bournemouth,Man City,0.0,1.0,A,7.0,5.25,1.4
2024-02-24,2023/24,Arsenal,Newcastle,4.0,1.0,H,1.36,5.25,8.0
2024-02-24,2023/24,Brighton,Everton,1.0,1.0,D,1.83,3.8,4.2
2024-02-25,2023/24,Wolves,Sheffield United,1.0,0.0,H,1.44,4.75,7.0
2024-02-26,2023/24,West Ham,Brentford,4.0,2.0,H,2.5,3.5,2.75
2024-03-02,2023/24,Luton,Aston Villa,2.0,3.0,A,4.33,4.2,1.73
2024-03-02,2023/24,Brentford,Chelsea,2.0,2.0,D,3.1,3.75,2.15
2024-03-02,2023/24,Everton,West Ham,1.0,3.0,A,2.05,3.6,3.5
2024-03-02,2023/24,Fulham,Brighton,3.0,0.0,H,2.55,3.6,2.63
2024-03-02,2023/24,Newcastle,Wolves,3.0,0.0,H,1.91,4.0,3.6
2024-03-02,2023/24,Nott'm Forest,Liverpool,0.0,1.0,A,6.0,4.33,1.53
2024-03-02,2023/24,Tottenham,Crystal Palace,3.0,1.0,H,1.5,4.33,6.5
2024-03-03,2023/24,Burnley,Bournemouth,0.0,2.0,A,3.75,3.6,1.95
2024-03-03,2023/24,Man City,Man United,3.0,1.0,H,1.25,5.75,11.0
2024-03-04,2023/24,Sheffield United,Arsenal,0.0,6.0,A,17.0,7.0,1.18
2024-03-09,2023/24,Man United,Everton,2.0,0.0,H,1.83,3.6,4.0
2024-03-09,2023/24,Bournemouth,Sheffield United,2.0,2.0,D,1.33,5.25,8.0
2024-03-09,2023/24,Crystal Palace,Luton,1.0,1.0,D,1.75,3.8,4.2
2024-03-09,2023/24,Wolves,Fulham,2.0,1.0,H,2.5,3.4,2.75
2024-03-09,2023/24,Arsenal,Brentford,2.0,1.0,H,1.22,7.0,11.0
2024-03-10,2023/24,Liverpool,Man City,1.0,1.0,D,3.0,3.75,2.2
2024-03-10,2023/24,West Ham,Burnley,2.0,2.0,D,1.67,4.0,4.75
2024-03-10,2023/24,Brighton,Nott'm Forest,1.0,0.0,H,1.8,4.0,4.0
2024-03-10,2023/24,Aston Villa,Tottenham,0.0,4.0,A,2.38,4.0,2.6
2024-03-11,2023/24,Chelsea,Newcastle,3.0,2.0,H,1.91,4.0,3.6
2024-03-13,2023/24,Bournemouth,Luton,4.0,3.0,H,1.5,4.75,5.75
2024-03-16,2023/24,Burnley,Brentford,2.0,1.0,H,3.25,3.6,2.15
2024-03-16,2023/24,Luton,Nott'm Forest,1.0,1.0,D,2.8,3.5,2.45
2024-03-16,2023/24,Fulham,Tottenham,3.0,0.0,H,3.5,3.8,1.95
2024-03-17,2023/24,West Ham,Aston Villa,1.0,1.0,D,2.63,3.75,2.45
2024-03-30,2023/24,Newcastle,West Ham,4.0,3.0,H,1.83,4.2,3.8
2024-03-30,2023/24,Bournemouth,Everton,2.0,1.0,H,2.2,3.6,3.2
2024-03-30,2023/24,Chelsea,Burnley,2.0,2.0,D,1.29,6.0,9.5
2024-03-30,2023/24,Nott'm Forest,Crystal Palace,1.0,1.0,D,2.2,3.3,3.4
2024-03-30,2023/24,Sheffield United,Fulham,3.0,3.0,D,4.5,4.0,1.73
2024-03-30,2023/24,Tottenham,Luton,2.0,1.0,H,1.2,8.0,11.0
2024-03-30,2023/24,Brentford,Man United,1.0,1.0,D,3.0,3.8,2.2
2024-03-30,2023/24,Aston Villa,Wolves,2.0,0.0,H,1.6,4.33,5.0
2024-03-31,2023/24,Liverpool,Brighton,2.0,1.0,H,1.36,5.5,7.5
2024-03-31,2023/24,Man City,Arsenal,0.0,0.0,D,1.91,3.8,3.8
2024-04-02,2023/24,West Ham,Tottenham,1.0,1.0,D,3.3,4.2,1.95
2024-04-02,2023/24,Burnley,Wolves,1.0,1.0,D,2.45,3.6,2.75
2024-04-02,2023/24,Newcastle,Everton,1.0,1.0,D,2.0,3.75,3.5
2024-04-02,2023/24,Nott'm Forest,Fulham,3.0,1.0,H,2.7,3.4,2.63
2024-04-02,2023/24,Bournemouth,Crystal Palace,1.0,0.0,H,1.95,3.8,3.6
2024-04-03,2023/24,Brentford,Brighton,0.0,0.0,D,2.38,3.8,2.75
2024-04-03,2023/24,Arsenal,Luton,2.0,0.0,H,1.1,10.0,19.0
2024-04-03,2023/24,Man City,Aston Villa,4.0,1.0,H,1.3,6.0,8.0
2024-04-04,2023/24,Liverpool,Sheffield United,3.0,1.0,H,1.09,12.0,21.0
2024-04-04,2023/24,Chelsea,Man United,4.0,3.0,H,2.0,4.0,3.4
2024-04-06,2023/24,Crystal Palace,Man City,2.0,4.0,A,9.5,5.25,1.33
2024-04-06,2023/24,Aston Villa,Brentford,3.0,3.0,D,1.7,4.0,4.75
2024-04-06,2023/24,Everton,Burnley,1.0,0.0,H,1.65,4.0,5.25
2024-04-06,2023/24,Fulham,Newcastle,0.0,1.0,A,2.38,3.8,2.8
2024-04-06,2023/24,Luton,Bournemouth,2.0,1.0,H,3.75,3.8,1.91
2024-04-06,2023/24,Wolves,West Ham,1.0,2.0,A,2.5,3.6,2.7
2024-04-06,2023/24,Brighton,Arsenal,0.0,3.0,A,5.0,4.33,1.62
2024-04-07,2023/24,Man United,Liverpool,2.0,2.0,D,4.75,4.5,1.6
2024-04-07,2023/24,Sheffield United,Chelsea,2.0,2.0,D,7.0,5.25,1.4
2024-04-07,2023/24,Tottenham,Nott'm Forest,3.0,1.0,H,1.4,5.5,6.5
2024-04-13,2023/24,Bournemouth,Man United,2.0,2.0,D,2.4,3.9,2.6
2024-04-13,2023/24,Nott'm Forest,Wolves,2.0,2.0,D,2.1,3.4,3.5
2024-04-13,2023/24,Man City,Luton,5.0,1.0,H,1.1,11.0,19.0
2024-04-13,2023/24,Brentford,Sheffield United,2.0,0.0,H,1.44,5.0,6.5
2024-04-13,2023/24,Newcastle,Tottenham,4.0,0.0,H,2.7,4.0,2.3
2024-04-13,2023/24,Burnley,Brighton,1.0,1.0,D,3.5,3.75,2.0
2024-04-14,2023/24,Liverpool,Crystal Palace,0.0,1.0,A,1.22,7.0,12.0
2024-04-14,2023/24,West Ham,Fulham,0.0,2.0,A,2.38,3.6,2.8
2024-04-14,2023/24,Arsenal,Aston Villa,0.0,2.0,A,1.29,5.75,10.0
2024-04-15,2023/24,Chelsea,Everton,6.0,0.0,H,1.7,4.2,4.5
2024-04-20,2023/24,Luton,Brentford,1.0,5.0,A,3.1,3.75,2.15
2024-04-20,2023/24,Sheffield United,Burnley,1.0,4.0,A,2.75,3.6,2.45
2024-04-20,2023/24,Wolves,Arsenal,0.0,2.0,A,8.5,4.5,1.4
2024-04-21,2023/24,Everton,Nott'm Forest,2.0,0.0,H,2.05,3.5,3.6
2024-04-21,2023/24,Aston Villa,Bournemouth,3.0,1.0,H,1.85,4.0,3.6
2024-04-21,2023/24,Crystal Palace,West Ham,5.0,2.0,H,2.1,3.6,3.4
2024-04-21,2023/24,Fulham,Liverpool,1.0,3.0,A,5.25,4.5,1.57
2024-04-23,2023/24,Arsenal,Chelsea,5.0,0.0,H,1.44,5.0,6.0
2024-04-24,2023/24,Man United,Sheffield United,4.0,2.0,H,1.3,6.5,7.5
2024-04-24,2023/24,Crystal Palace,Newcastle,2.0,0.0,H,2.75,3.6,2.4
2024-04-24,2023/24,Wolves,Bournemouth,0.0,1.0,A,2.7,3.6,2.5
2024-04-24,2023/24,Everton,Liverpool,2.0,0.0,H,7.0,5.0,1.4
2024-04-25,2023/24,Brighton,Man City,0.0,4.0,A,6.5,5.0,1.4
2024-04-27,2023/24,Everton,Brentford,1.0,0.0,H,2.3,3.5,3.0
2024-04-27,2023/24,Wolves,Luton,2.0,1.0,H,1.95,3.8,3.6
2024-04-27,2023/24,Aston Villa,Chelsea,2.0,2.0,D,2.15,3.8,3.0
2024-04-27,2023/24,Man United,Burnley,1.0,1.0,D,1.5,4.75,5.5
2024-04-27,2023/24,Fulham,Crystal Palace,1.0,1.0,D,2.1,3.5,3.5
2024-04-27,2023/24,West Ham,Liverpool,2.0,2.0,D,5.5,5.0,1.5
2024-04-27,2023/24,Newcastle,Sheffield United,5.0,1.0,H,1.22,7.0,11.0
2024-04-28,2023/24,Bournemouth,Brighton,3.0,0.0,H,2.25,3.8,2.9
2024-04-28,2023/24,Tottenham,Arsenal,2.0,3.0,A,4.2,4.2,1.75
2024-04-28,2023/24,Nott'm Forest,Man City,0.0,2.0,A,8.0,6.0,1.3
2024-05-02,2023/24,Chelsea,Tottenham,2.0,0.0,H,2.15,3.8,3.0
2024-05-03,2023/24,Luton,Everton,1.0,1.0,D,2.6,3.6,2.55
2024-05-04,2023/24,Man City,Wolves,5.0,1.0,H,1.08,12.0,21.0
2024-05-04,2023/24,Sheffield United,Nott'm Forest,1.0,3.0,A,4.75,4.2,1.65
2024-05-04,2023/24,Brentford,Fulham,0.0,0.0,D,2.1,3.8,3.2
2024-05-04,2023/24,Arsenal,Bournemouth,3.0,0.0,H,1.22,7.5,11.0
2024-05-04,2023/24,Burnley,Newcastle,1.0,4.0,A,3.4,4.0,1.95
2024-05-05,2023/24,Brighton,Aston Villa,1.0,0.0,H,2.75,3.75,2.45
2024-05-05,2023/24,Chelsea,West Ham,5.0,0.0,H,1.65,4.5,4.5
2024-05-05,2023/24,Liverpool,Tottenham,4.0,2.0,H,1.5,5.75,5.0
2024-05-06,2023/24,Crystal Palace,Man United,4.0,0.0,H,2.38,3.75,2.8
2024-05-11,2023/24,Fulham,Man City,0.0,4.0,A,13.0,7.0,1.2
2024-05-11,2023/24,Bournemouth,Brentford,1.0,2.0,A,1.95,4.0,3.5
2024-05-11,2023/24,Everton,Sheffield United,1.0,0.0,H,1.4,4.8,7.5
2024-05-11,2023/24,Newcastle,Brighton,1.0,1.0,D,1.57,4.75,4.75
2024-05-11,2023/24,Tottenham,Burnley,2.0,1.0,H,1.36,5.75,7.0
2024-05-11,2023/24,West Ham,Luton,3.0,1.0,H,1.8,4.2,3.8
2024-05-11,2023/24,Wolves,Crystal Palace,1.0,3.0,A,2.88,3.5,2.38
2024-05-11,2023/24,Nott'm Forest,Chelsea,2.0,3.0,A,3.4,3.8,2.0
2024-05-12,2023/24,Man United,Arsenal,0.0,1.0,A,7.0,5.5,1.36
2024-05-13,2023/24,Aston Villa,Liverpool,3.0,3.0,D,4.2,4.33,1.7
2024-05-14,2023/24,Tottenham,Man City,0.0,2.0,A,6.5,6.0,1.36
2024-05-15,2023/24,Brighton,Chelsea,1.0,2.0,A,3.3,4.0,1.95
2024-05-15,2023/24,Man United,Newcastle,3.0,2.0,H,2.75,4.0,2.3
2024-05-19,2023/24,Sheffield United,Tottenham,0.0,3.0,A,7.0,6.0,1.33
2024-05-19,2023/24,Man City,West Ham,3.0,1.0,H,1.08,12.0,21.0
2024-05-19,2023/24,Luton,Fulham,2.0,4.0,A,2.9,3.9,2.2
2024-05-19,2023/24,Liverpool,Wolves,2.0,0.0,H,1.17,8.0,15.0
2024-05-19,2023/24,Crystal Palace,Aston Villa,5.0,0.0,H,1.85,4.33,3.6
2024-05-19,2023/24,Burnley,Nott'm Forest,1.0,2.0,A,3.0,3.5,2.3
2024-05-19,2023/24,Brighton,Man United,0.0,2.0,A,2.15,4.0,2.9
2024-05-19,2023/24,Brentford,Newcastle,2.0,4.0,A,2.9,3.9,2.2
2024-05-19,2023/24,Arsenal,Everton,2.0,1.0,H,1.18,8.0,12.0
2024-05-19,2023/24,Chelsea,Bournemouth,2.0,1.0,H,1.45,5.0,6.0
2024-08-16,2024/25,Man United,Fulham,1.0,0.0,H,1.6,4.2,5.25
2024-08-17,2024/25,West Ham,Aston Villa,1.0,2.0,A,2.45,3.6,2.75
2024-08-17,2024/25,Newcastle,Southampton,1.0,0.0,H,1.36,5.25,8.0
2024-08-17,2024/25,Nott'm Forest,Bournemouth,1.0,1.0,D,2.45,3.5,2.8
2024-08-17,2024/25,Arsenal,Wolves,2.0,0.0,H,1.18,7.5,13.0
2024-08-17,2024/25,Ipswich,Liverpool,0.0,2.0,A,8.5,5.5,1.33
2024-08-17,2024/25,Everton,Brighton,0.0,3.0,A,2.63,3.3,2.63
2024-08-18,2024/25,Brentford,Crystal Palace,2.0,1.0,H,2.4,3.4,2.9
2024-08-18,2024/25,Chelsea,Man City,0.0,2.0,A,4.1,3.9,1.8
2024-08-19,2024/25,Leicester,Tottenham,1.0,1.0,D,5.0,4.33,1.62
2024-08-24,2024/25,Aston Villa,Arsenal,0.0,2.0,A,4.33,3.8,1.75
2024-08-24,2024/25,Tottenham,Everton,4.0,0.0,H,1.44,4.75,6.5
2024-08-24,2024/25,Southampton,Nott'm Forest,0.0,1.0,A,2.55,3.3,2.8
2024-08-24,2024/25,Fulham,Leicester,2.0,1.0,H,1.8,3.75,4.2
2024-08-24,2024/25,Crystal Palace,West Ham,0.0,2.0,A,2.15,3.6,3.2
2024-08-24,2024/25,Brighton,Man United,2.0,1.0,H,2.5,3.7,2.63
2024-08-24,2024/25,Man City,Ipswich,4.0,1.0,H,1.08,12.0,21.0
2024-08-25,2024/25,Bournemouth,Newcastle,1.0,1.0,D,2.9,3.8,2.2
2024-08-25,2024/25,Wolves,Chelsea,2.0,6.0,A,4.33,4.0,1.75
2024-08-25,2024/25,Liverpool,Brentford,2.0,0.0,H,1.27,5.75,11.0
2024-08-31,2024/25,West Ham,Man City,1.0,3.0,A,7.0,5.5,1.38
2024-08-31,2024/25,Nott'm Forest,Wolves,1.0,1.0,D,2.0,3.7,3.7
2024-08-31,2024/25,Leicester,Aston Villa,1.0,2.0,A,4.5,4.0,1.7
2024-08-31,2024/25,Everton,Bournemouth,2.0,3.0,A,2.75,3.4,2.55
2024-08-31,2024/25,Brentford,Southampton,3.0,1.0,H,1.75,3.9,4.33
2024-08-31,2024/25,Arsenal,Brighton,1.0,1.0,D,1.33,5.5,8.5
2024-08-31,2024/25,Ipswich,Fulham,1.0,1.0,D,3.0,3.5,2.3
2024-09-01,2024/25,Chelsea,Crystal Palace,1.0,1.0,D,1.6,4.33,5.0
2024-09-01,2024/25,Newcastle,Tottenham,2.0,1.0,H,2.5,4.0,2.5
2024-09-01,2024/25,Man United,Liverpool,0.0,3.0,A,3.7,4.2,1.85
2024-09-14,2024/25,Bournemouth,Chelsea,0.0,1.0,A,3.4,3.8,2.0
2024-09-14,2024/25,Aston Villa,Everton,3.0,2.0,H,1.5,4.2,6.5
2024-09-14,2024/25,Man City,Brentford,2.0,1.0,H,1.18,8.0,12.0
2024-09-14,2024/25,Liverpool,Nott'm Forest,0.0,1.0,A,1.22,6.5,12.0
2024-09-14,2024/25,Fulham,West Ham,1.0,1.0,D,2.38,3.25,3.0
2024-09-14,2024/25,Crystal Palace,Leicester,2.0,2.0,D,1.62,4.0,5.5
2024-09-14,2024/25,Brighton,Ipswich,0.0,0.0,D,1.38,5.0,7.5
2024-09-14,2024/25,Southampton,Man United,0.0,3.0,A,4.5,4.0,1.7
2024-09-15,2024/25,Tottenham,Arsenal,0.0,1.0,A,3.0,3.5,2.3
2024-09-15,2024/25,Wolves,Newcastle,1.0,2.0,A,3.4,3.5,2.1
2024-09-21,2024/25,Crystal Palace,Man United,0.0,0.0,D,2.88,3.75,2.3
2024-09-21,2024/25,Tottenham,Brentford,3.0,1.0,H,1.55,4.5,5.5
2024-09-21,2024/25,Southampton,Ipswich,1.0,1.0,D,2.25,3.5,3.2
2024-09-21,2024/25,Aston Villa,Wolves,3.0,1.0,H,1.57,4.2,5.25
2024-09-21,2024/25,Leicester,Everton,1.0,1.0,D,2.45,3.4,2.88
2024-09-21,2024/25,Fulham,Newcastle,3.0,1.0,H,3.0,3.4,2.4
2024-09-21,2024/25,West Ham,Chelsea,0.0,3.0,A,3.6,3.9,1.95
2024-09-21,2024/25,Liverpool,Bournemouth,3.0,0.0,H,1.3,6.25,9.0
2024-09-22,2024/25,Brighton,Nott'm Forest,2.0,2.0,D,1.75,3.75,4.75
2024-09-22,2024/25,Man City,Arsenal,2.0,2.0,D,1.8,3.6,4.5
2024-09-28,2024/25,Newcastle,Man City,1.0,1.0,D,5.25,4.33,1.6
2024-09-28,2024/25,Arsenal,Leicester,4.0,2.0,H,1.17,8.0,15.0
2024-09-28,2024/25,Brentford,West Ham,1.0,1.0,D,2.2,3.5,3.2
2024-09-28,2024/25,Chelsea,Brighton,4.0,2.0,H,1.73,4.2,4.2
2024-09-28,2024/25,Everton,Crystal Palace,2.0,1.0,H,2.7,3.3,2.63
2024-09-28,2024/25,Nott'm Forest,Fulham,0.0,1.0,A,2.38,3.3,3.0
2024-09-28,2024/25,Wolves,Liverpool,1.0,2.0,A,8.0,5.75,1.33
2024-09-29,2024/25,Ipswich,Aston Villa,2.0,2.0,D,4.0,3.75,1.85
2024-09-29,2024/25,Man United,Tottenham,0.0,3.0,A,2.35,3.75,2.75
2024-09-30,2024/25,Bournemouth,Southampton,3.0,1.0,H,1.65,4.1,5.0
2024-10-05,2024/25,Crystal Palace,Liverpool,0.0,1.0,A,6.0,4.5,1.5
2024-10-05,2024/25,Everton,Newcastle,0.0,0.0,D,3.2,3.6,2.2
2024-10-05,2024/25,West Ham,Ipswich,4.0,1.0,H,1.8,3.8,4.33
2024-10-05,2024/25,Arsenal,Southampton,3.0,1.0,H,1.14,9.0,17.0
2024-10-05,2024/25,Leicester,Bournemouth,1.0,0.0,H,3.1,3.75,2.15
2024-10-05,2024/25,Brentford,Wolves,5.0,3.0,H,2.05,3.6,3.4
2024-10-05,2024/25,Man City,Fulham,3.0,2.0,H,1.25,7.0,9.5
2024-10-06,2024/25,Brighton,Tottenham,3.0,2.0,H,2.9,4.0,2.2
2024-10-06,2024/25,Chelsea,Nott'm Forest,1.0,1.0,D,1.48,4.5,6.5
2024-10-06,2024/25,Aston Villa,Man United,0.0,0.0,D,2.2,3.75,3.0
2024-10-19,2024/25,Southampton,Leicester,2.0,3.0,A,2.3,3.5,3.0
2024-10-19,2024/25,Newcastle,Brighton,0.0,1.0,A,1.95,3.7,3.6
2024-10-19,2024/25,Bournemouth,Arsenal,2.0,0.0,H,5.0,3.9,1.65
2024-10-19,2024/25,Ipswich,Everton,0.0,2.0,A,2.38,3.3,3.0
2024-10-19,2024/25,Fulham,Aston Villa,1.0,3.0,A,2.45,3.5,2.8
2024-10-19,2024/25,Tottenham,West Ham,4.0,1.0,H,1.5,5.0,5.25
2024-10-19,2024/25,Man United,Brentford,2.0,1.0,H,1.7,4.2,4.5
2024-10-20,2024/25,Wolves,Man City,1.0,2.0,A,8.0,6.0,1.33
2024-10-20,2024/25,Liverpool,Chelsea,2.0,1.0,H,1.62,4.1,5.0
2024-10-21,2024/25,Nott'm Forest,Crystal Palace,1.0,0.0,H,2.3,3.5,3.0
2024-10-25,2024/25,Leicester,Nott'm Forest,1.0,3.0,A,3.0,3.3,2.4
2024-10-26,2024/25,Aston Villa,Bournemouth,1.0,1.0,D,1.85,3.9,3.8
2024-10-26,2024/25,Brentford,Ipswich,4.0,3.0,H,1.65,4.33,4.75
2024-10-26,2024/25,Brighton,Wolves,2.0,2.0,D,1.62,4.5,4.5
2024-10-26,2024/25,Man City,Southampton,1.0,0.0,H,1.11,10.0,17.0
2024-10-26,2024/25,Everton,Fulham,1.0,1.0,D,2.75,3.25,2.63
2024-10-27,2024/25,Arsenal,Liverpool,2.0,2.0,D,2.5,3.25,2.9
2024-10-27,2024/25,Crystal Palace,Tottenham,1.0,0.0,H,3.9,4.0,1.83
2024-10-27,2024/25,Chelsea,Newcastle,2.0,1.0,H,1.73,4.33,4.2
2024-10-27,2024/25,West Ham,Man United,2.0,1.0,H,2.88,3.75,2.3
2024-11-02,2024/25,Newcastle,Arsenal,1.0,0.0,H,3.75,3.75,1.95
2024-11-02,2024/25,Bournemouth,Man City,2.0,1.0,H,5.5,4.2,1.57
2024-11-02,2024/25,Ipswich,Leicester,1.0,1.0,D,2.25,3.5,3.1
2024-11-02,2024/25,Liverpool,Brighton,2.0,1.0,H,1.4,5.0,7.5
2024-11-02,2024/25,Nott'm Forest,West Ham,3.0,0.0,H,2.15,3.5,3.4
2024-11-02,2024/25,Southampton,Everton,1.0,0.0,H,2.63,3.4,2.63
2024-11-02,2024/25,Wolves,Crystal Palace,2.0,2.0,D,2.5,3.4,2.88
2024-11-03,2024/25,Tottenham,Aston Villa,4.0,1.0,H,1.91,4.0,3.6
2024-11-03,2024/25,Man United,Chelsea,1.0,1.0,D,2.6,3.5,2.6
2024-11-04,2024/25,Fulham,Brentford,2.0,1.0,H,2.0,3.7,3.5
2024-11-09,2024/25,Liverpool,Aston Villa,2.0,0.0,H,1.42,5.25,6.5
2024-11-09,2024/25,Brighton,Man City,2.0,1.0,H,4.1,4.2,1.73
2024-11-09,2024/25,Crystal Palace,Fulham,0.0,2.0,A,2.7,3.5,2.55
2024-11-09,2024/25,West Ham,Everton,0.0,0.0,D,2.15,3.4,3.4
2024-11-09,2024/25,Brentford,Bournemouth,3.0,2.0,H,2.5,3.5,2.7
2024-11-09,2024/25,Wolves,Southampton,2.0,0.0,H,1.91,3.75,3.75
2024-11-10,2024/25,Man United,Leicester,3.0,0.0,H,1.38,5.5,6.5
2024-11-10,2024/25,Nott'm Forest,Newcastle,1.0,3.0,A,2.7,3.3,2.7
2024-11-10,2024/25,Tottenham,Ipswich,1.0,2.0,A,1.25,6.5,9.0
2024-11-10,2024/25,Chelsea,Arsenal,1.0,1.0,D,2.7,3.4,2.55
2024-11-23,2024/25,Man City,Tottenham,0.0,4.0,A,1.48,4.75,6.0
2024-11-23,2024/25,Everton,Brentford,0.0,0.0,D,2.45,3.4,2.88
2024-11-23,2024/25,Fulham,Wolves,1.0,4.0,A,1.62,4.0,5.25
2024-11-23,2024/25,Aston Villa,Crystal Palace,2.0,2.0,D,1.62,4.0,5.5
2024-11-23,2024/25,Leicester,Chelsea,1.0,2.0,A,6.5,4.75,1.44
2024-11-23,2024/25,Bournemouth,Brighton,1.0,2.0,A,2.4,3.6,2.8
2024-11-23,2024/25,Arsenal,Nott'm Forest,3.0,0.0,H,1.38,4.75,9.0
2024-11-24,2024/25,Ipswich,Man United,1.0,1.0,D,5.25,4.0,1.62
2024-11-24,2024/25,Southampton,Liverpool,2.0,3.0,A,11.0,5.75,1.27
2024-11-25,2024/25,Newcastle,West Ham,0.0,2.0,A,1.5,4.5,6.0
2024-11-29,2024/25,Brighton,Southampton,1.0,1.0,D,1.38,5.0,7.5
2024-11-30,2024/25,Brentford,Leicester,4.0,1.0,H,1.65,4.2,4.75
2024-11-30,2024/25,Crystal Palace,Newcastle,1.0,1.0,D,2.9,3.6,2.3
2024-11-30,2024/25,Nott'm Forest,Ipswich,1.0,0.0,H,1.7,3.8,4.75
2024-11-30,2024/25,Wolves,Bournemouth,2.0,4.0,A,2.8,3.6,2.4
2024-11-30,2024/25,West Ham,Arsenal,2.0,5.0,A,7.0,4.5,1.45
2024-12-01,2024/25,Liverpool,Man City,2.0,0.0,H,2.1,3.6,3.3
2024-12-01,2024/25,Tottenham,Fulham,1.0,1.0,D,1.7,4.5,4.1
2024-12-01,2024/25,Chelsea,Aston Villa,3.0,0.0,H,1.7,4.1,4.5
2024-12-01,2024/25,Man United,Everton,4.0,0.0,H,1.53,4.2,6.0
2024-12-03,2024/25,Ipswich,Crystal Palace,0.0,1.0,A,3.0,3.4,2.35
2024-12-03,2024/25,Leicester,West Ham,3.0,1.0,H,2.9,3.4,2.38
2024-12-04,2024/25,Everton,Wolves,4.0,0.0,H,2.1,3.4,3.5
2024-12-04,2024/25,Man City,Nott'm Forest,3.0,0.0,H,1.36,4.75,9.0
2024-12-04,2024/25,Newcastle,Liverpool,3.0,3.0,D,4.2,4.0,1.75
2024-12-04,2024/25,Southampton,Chelsea,1.0,5.0,A,8.5,5.25,1.33
2024-12-04,2024/25,Arsenal,Man United,2.0,0.0,H,1.44,4.5,7.0
2024-12-04,2024/25,Aston Villa,Brentford,3.0,1.0,H,1.8,3.75,4.33
2024-12-05,2024/25,Bournemouth,Tottenham,1.0,0.0,H,2.63,3.75,2.45
2024-12-05,2024/25,Fulham,Brighton,3.0,1.0,H,2.35,3.6,2.88
2024-12-07,2024/25,Brentford,Newcastle,4.0,2.0,H,2.88,3.75,2.3
2024-12-07,2024/25,Crystal Palace,Man City,2.0,2.0,D,5.5,4.2,1.57
2024-12-07,2024/25,Man United,Nott'm Forest,2.0,3.0,A,1.65,3.9,5.25
2024-12-07,2024/25,Aston Villa,Southampton,1.0,0.0,H,1.36,5.5,7.0
2024-12-08,2024/25,Fulham,Arsenal,1.0,1.0,D,5.0,4.33,1.6
2024-12-08,2024/25,Ipswich,Bournemouth,1.0,2.0,A,3.5,3.75,2.0
2024-12-08,2024/25,Leicester,Brighton,2.0,2.0,D,4.5,3.8,1.73
2024-12-08,2024/25,Tottenham,Chelsea,3.0,4.0,A,3.4,3.9,2.0
2024-12-09,2024/25,West Ham,Wolves,2.0,1.0,H,1.9,3.9,3.75
2024-12-14,2024/25,Nott'm Forest,Aston Villa,2.0,1.0,H,2.63,3.3,2.7
2024-12-14,2024/25,Wolves,Ipswich,1.0,2.0,A,1.9,3.8,3.8
2024-12-14,2024/25,Liverpool,Fulham,2.0,2.0,D,1.33,5.5,8.0
2024-12-14,2024/25,Arsenal,Everton,0.0,0.0,D,1.22,6.5,12.0
2024-12-14,2024/25,Newcastle,Leicester,4.0,0.0,H,1.3,6.0,8.5
2024-12-15,2024/25,Brighton,Crystal Palace,1.0,3.0,A,1.85,3.8,3.9
2024-12-15,2024/25,Man City,Man United,1.0,2.0,A,1.57,4.5,5.0
2024-12-15,2024/25,Chelsea,Brentford,2.0,1.0,H,1.33,6.0,7.5
2024-12-15,2024/25,Southampton,Tottenham,0.0,5.0,A,4.33,4.5,1.67
2024-12-16,2024/25,Bournemouth,West Ham,1.0,1.0,D,1.7,4.0,4.75
2024-12-21,2024/25,Brentford,Nott'm Forest,0.0,2.0,A,2.3,3.6,2.9
2024-12-21,2024/25,Ipswich,Newcastle,0.0,4.0,A,4.75,3.75,1.73
2024-12-21,2024/25,West Ham,Brighton,1.0,1.0,D,2.88,3.7,2.35
2024-12-21,2024/25,Crystal Palace,Arsenal,1.0,5.0,A,6.25,4.2,1.55
2024-12-21,2024/25,Aston Villa,Man City,2.0,1.0,H,3.25,3.7,2.1
2024-12-22,2024/25,Everton,Chelsea,0.0,0.0,D,5.0,4.2,1.62
2024-12-22,2024/25,Tottenham,Liverpool,3.0,6.0,A,4.5,4.0,1.73
2024-12-22,2024/25,Fulham,Southampton,0.0,0.0,D,1.42,4.75,7.0
2024-12-22,2024/25,Leicester,Wolves,0.0,3.0,A,2.55,3.4,2.7
2024-12-22,2024/25,Man United,Bournemouth,0.0,3.0,A,1.8,3.8,4.2
2024-12-26,2024/25,Man City,Everton,1.0,1.0,D,1.33,5.5,7.5
2024-12-26,2024/25,Bournemouth,Crystal Palace,0.0,0.0,D,1.9,3.8,3.8
2024-12-26,2024/25,Chelsea,Fulham,1.0,2.0,A,1.48,4.75,6.0
2024-12-26,2024/25,Newcastle,Aston Villa,3.0,0.0,H,1.91,3.8,3.75
2024-12-26,2024/25,Nott'm Forest,Tottenham,1.0,0.0,H,2.3,3.75,2.88
2024-12-26,2024/25,Southampton,West Ham,0.0,1.0,A,3.25,3.5,2.2
2024-12-26,2024/25,Wolves,Man United,2.0,0.0,H,3.9,3.7,1.91
2024-12-26,2024/25,Liverpool,Leicester,3.0,1.0,H,1.08,12.0,23.0
2024-12-27,2024/25,Arsenal,Ipswich,1.0,0.0,H,1.14,9.0,15.0
2024-12-27,2024/25,Brighton,Brentford,0.0,0.0,D,1.62,4.33,4.75
2024-12-29,2024/25,Leicester,Man City,0.0,2.0,A,7.5,5.5,1.36
2024-12-29,2024/25,Crystal Palace,Southampton,2.0,1.0,H,1.57,3.9,5.5
2024-12-29,2024/25,Everton,Nott'm Forest,0.0,2.0,A,2.6,3.2,2.8
2024-12-29,2024/25,Fulham,Bournemouth,2.0,2.0,D,2.3,3.6,2.88
2024-12-29,2024/25,Tottenham,Wolves,2.0,2.0,D,1.6,5.0,4.2
2024-12-29,2024/25,West Ham,Liverpool,0.0,5.0,A,7.0,5.0,1.4
2024-12-30,2024/25,Aston Villa,Brighton,2.0,2.0,D,1.9,3.8,3.6
2024-12-30,2024/25,Ipswich,Chelsea,2.0,0.0,H,6.5,4.75,1.42
2024-12-30,2024/25,Man United,Newcastle,0.0,2.0,A,2.75,3.5,2.55
2025-01-01,2024/25,Brentford,Arsenal,1.0,3.0,A,6.5,4.75,1.44
2025-01-04,2024/25,Aston Villa,Leicester,2.0,1.0,H,1.33,5.5,8.5
2025-01-04,2024/25,Bournemouth,Everton,1.0,0.0,H,1.73,3.75,4.75
2025-01-04,2024/25,Brighton,Arsenal,1.0,1.0,D,4.33,3.75,1.8
2025-01-04,2024/25,Southampton,Brentford,0.0,5.0,A,3.0,3.4,2.4
2025-01-04,2024/25,Tottenham,Newcastle,1.0,2.0,A,2.88,3.8,2.25
2025-01-04,2024/25,Crystal Palace,Chelsea,1.0,1.0,D,3.8,3.75,1.91
2025-01-04,2024/25,Man City,West Ham,4.0,1.0,H,1.3,6.25,7.5
2025-01-05,2024/25,Fulham,Ipswich,2.0,2.0,D,1.55,4.2,5.75
2025-01-05,2024/25,Liverpool,Man United,2.0,2.0,D,1.29,6.25,8.0
2025-01-06,2024/25,Wolves,Nott'm Forest,0.0,3.0,A,3.3,3.2,2.3
2025-01-14,2024/25,Brentford,Man City,2.0,2.0,D,4.75,4.2,1.62
2025-01-14,2024/25,Chelsea,Bournemouth,2.0,2.0,D,1.48,4.75,6.0
2025-01-14,2024/25,West Ham,Fulham,3.0,2.0,H,3.0,3.4,2.38
2025-01-14,2024/25,Nott'm Forest,Liverpool,1.0,1.0,D,5.25,4.1,1.62
2025-01-15,2024/25,Arsenal,Tottenham,2.0,1.0,H,1.4,5.25,7.0
2025-01-15,2024/25,Newcastle,Wolves,3.0,0.0,H,1.36,5.5,8.0
2025-01-15,2024/25,Leicester,Crystal Palace,0.0,2.0,A,3.9,3.6,1.91
2025-01-15,2024/25,Everton,Aston Villa,0.0,1.0,A,3.25,3.2,2.3
2025-01-16,2024/25,Ipswich,Brighton,0.0,2.0,A,3.9,3.7,1.91
2025-01-16,2024/25,Man United,Southampton,3.0,1.0,H,1.29,6.0,9.5
2025-01-18,2024/25,Newcastle,Bournemouth,1.0,4.0,A,1.62,4.2,5.0
2025-01-18,2024/25,Brentford,Liverpool,0.0,2.0,A,6.5,5.0,1.42
2025-01-18,2024/25,Leicester,Fulham,0.0,2.0,A,4.33,3.7,1.8
2025-01-18,2024/25,West Ham,Crystal Palace,0.0,2.0,A,2.6,3.5,2.63
2025-01-18,2024/25,Arsenal,Aston Villa,2.0,2.0,D,1.5,4.1,7.0
2025-01-19,2024/25,Man United,Brighton,1.0,3.0,A,2.1,3.6,3.3
2025-01-19,2024/25,Everton,Tottenham,3.0,2.0,H,2.8,3.5,2.45
2025-01-19,2024/25,Ipswich,Man City,0.0,6.0,A,7.5,5.25,1.36
2025-01-19,2024/25,Nott'm Forest,Southampton,3.0,2.0,H,1.38,4.75,8.0
2025-01-20,2024/25,Chelsea,Wolves,3.0,1.0,H,1.36,5.75,6.5
2025-01-25,2024/25,Bournemouth,Nott'm Forest,5.0,0.0,H,2.05,3.7,3.4
2025-01-25,2024/25,Brighton,Everton,0.0,1.0,A,1.67,3.75,5.5
2025-01-25,2024/25,Liverpool,Ipswich,4.0,1.0,H,1.08,12.0,15.0
2025-01-25,2024/25,Southampton,Newcastle,1.0,3.0,A,6.5,5.25,1.42
2025-01-25,2024/25,Wolves,Arsenal,0.0,1.0,A,7.0,4.5,1.45
2025-01-25,2024/25,Man City,Chelsea,3.0,1.0,H,2.05,4.0,3.3
2025-01-26,2024/25,Crystal Palace,Brentford,1.0,2.0,A,2.05,3.75,3.3
2025-01-26,2024/25,Tottenham,Leicester,1.0,2.0,A,1.45,5.5,5.5
2025-01-26,2024/25,Aston Villa,West Ham,1.0,1.0,D,1.53,4.33,5.75
2025-01-26,2024/25,Fulham,Man United,0.0,1.0,A,2.3,3.4,3.1
2025-02-01,2024/25,Wolves,Aston Villa,2.0,0.0,H,3.3,3.6,2.1
2025-02-01,2024/25,Newcastle,Fulham,1.0,2.0,A,1.7,4.0,4.75
2025-02-01,2024/25,Everton,Leicester,4.0,0.0,H,1.75,3.75,4.5
2025-02-01,2024/25,Bournemouth,Liverpool,0.0,2.0,A,4.5,4.33,1.67
2025-02-01,2024/25,Nott'm Forest,Brighton,7.0,0.0,H,2.38,3.5,2.8
2025-02-01,2024/25,Ipswich,Southampton,1.0,2.0,A,1.95,3.6,3.8
2025-02-02,2024/25,Brentford,Tottenham,0.0,2.0,A,2.1,3.9,3.2
2025-02-02,2024/25,Man United,Crystal Palace,0.0,2.0,A,2.0,3.5,3.8
2025-02-02,2024/25,Arsenal,Man City,5.0,1.0,H,1.95,3.5,4.0
2025-02-03,2024/25,Chelsea,West Ham,2.0,1.0,H,1.36,4.75,8.0
2025-02-12,2024/25,Everton,Liverpool,2.0,2.0,D,7.5,4.5,1.44
2025-02-14,2024/25,Brighton,Chelsea,3.0,0.0,H,2.7,3.6,2.45
2025-02-15,2024/25,Crystal Palace,Everton,1.0,2.0,A,1.8,3.4,5.0
2025-02-15,2024/25,West Ham,Brentford,0.0,1.0,A,2.35,3.6,2.88
2025-02-15,2024/25,Fulham,Nott'm Forest,2.0,1.0,H,2.2,3.4,3.3
2025-02-15,2024/25,Man City,Newcastle,4.0,0.0,H,1.95,4.2,3.3
2025-02-15,2024/25,Aston Villa,Ipswich,1.0,1.0,D,1.4,4.75,7.0
2025-02-15,2024/25,Southampton,Bournemouth,1.0,3.0,A,6.0,4.5,1.5
2025-02-15,2024/25,Leicester,Arsenal,0.0,2.0,A,8.5,5.0,1.33
2025-02-16,2024/25,Liverpool,Wolves,2.0,1.0,H,1.15,8.0,12.0
2025-02-16,2024/25,Tottenham,Man United,1.0,0.0,H,2.45,3.75,2.62
2025-02-19,2024/25,Aston Villa,Liverpool,2.0,2.0,D,3.9,4.0,1.83
2025-02-21,2024/25,Leicester,Brentford,0.0,4.0,A,3.6,3.8,1.91
2025-02-22,2024/25,Aston Villa,Chelsea,2.0,1.0,H,2.63,3.4,2.6
2025-02-22,2024/25,Southampton,Brighton,0.0,4.0,A,6.0,4.1,1.55
2025-02-22,2024/25,Ipswich,Tottenham,1.0,4.0,A,4.1,3.6,1.9
2025-02-22,2024/25,Bournemouth,Wolves,0.0,1.0,A,1.53,4.5,5.5
2025-02-22,2024/25,Arsenal,West Ham,0.0,1.0,A,1.27,6.0,10.0
2025-02-22,2024/25,Everton,Man United,2.0,2.0,D,2.5,3.2,2.9
2025-02-22,2024/25,Fulham,Crystal Palace,0.0,2.0,A,2.05,3.4,3.7
2025-02-23,2024/25,Newcastle,Nott'm Forest,4.0,3.0,H,1.8,3.8,4.2
2025-02-23,2024/25,Man City,Liverpool,0.0,2.0,A,2.88,3.8,2.25
2025-02-25,2024/25,Brighton,Bournemouth,2.0,1.0,H,2.0,3.8,3.3
2025-02-25,2024/25,Crystal Palace,Aston Villa,4.0,1.0,H,2.45,3.4,2.8
2025-02-25,2024/25,Wolves,Fulham,1.0,2.0,A,2.63,3.3,2.63
2025-02-25,2024/25,Chelsea,Southampton,4.0,0.0,H,1.17,8.0,13.0
2025-02-26,2024/25,Tottenham,Man City,0.0,1.0,A,3.25,4.0,2.0
2025-02-26,2024/25,Liverpool,Newcastle,2.0,0.0,H,1.5,4.5,5.75
2025-02-26,2024/25,Man United,Ipswich,3.0,2.0,H,1.53,4.33,6.0
2025-02-26,2024/25,Nott'm Forest,Arsenal,0.0,0.0,D,3.9,3.6,1.95
2025-02-26,2024/25,Brentford,Everton,1.0,1.0,D,2.0,3.7,3.5
2025-02-27,2024/25,West Ham,Leicester,2.0,0.0,H,1.62,4.2,5.0
2025-03-08,2024/25,Nott'm Forest,Man City,1.0,0.0,H,4.0,3.75,1.85
2025-03-08,2024/25,Brighton,Fulham,2.0,1.0,H,1.95,3.6,3.75
2025-03-08,2024/25,Crystal Palace,Ipswich,1.0,0.0,H,1.45,4.75,6.25
2025-03-08,2024/25,Liverpool,Southampton,3.0,1.0,H,1.1,9.0,19.0
2025-03-08,2024/25,Brentford,Aston Villa,0.0,1.0,A,2.2,3.8,2.9
2025-03-08,2024/25,Wolves,Everton,1.0,1.0,D,2.6,3.1,2.88
2025-03-09,2024/25,Chelsea,Leicester,1.0,0.0,H,1.18,8.0,12.0
2025-03-09,2024/25,Tottenham,Bournemouth,2.0,2.0,D,2.7,3.9,2.35
2025-03-09,2024/25,Man United,Arsenal,1.0,1.0,D,5.75,3.5,1.7
2025-03-10,2024/25,West Ham,Newcastle,0.0,1.0,A,3.25,3.4,2.2
2025-03-15,2024/25,Bournemouth,Brentford,1.0,2.0,A,1.73,4.2,4.2
2025-03-15,2024/25,Man City,Brighton,2.0,2.0,D,1.67,4.33,4.5
2025-03-15,2024/25,Ipswich,Nott'm Forest,2.0,4.0,A,3.75,3.5,2.0
2025-03-15,2024/25,Southampton,Wolves,1.0,2.0,A,3.7,3.4,2.0
2025-03-15,2024/25,Everton,West Ham,1.0,1.0,D,2.05,3.2,3.9
2025-03-16,2024/25,Arsenal,Chelsea,1.0,0.0,H,1.8,3.6,4.5
2025-03-16,2024/25,Fulham,Tottenham,2.0,0.0,H,2.0,3.75,3.6
2025-03-16,2024/25,Leicester,Man United,0.0,3.0,A,4.5,3.5,1.83
2025-04-01,2024/25,Arsenal,Fulham,2.0,1.0,H,1.48,4.33,7.0
2025-04-01,2024/25,Wolves,West Ham,1.0,0.0,H,2.5,3.2,2.9
2025-04-01,2024/25,Nott'm Forest,Man United,1.0,0.0,H,2.3,3.4,3.1
2025-04-02,2024/25,Liverpool,Everton,1.0,0.0,H,1.36,5.0,8.0
2025-04-02,2024/25,Southampton,Crystal Palace,1.0,1.0,D,5.75,3.8,1.62
2025-04-02,2024/25,Man City,Leicester,2.0,0.0,H,1.2,8.0,10.0
2025-04-02,2024/25,Brighton,Aston Villa,0.0,3.0,A,2.05,3.8,3.25
2025-04-02,2024/25,Newcastle,Brentford,2.0,1.0,H,1.73,4.5,4.0
2025-04-02,2024/25,Bournemouth,Ipswich,1.0,2.0,A,1.36,5.25,7.5
2025-04-03,2024/25,Chelsea,Tottenham,1.0,0.0,H,1.65,4.5,4.5
2025-04-05,2024/25,Aston Villa,Nott'm Forest,2.0,1.0,H,1.95,3.6,3.7
2025-04-05,2024/25,West Ham,Bournemouth,2.0,2.0,D,3.0,3.5,2.3
2025-04-05,2024/25,Crystal Palace,Brighton,2.0,1.0,H,2.35,3.6,2.8
2025-04-05,2024/25,Everton,Arsenal,1.0,1.0,D,5.25,3.25,1.75
2025-04-05,2024/25,Ipswich,Wolves,1.0,2.0,A,2.7,3.25,2.63
2025-04-06,2024/25,Brentford,Chelsea,0.0,0.0,D,3.2,3.6,2.15
2025-04-06,2024/25,Fulham,Liverpool,3.0,2.0,H,4.5,3.5,1.83
2025-04-06,2024/25,Tottenham,Southampton,3.0,1.0,H,1.38,5.5,6.5
2025-04-06,2024/25,Man United,Man City,0.0,0.0,D,3.4,3.6,2.1
2025-04-07,2024/25,Leicester,Newcastle,0.0,3.0,A,6.5,4.2,1.48
2025-04-12,2024/25,Man City,Crystal Palace,5.0,2.0,H,1.5,4.75,5.75
2025-04-12,2024/25,Southampton,Aston Villa,0.0,3.0,A,6.0,4.2,1.55
2025-04-12,2024/25,Arsenal,Brentford,1.0,1.0,D,1.6,4.33,5.0
2025-04-12,2024/25,Brighton,Leicester,2.0,2.0,D,1.29,6.0,10.0
2025-04-12,2024/25,Nott'm Forest,Everton,0.0,1.0,A,2.1,3.3,3.7
2025-04-13,2024/25,Chelsea,Ipswich,2.0,2.0,D,1.27,7.0,8.5
2025-04-13,2024/25,Liverpool,West Ham,2.0,1.0,H,1.3,6.0,8.0
2025-04-13,2024/25,Wolves,Tottenham,4.0,2.0,H,2.2,3.6,3.1
2025-04-13,2024/25,Newcastle,Man United,4.0,1.0,H,1.65,4.2,4.75
2025-04-14,2024/25,Bournemouth,Fulham,1.0,0.0,H,2.15,3.5,3.3
2025-04-16,2024/25,Newcastle,Crystal Palace,5.0,0.0,H,1.67,3.9,5.0
2025-04-19,2024/25,Crystal Palace,Bournemouth,0.0,0.0,D,2.45,3.6,2.63
2025-04-19,2024/25,Aston Villa,Newcastle,4.0,1.0,H,2.3,3.6,2.75
2025-04-19,2024/25,Brentford,Brighton,4.0,2.0,H,2.4,3.75,2.63
2025-04-19,2024/25,Everton,Man City,0.0,2.0,A,3.7,3.6,1.91
2025-04-19,2024/25,West Ham,Southampton,1.0,1.0,D,1.48,4.33,6.5
2025-04-20,2024/25,Ipswich,Arsenal,0.0,4.0,A,8.0,4.5,1.4
2025-04-20,2024/25,Man United,Wolves,0.0,1.0,A,2.0,3.6,3.6
2025-04-20,2024/25,Leicester,Liverpool,0.0,1.0,A,11.0,6.25,1.22
2025-04-20,2024/25,Fulham,Chelsea,1.0,2.0,A,2.7,3.7,2.35
2025-04-21,2024/25,Tottenham,Nott'm Forest,1.0,2.0,A,2.45,3.6,2.63
2025-04-22,2024/25,Man City,Aston Villa,2.0,1.0,H,1.8,4.1,3.9
2025-04-23,2024/25,Arsenal,Crystal Palace,2.0,2.0,D,1.4,4.75,7.5
2025-04-26,2024/25,Chelsea,Everton,1.0,0.0,H,1.55,4.0,6.0
2025-04-26,2024/25,Brighton,West Ham,3.0,2.0,H,1.67,4.2,4.75
2025-04-26,2024/25,Newcastle,Ipswich,3.0,0.0,H,1.18,7.5,13.0
2025-04-26,2024/25,Southampton,Fulham,1.0,2.0,A,5.25,4.0,1.6
2025-04-26,2024/25,Wolves,Leicester,3.0,0.0,H,1.5,4.2,6.25
2025-04-27,2024/25,Liverpool,Tottenham,5.0,1.0,H,1.25,6.0,11.0
2025-04-27,2024/25,Bournemouth,Man United,1.0,1.0,D,1.67,4.0,4.5
2025-05-01,2024/25,Nott'm Forest,Brentford,0.0,2.0,A,2.15,3.5,3.25
2025-05-02,2024/25,Man City,Wolves,1.0,0.0,H,1.4,4.75,7.5
2025-05-03,2024/25,Aston Villa,Fulham,1.0,0.0,H,1.77,3.75,4.5
2025-05-03,2024/25,Everton,Ipswich,2.0,2.0,D,1.45,4.33,6.5
2025-05-03,2024/25,Leicester,Southampton,2.0,0.0,H,2.3,3.6,2.88
2025-05-03,2024/25,Arsenal,Bournemouth,1.0,2.0,A,2.05,3.7,3.4
2025-05-04,2024/25,Brentford,Man United,4.0,3.0,H,1.65,4.1,4.75
2025-05-04,2024/25,Brighton,Newcastle,1.0,1.0,D,2.88,3.7,2.3
2025-05-04,2024/25,West Ham,Tottenham,1.0,1.0,D,2.1,3.7,3.25
2025-05-04,2024/25,Chelsea,Liverpool,3.0,1.0,H,2.15,3.7,3.1
2025-05-05,2024/25,Crystal Palace,Nott'm Forest,1.0,1.0,D,2.25,3.4,3.2
2025-05-10,2024/25,Bournemouth,Aston Villa,0.0,1.0,A,2.4,3.6,2.75
2025-05-10,2024/25,Wolves,Brighton,0.0,2.0,A,2.7,3.5,2.5
2025-05-10,2024/25,Southampton,Man City,0.0,0.0,D,11.0,7.5,1.2
2025-05-10,2024/25,Fulham,Everton,1.0,3.0,A,1.82,3.4,4.5
2025-05-10,2024/25,Ipswich,Brentford,0.0,1.0,A,5.0,4.0,1.65
2025-05-11,2024/25,Newcastle,Chelsea,2.0,0.0,H,2.1,3.75,3.1
2025-05-11,2024/25,Man United,West Ham,0.0,2.0,A,1.9,3.6,4.0
2025-05-11,2024/25,Nott'm Forest,Leicester,2.0,2.0,D,1.33,5.25,8.0
2025-05-11,2024/25,Tottenham,Crystal Palace,0.0,2.0,A,2.63,3.6,2.5
2025-05-11,2024/25,Liverpool,Arsenal,2.0,2.0,D,2.0,3.6,3.6
2025-05-16,2024/25,Aston Villa,Tottenham,2.0,0.0,H,1.3,6.0,8.5
2025-05-16,2024/25,Chelsea,Man United,1.0,0.0,H,1.44,5.0,6.25
2025-05-18,2024/25,Everton,Southampton,2.0,0.0,H,1.4,4.75,7.5
2025-05-18,2024/25,West Ham,Nott'm Forest,1.0,2.0,A,2.75,3.3,2.55
2025-05-18,2024/25,Brentford,Fulham,2.0,3.0,A,1.91,3.9,3.6
2025-05-18,2024/25,Leicester,Ipswich,2.0,0.0,H,2.3,3.6,2.9
2025-05-18,2024/25,Arsenal,Newcastle,1.0,0.0,H,1.95,3.7,3.7
2025-05-19,2024/25,Brighton,Liverpool,3.0,2.0,H,2.6,3.75,2.45
2025-05-20,2024/25,Man City,Bournemouth,3.0,1.0,H,1.55,4.33,5.75
2025-05-20,2024/25,Crystal Palace,Wolves,4.0,2.0,H,2.25,3.3,3.2
2025-05-25,2024/25,Bournemouth,Leicester,2.0,0.0,H,1.33,5.25,8.5
2025-05-25,2024/25,Fulham,Man City,0.0,2.0,A,5.0,4.2,1.6
2025-05-25,2024/25,Ipswich,West Ham,1.0,3.0,A,3.0,3.8,2.2
2025-05-25,2024/25,Liverpool,Crystal Palace,1.0,1.0,D,1.4,6.0,5.75
2025-05-25,2024/25,Man United,Aston Villa,2.0,0.0,H,4.33,4.2,1.7
2025-05-25,2024/25,Newcastle,Everton,0.0,1.0,A,1.33,5.5,8.5
2025-05-25,2024/25,Nott'm Forest,Chelsea,0.0,1.0,A,3.0,3.75,2.2
2025-05-25,2024/25,Southampton,Arsenal,1.0,2.0,A,8.5,6.0,1.3
2025-05-25,2024/25,Tottenham,Brighton,1.0,4.0,A,4.2,4.33,1.7
2025-05-25,2024/25,Wolves,Brentford,1.0,1.0,D,2.7,3.7,2.45
2025-08-15,2025/26,Liverpool,Bournemouth,4.0,2.0,H,1.3,6.0,8.5
2025-08-16,2025/26,Aston Villa,Newcastle,0.0,0.0,D,2.25,3.5,2.9
2025-08-16,2025/26,Brighton,Fulham,1.0,1.0,D,1.91,3.6,4.0
2025-08-16,2025/26,Sunderland,West Ham,3.0,0.0,H,3.25,3.4,2.25
2025-08-16,2025/26,Tottenham,Burnley,3.0,0.0,H,1.38,4.75,8.5
2025-08-16,2025/26,Wolves,Man City,0.0,4.0,A,6.25,4.75,1.45
2025-08-17,2025/26,Chelsea,Crystal Palace,0.0,0.0,D,1.62,4.33,4.5
2025-08-17,2025/26,Nott'm Forest,Brentford,3.0,1.0,H,2.2,3.3,3.5
2025-08-17,2025/26,Man United,Arsenal,0.0,1.0,A,3.6,3.6,1.95
2025-08-18,2025/26,Leeds,Everton,1.0,0.0,H,2.38,3.3,3.0
2025-08-22,2025/26,West Ham,Chelsea,1.0,5.0,A,4.75,3.8,1.73
2025-08-23,2025/26,Arsenal,Leeds,5.0,0.0,H,1.27,6.25,9.5
2025-08-23,2025/26,Brentford,Aston Villa,1.0,0.0,H,3.1,3.6,2.2
2025-08-23,2025/26,Burnley,Sunderland,2.0,0.0,H,2.2,3.2,3.5
2025-08-23,2025/26,Man City,Tottenham,0.0,2.0,A,1.48,4.5,6.25
2025-08-23,2025/26,Bournemouth,Wolves,1.0,0.0,H,1.8,3.8,4.2
2025-08-24,2025/26,Everton,Brighton,2.0,0.0,H,3.1,3.3,2.3
2025-08-24,2025/26,Fulham,Man United,1.0,1.0,D,3.25,3.5,2.15
2025-08-24,2025/26,Crystal Palace,Nott'm Forest,1.0,1.0,D,2.35,3.3,3.1
2025-08-25,2025/26,Newcastle,Liverpool,2.0,3.0,A,3.25,3.8,2.05
2025-08-30,2025/26,Wolves,Everton,2.0,3.0,A,2.7,3.2,2.75
2025-08-30,2025/26,Leeds,Newcastle,0.0,0.0,D,3.5,3.4,2.1
2025-08-30,2025/26,Sunderland,Brentford,2.0,1.0,H,3.0,3.3,2.4
2025-08-30,2025/26,Man United,Burnley,3.0,2.0,H,1.33,5.25,8.0
2025-08-30,2025/26,Chelsea,Fulham,2.0,0.0,H,1.55,4.33,5.25
2025-08-30,2025/26,Tottenham,Bournemouth,0.0,1.0,A,1.73,4.2,4.2
2025-08-31,2025/26,Brighton,Man City,2.0,1.0,H,3.8,3.9,1.9
2025-08-31,2025/26,Nott'm Forest,West Ham,0.0,3.0,A,1.67,3.75,5.25
2025-08-31,2025/26,Liverpool,Arsenal,1.0,0.0,H,2.2,3.5,3.2
2025-08-31,2025/26,Aston Villa,Crystal Palace,0.0,3.0,A,1.85,3.7,4.0
2025-09-13,2025/26,West Ham,Tottenham,0.0,3.0,A,3.4,3.6,2.1
2025-09-13,2025/26,Brentford,Chelsea,2.0,2.0,D,4.5,3.9,1.73
2025-09-13,2025/26,Newcastle,Wolves,1.0,0.0,H,1.42,4.75,7.0
2025-09-13,2025/26,Fulham,Leeds,1.0,0.0,H,1.91,3.5,4.0
2025-09-13,2025/26,Everton,Aston Villa,0.0,0.0,D,2.45,3.3,2.9
2025-09-13,2025/26,Crystal Palace,Sunderland,0.0,0.0,D,1.65,3.75,5.75
2025-09-13,2025/26,Arsenal,Nott'm Forest,3.0,0.0,H,1.38,5.0,8.0
2025-09-13,2025/26,Bournemouth,Brighton,2.0,1.0,H,2.35,3.5,2.9
2025-09-14,2025/26,Burnley,Liverpool,0.0,1.0,A,8.0,5.5,1.33
2025-09-14,2025/26,Man City,Man United,3.0,0.0,H,1.75,4.0,4.2
2025-09-20,2025/26,Fulham,Brentford,3.0,1.0,H,2.0,3.4,3.8
2025-09-20,2025/26,Man United,Chelsea,2.0,1.0,H,2.6,3.8,2.45
2025-09-20,2025/26,Wolves,Leeds,1.0,3.0,A,2.7,3.2,2.75
2025-09-20,2025/26,West Ham,Crystal Palace,1.0,2.0,A,2.88,3.5,2.38
2025-09-20,2025/26,Burnley,Nott'm Forest,1.0,1.0,D,3.4,3.3,2.2
2025-09-20,2025/26,Brighton,Tottenham,2.0,2.0,D,2.25,3.7,3.0
2025-09-20,2025/26,Liverpool,Everton,2.0,1.0,H,1.45,4.75,6.5
2025-09-21,2025/26,Bournemouth,Newcastle,0.0,0.0,D,2.5,3.5,2.7
2025-09-21,2025/26,Sunderland,Aston Villa,1.0,1.0,D,3.4,3.5,2.1
2025-09-21,2025/26,Arsenal,Man City,1.0,1.0,D,1.85,3.9,3.8
2025-09-27,2025/26,Tottenham,Wolves,1.0,1.0,D,1.5,4.5,6.0
2025-09-27,2025/26,Nott'm Forest,Sunderland,0.0,1.0,A,1.75,3.75,4.5
2025-09-27,2025/26,Chelsea,Brighton,1.0,3.0,A,1.85,3.8,3.8
2025-09-27,2025/26,Leeds,Bournemouth,2.0,2.0,D,3.1,3.25,2.38
2025-09-27,2025/26,Crystal Palace,Liverpool,2.0,1.0,H,3.8,3.8,1.9
2025-09-27,2025/26,Man City,Burnley,5.0,1.0,H,1.17,7.5,15.0
2025-09-27,2025/26,Brentford,Man United,3.0,1.0,H,3.4,3.8,2.0
2025-09-28,2025/26,Aston Villa,Fulham,3.0,1.0,H,2.3,3.1,3.4
2025-09-28,2025/26,Newcastle,Arsenal,1.0,2.0,A,3.6,3.4,2.1
2025-09-29,2025/26,Everton,West Ham,1.0,1.0,D,1.7,3.75,5.0
2025-10-03,2025/26,Bournemouth,Fulham,3.0,1.0,H,1.95,3.5,3.9
2025-10-04,2025/26,Chelsea,Liverpool,2.0,1.0,H,2.8,3.75,2.3
2025-10-04,2025/26,Arsenal,West Ham,2.0,0.0,H,1.18,6.5,17.0
2025-10-04,2025/26,Leeds,Tottenham,1.0,2.0,A,2.7,3.5,2.5
2025-10-04,2025/26,Man United,Sunderland,2.0,0.0,H,1.5,4.75,5.75
2025-10-05,2025/26,Aston Villa,Burnley,2.0,1.0,H,1.6,4.0,5.75
2025-10-05,2025/26,Everton,Crystal Palace,2.0,1.0,H,2.45,3.25,3.0
2025-10-05,2025/26,Newcastle,Nott'm Forest,2.0,0.0,H,1.57,4.2,5.5
2025-10-05,2025/26,Wolves,Brighton,1.0,1.0,D,3.6,3.7,2.0
2025-10-05,2025/26,Brentford,Man City,0.0,1.0,A,4.75,4.5,1.62
2025-10-18,2025/26,Fulham,Arsenal,0.0,1.0,A,5.75,4.1,1.55
2025-10-18,2025/26,Sunderland,Wolves,2.0,0.0,H,2.5,3.0,3.1
2025-10-18,2025/26,Brighton,Newcastle,2.0,1.0,H,2.63,3.4,2.6
2025-10-18,2025/26,Crystal Palace,Bournemouth,3.0,3.0,D,2.2,3.4,3.25
2025-10-18,2025/26,Burnley,Leeds,2.0,0.0,H,3.25,3.25,2.25
2025-10-18,2025/26,Nott'm Forest,Chelsea,0.0,3.0,A,3.7,3.8,1.95
2025-10-18,2025/26,Man City,Everton,2.0,0.0,H,1.4,5.0,7.0
2025-10-19,2025/26,Tottenham,Aston Villa,1.0,2.0,A,2.05,3.5,3.5
2025-10-19,2025/26,Liverpool,Man United,1.0,2.0,A,1.6,4.5,5.0
2025-10-20,2025/26,West Ham,Brentford,0.0,2.0,A,2.5,3.25,2.88
2025-10-24,2025/26,Leeds,West Ham,2.0,1.0,H,1.8,3.5,4.75
2025-10-25,2025/26,Chelsea,Sunderland,1.0,2.0,A,1.36,4.75,9.0
2025-10-25,2025/26,Newcastle,Fulham,2.0,1.0,H,1.62,3.9,5.5
2025-10-25,2025/26,Man United,Brighton,4.0,2.0,H,1.95,3.8,3.5
2025-10-25,2025/26,Brentford,Liverpool,3.0,2.0,H,4.1,4.2,1.75
2025-10-26,2025/26,Everton,Tottenham,0.0,3.0,A,2.35,3.4,3.0
2025-10-26,2025/26,Wolves,Burnley,2.0,3.0,A,1.95,3.3,4.2
2025-10-26,2025/26,Bournemouth,Nott'm Forest,2.0,0.0,H,1.8,3.8,4.33
2025-10-26,2025/26,Arsenal,Crystal Palace,1.0,0.0,H,1.4,4.75,7.5
2025-10-26,2025/26,Aston Villa,Man City,1.0,0.0,H,4.33,3.8,1.8
2025-11-01,2025/26,Liverpool,Aston Villa,2.0,0.0,H,1.65,4.33,4.5
2025-11-01,2025/26,Nott'm Forest,Man United,2.0,2.0,D,3.3,3.75,2.05
2025-11-01,2025/26,Tottenham,Chelsea,0.0,1.0,A,2.7,3.5,2.5
2025-11-01,2025/26,Crystal Palace,Brentford,2.0,0.0,H,1.91,3.6,3.9
2025-11-01,2025/26,Brighton,Leeds,3.0,0.0,H,1.85,3.75,4.0
2025-11-01,2025/26,Fulham,Wolves,3.0,0.0,H,1.83,3.5,4.5
2025-11-01,2025/26,Burnley,Arsenal,0.0,2.0,A,10.0,6.0,1.27
2025-11-02,2025/26,Man City,Bournemouth,3.0,1.0,H,1.5,4.75,5.75
2025-11-02,2025/26,West Ham,Newcastle,3.0,1.0,H,5.25,4.0,1.62
2025-11-03,2025/26,Sunderland,Everton,1.0,1.0,D,2.7,3.2,2.7
2025-11-08,2025/26,Tottenham,Man United,2.0,2.0,D,2.63,3.6,2.5
2025-11-08,2025/26,Everton,Fulham,2.0,0.0,H,2.2,3.3,3.4
2025-11-08,2025/26,West Ham,Burnley,3.0,2.0,H,1.91,3.5,4.0
2025-11-08,2025/26,Sunderland,Arsenal,2.0,2.0,D,7.5,5.0,1.38
2025-11-08,2025/26,Chelsea,Wolves,3.0,0.0,H,1.36,4.75,8.5
2025-11-09,2025/26,Aston Villa,Bournemouth,4.0,0.0,H,2.2,3.4,3.25
2025-11-09,2025/26,Brentford,Newcastle,3.0,1.0,H,2.8,3.5,2.45
2025-11-09,2025/26,Crystal Palace,Brighton,0.0,0.0,D,2.25,3.5,3.1
2025-11-09,2025/26,Nott'm Forest,Leeds,3.0,1.0,H,2.25,3.25,3.3
2025-11-09,2025/26,Man City,Liverpool,3.0,0.0,H,1.9,3.9,3.7
2025-11-22,2025/26,Newcastle,Man City,2.0,1.0,H,3.6,3.8,1.95
2025-11-22,2025/26,Wolves,Crystal Palace,0.0,2.0,A,3.8,3.6,1.95
2025-11-22,2025/26,Liverpool,Nott'm Forest,0.0,3.0,A,1.44,5.0,6.25
2025-11-22,2025/26,Bournemouth,West Ham,2.0,2.0,D,1.62,4.2,4.75
2025-11-22,2025/26,Brighton,Brentford,2.0,1.0,H,1.91,3.6,4.0
2025-11-22,2025/26,Fulham,Sunderland,1.0,0.0,H,2.1,3.25,3.75
2025-11-22,2025/26,Burnley,Chelsea,0.0,2.0,A,6.25,4.5,1.48
2025-11-23,2025/26,Arsenal,Tottenham,4.0,1.0,H,1.42,4.75,7.5
2025-11-23,2025/26,Leeds,Aston Villa,1.0,2.0,A,3.0,3.3,2.4
2025-11-24,2025/26,Man United,Everton,0.0,1.0,A,1.75,4.0,4.33
2025-11-29,2025/26,Brentford,Burnley,3.0,1.0,H,1.45,4.5,7.0
2025-11-29,2025/26,Man City,Leeds,3.0,2.0,H,1.22,6.5,12.0
2025-11-29,2025/26,Sunderland,Bournemouth,3.0,2.0,H,3.2,3.3,2.3
2025-11-29,2025/26,Tottenham,Fulham,1.0,2.0,A,2.2,3.3,3.3
2025-11-29,2025/26,Everton,Newcastle,1.0,4.0,A,2.8,3.25,2.63
2025-11-30,2025/26,Crystal Palace,Man United,1.0,2.0,A,2.3,3.4,3.1
2025-11-30,2025/26,Aston Villa,Wolves,1.0,0.0,H,1.5,4.33,6.5
2025-11-30,2025/26,Nott'm Forest,Brighton,0.0,2.0,A,2.75,3.3,2.63
2025-11-30,2025/26,West Ham,Liverpool,0.0,2.0,A,4.33,4.33,1.67
2025-11-30,2025/26,Chelsea,Arsenal,1.0,1.0,D,3.4,3.3,2.2
2025-12-02,2025/26,Fulham,Man City,4.0,5.0,A,4.33,4.1,1.73
2025-12-02,2025/26,Bournemouth,Everton,0.0,1.0,A,2.2,3.25,3.3
2025-12-02,2025/26,Newcastle,Tottenham,2.0,2.0,D,1.83,3.8,4.1
2025-12-03,2025/26,Arsenal,Brentford,2.0,0.0,H,1.36,5.0,8.5
2025-12-03,2025/26,Liverpool,Sunderland,1.0,1.0,D,1.36,5.25,7.0
2025-12-03,2025/26,Brighton,Aston Villa,3.0,4.0,A,2.15,3.5,3.4
2025-12-03,2025/26,Wolves,Nott'm Forest,0.0,1.0,A,3.25,3.4,2.25
2025-12-03,2025/26,Leeds,Chelsea,3.0,1.0,H,4.1,4.1,1.8
2025-12-03,2025/26,Burnley,Crystal Palace,0.0,1.0,A,4.5,3.8,1.75
2025-12-04,2025/26,Man United,West Ham,1.0,1.0,D,1.45,5.0,6.0
2025-12-06,2025/26,Aston Villa,Arsenal,2.0,1.0,H,4.2,3.5,1.9
2025-12-06,2025/26,Bournemouth,Chelsea,0.0,0.0,D,3.1,3.75,2.15
2025-12-06,2025/26,Everton,Nott'm Forest,3.0,0.0,H,2.2,3.2,3.5
2025-12-06,2025/26,Man City,Sunderland,3.0,0.0,H,1.25,6.5,10.0
2025-12-06,2025/26,Newcastle,Burnley,2.0,1.0,H,1.27,6.0,9.5
2025-12-06,2025/26,Tottenham,Brentford,2.0,0.0,H,2.3,3.5,3.0
2025-12-06,2025/26,Leeds,Liverpool,3.0,3.0,D,3.8,4.0,1.85
2025-12-07,2025/26,Brighton,West Ham,1.0,1.0,D,1.55,4.33,5.75
2025-12-07,2025/26,Fulham,Crystal Palace,1.0,2.0,A,2.55,3.3,2.8
2025-12-08,2025/26,Wolves,Man United,1.0,4.0,A,4.2,4.0,1.75
2025-12-13,2025/26,Arsenal,Wolves,2.0,1.0,H,1.13,8.5,21.0
2025-12-13,2025/26,Liverpool,Brighton,2.0,0.0,H,1.67,4.0,4.75
2025-12-13,2025/26,Burnley,Fulham,2.0,3.0,A,4.0,3.5,1.91
2025-12-13,2025/26,Chelsea,Everton,2.0,0.0,H,1.67,3.8,5.25
2025-12-14,2025/26,Brentford,Leeds,1.0,1.0,D,1.91,3.6,4.0
2025-12-14,2025/26,Sunderland,Newcastle,1.0,0.0,H,3.3,3.3,2.25
2025-12-14,2025/26,Nott'm Forest,Tottenham,3.0,0.0,H,2.55,3.3,2.8
2025-12-14,2025/26,West Ham,Aston Villa,2.0,3.0,A,3.75,3.5,2.0
2025-12-14,2025/26,Crystal Palace,Man City,0.0,3.0,A,3.9,3.9,1.85
2025-12-15,2025/26,Man United,Bournemouth,4.0,4.0,D,1.83,4.0,3.8
2025-12-20,2025/26,Leeds,Crystal Palace,4.0,1.0,H,2.6,3.3,2.75
2025-12-20,2025/26,Tottenham,Liverpool,1.0,2.0,A,3.5,3.75,2.0
2025-12-20,2025/26,Everton,Arsenal,0.0,1.0,A,5.75,4.1,1.57
2025-12-20,2025/26,Brighton,Sunderland,0.0,0.0,D,1.67,4.0,5.25
2025-12-20,2025/26,Bournemouth,Burnley,1.0,1.0,D,1.48,4.33,6.5
2025-12-20,2025/26,Newcastle,Chelsea,2.0,2.0,D,2.75,3.6,2.45
2025-12-20,2025/26,Wolves,Brentford,0.0,2.0,A,3.5,3.6,2.05
2025-12-20,2025/26,Man City,West Ham,3.0,0.0,H,1.22,8.0,10.0
2025-12-21,2025/26,Aston Villa,Man United,2.0,1.0,H,2.1,3.6,3.3
2025-12-22,2025/26,Fulham,Nott'm Forest,1.0,0.0,H,2.4,3.25,3.0
2025-12-26,2025/26,Man United,Newcastle,1.0,0.0,H,2.55,3.6,2.6
2025-12-27,2025/26,Arsenal,Brighton,2.0,1.0,H,1.42,4.75,7.0
2025-12-27,2025/26,Nott'm Forest,Man City,1.0,2.0,A,5.0,4.33,1.6
2025-12-27,2025/26,Brentford,Bournemouth,4.0,1.0,H,2.25,3.6,3.0
2025-12-27,2025/26,Liverpool,Wolves,2.0,1.0,H,1.25,6.5,10.0
2025-12-27,2025/26,West Ham,Fulham,0.0,1.0,A,2.63,3.4,2.6
2025-12-27,2025/26,Chelsea,Aston Villa,1.0,2.0,A,1.83,3.9,4.0
2025-12-27,2025/26,Burnley,Everton,0.0,0.0,D,4.1,3.4,1.95
2025-12-28,2025/26,Sunderland,Leeds,1.0,1.0,D,2.5,3.1,2.88
2025-12-28,2025/26,Crystal Palace,Tottenham,0.0,1.0,A,2.25,3.25,3.2
2025-12-30,2025/26,Man United,Wolves,1.0,1.0,D,1.36,5.25,8.0
2025-12-30,2025/26,Arsenal,Aston Villa,4.0,1.0,H,1.42,4.75,7.0
2025-12-30,2025/26,Chelsea,Bournemouth,2.0,2.0,D,1.5,4.75,5.75
2025-12-30,2025/26,Nott'm Forest,Everton,0.0,2.0,A,2.1,3.25,3.7
2025-12-30,2025/26,West Ham,Brighton,2.0,2.0,D,3.4,3.75,2.0
2025-12-30,2025/26,Burnley,Newcastle,1.0,3.0,A,5.25,4.2,1.6
2026-01-01,2025/26,Crystal Palace,Fulham,1.0,1.0,D,2.15,3.3,3.4
2026-01-01,2025/26,Liverpool,Leeds,0.0,0.0,D,1.55,4.5,5.5
2026-01-01,2025/26,Brentford,Tottenham,0.0,0.0,D,2.1,3.6,3.2
2026-01-01,2025/26,Sunderland,Man City,0.0,0.0,D,7.5,4.75,1.38
2026-01-03,2025/26,Aston Villa,Nott'm Forest,3.0,1.0,H,1.75,3.9,4.5
2026-01-03,2025/26,Brighton,Burnley,2.0,0.0,H,1.48,4.33,7.0
2026-01-03,2025/26,Wolves,West Ham,3.0,0.0,H,2.5,3.3,2.88
2026-01-03,2025/26,Bournemouth,Arsenal,2.0,3.0,A,6.5,4.75,1.44
2026-01-04,2025/26,Man City,Chelsea,1.0,1.0,D,1.6,4.75,4.5
2026-01-04,2025/26,Fulham,Liverpool,2.0,2.0,D,3.8,3.75,1.91
2026-01-04,2025/26,Everton,Brentford,2.0,4.0,A,2.35,3.25,3.1
2026-01-04,2025/26,Newcastle,Crystal Palace,2.0,0.0,H,1.7,3.9,4.75
2026-01-04,2025/26,Leeds,Man United,1.0,1.0,D,2.7,3.3,2.63
2026-01-04,2025/26,Tottenham,Sunderland,1.0,1.0,D,1.8,3.6,4.5
2026-01-06,2025/26,West Ham,Nott'm Forest,1.0,2.0,A,2.88,3.25,2.2
2026-01-07,2025/26,Burnley,Man United,2.0,2.0,D,4.75,4.0,1.7
2026-01-07,2025/26,Newcastle,Leeds,4.0,3.0,H,1.67,3.8,5.0
2026-01-07,2025/26,Man City,Brighton,1.0,1.0,D,1.4,5.25,6.5
2026-01-07,2025/26,Crystal Palace,Aston Villa,0.0,0.0,D,3.1,3.3,2.3
2026-01-07,2025/26,Everton,Wolves,1.0,1.0,D,1.75,3.5,5.0
2026-01-07,2025/26,Brentford,Sunderland,3.0,0.0,H,1.85,3.5,4.33
2026-01-07,2025/26,Bournemouth,Tottenham,3.0,2.0,H,2.1,3.6,3.3
2026-01-07,2025/26,Fulham,Chelsea,2.0,1.0,H,3.4,3.6,2.05
2026-01-08,2025/26,Arsenal,Liverpool,0.0,0.0,D,1.6,4.1,5.0
2026-01-17,2025/26,Man United,Man City,2.0,0.0,H,3.7,3.8,1.91
2026-01-17,2025/26,Chelsea,Brentford,2.0,0.0,H,1.73,4.0,4.75
2026-01-17,2025/26,Leeds,Fulham,1.0,0.0,H,2.15,3.3,3.5
2026-01-17,2025/26,Liverpool,Burnley,1.0,1.0,D,1.22,6.5,11.0
2026-01-17,2025/26,Sunderland,Crystal Palace,2.0,1.0,H,2.75,3.1,2.75
2026-01-17,2025/26,Tottenham,West Ham,1.0,2.0,A,1.73,4.0,4.5
2026-01-17,2025/26,Nott'm Forest,Arsenal,0.0,0.0,D,6.0,4.33,1.53
2026-01-18,2025/26,Wolves,Newcastle,0.0,0.0,D,4.75,4.0,1.7
2026-01-18,2025/26,Aston Villa,Everton,0.0,1.0,A,1.67,3.9,5.25
2026-01-19,2025/26,Brighton,Bournemouth,1.0,1.0,D,1.85,3.9,3.8
2026-01-24,2025/26,Bournemouth,Liverpool,3.0,2.0,H,3.75,3.8,1.9
2026-01-24,2025/26,West Ham,Sunderland,3.0,1.0,H,2.5,3.2,2.88
2026-01-24,2025/26,Fulham,Brighton,2.0,1.0,H,2.6,3.4,2.7
2026-01-24,2025/26,Man City,Wolves,2.0,0.0,H,1.2,7.0,11.0
2026-01-24,2025/26,Burnley,Tottenham,2.0,2.0,D,3.7,3.5,2.05
2026-01-25,2025/26,Newcastle,Aston Villa,0.0,2.0,A,1.95,3.7,3.7
2026-01-25,2025/26,Arsenal,Man United,2.0,3.0,A,1.55,4.2,6.0
2026-01-25,2025/26,Brentford,Nott'm Forest,0.0,2.0,A,1.91,3.5,4.1
2026-01-25,2025/26,Crystal Palace,Chelsea,1.0,3.0,A,3.5,3.8,2.0
2026-01-26,2025/26,Everton,Leeds,1.0,1.0,D,2.5,3.25,2.9
2026-01-31,2025/26,Brighton,Everton,1.0,1.0,D,1.85,3.6,4.1
2026-01-31,2025/26,Leeds,Arsenal,0.0,4.0,A,5.75,4.2,1.55
2026-01-31,2025/26,Chelsea,West Ham,3.0,2.0,H,1.5,4.5,6.0
2026-01-31,2025/26,Liverpool,Newcastle,4.0,1.0,H,1.8,3.9,4.1
2026-01-31,2025/26,Wolves,Bournemouth,0.0,2.0,A,2.9,3.5,2.3
2026-02-01,2025/26,Aston Villa,Brentford,0.0,1.0,A,2.1,3.5,3.4
2026-02-01,2025/26,Man United,Fulham,3.0,2.0,H,1.57,4.5,5.0
2026-02-01,2025/26,Nott'm Forest,Crystal Palace,1.0,1.0,D,1.95,3.5,3.9
2026-02-01,2025/26,Tottenham,Man City,2.0,2.0,D,4.5,4.1,1.73
2026-02-02,2025/26,Sunderland,Burnley,3.0,0.0,H,1.8,3.5,4.75
2026-02-06,2025/26,Leeds,Nott'm Forest,3.0,1.0,H,2.2,3.3,3.4
2026-02-07,2025/26,Bournemouth,Aston Villa,1.0,1.0,D,2.7,3.5,2.5
2026-02-07,2025/26,Burnley,West Ham,0.0,2.0,A,3.3,3.5,2.15
2026-02-07,2025/26,Fulham,Everton,1.0,2.0,A,2.1,3.25,3.75
2026-02-07,2025/26,Wolves,Chelsea,1.0,3.0,A,5.0,4.0,1.67
2026-02-07,2025/26,Newcastle,Brentford,2.0,3.0,A,2.1,3.5,3.5
2026-02-07,2025/26,Man United,Tottenham,2.0,0.0,H,1.57,4.5,5.0
2026-02-07,2025/26,Arsenal,Sunderland,3.0,0.0,H,1.22,6.25,12.0
2026-02-08,2025/26,Brighton,Crystal Palace,0.0,1.0,A,1.95,3.5,3.9
2026-02-08,2025/26,Liverpool,Man City,1.0,2.0,A,2.38,3.7,2.75
2026-02-10,2025/26,Chelsea,Leeds,2.0,2.0,D,1.55,4.33,5.5
2026-02-10,2025/26,Everton,Bournemouth,1.0,2.0,A,2.38,3.4,3.0
2026-02-10,2025/26,Tottenham,Newcastle,1.0,2.0,A,3.2,3.6,2.2
2026-02-10,2025/26,West Ham,Man United,1.0,1.0,D,4.5,4.2,1.7
2026-02-11,2025/26,Sunderland,Liverpool,0.0,1.0,A,4.75,3.8,1.73
2026-02-11,2025/26,Crystal Palace,Burnley,2.0,3.0,A,1.57,4.0,6.25
2026-02-11,2025/26,Man City,Fulham,3.0,0.0,H,1.36,5.5,7.0
2026-02-11,2025/26,Aston Villa,Brighton,1.0,0.0,H,1.91,3.7,3.8
2026-02-11,2025/26,Nott'm Forest,Wolves,0.0,0.0,D,1.7,3.8,5.0
2026-02-12,2025/26,Brentford,Arsenal,1.0,1.0,D,4.75,3.9,1.7
2026-02-18,2025/26,Wolves,Arsenal,2.0,2.0,D,11.0,5.25,1.29
2026-02-21,2025/26,Brentford,Brighton,0.0,2.0,A,2.0,3.7,3.5
2026-02-21,2025/26,Man City,Newcastle,2.0,1.0,H,1.45,5.0,5.5
2026-02-21,2025/26,Aston Villa,Leeds,1.0,1.0,D,1.85,3.6,4.33
2026-02-21,2025/26,Chelsea,Burnley,1.0,1.0,D,1.22,6.5,12.0
2026-02-21,2025/26,West Ham,Bournemouth,0.0,0.0,D,2.5,3.7,2.63
2026-02-22,2025/26,Crystal Palace,Wolves,1.0,0.0,H,1.65,4.0,5.0
2026-02-22,2025/26,Nott'm Forest,Liverpool,0.0,1.0,A,4.1,3.9,1.8
2026-02-22,2025/26,Sunderland,Fulham,1.0,3.0,A,2.7,3.25,2.7
2026-02-22,2025/26,Tottenham,Arsenal,1.0,4.0,A,6.0,4.0,1.57
2026-02-23,2025/26,Everton,Man United,0.0,1.0,A,3.7,3.75,1.91
2026-02-27,2025/26,Wolves,Aston Villa,2.0,0.0,H,4.1,3.7,1.85
2026-02-28,2025/26,Bournemouth,Sunderland,1.0,1.0,D,1.8,3.75,4.33
2026-02-28,2025/26,Burnley,Brentford,3.0,4.0,A,4.5,3.9,1.73
2026-02-28,2025/26,Liverpool,West Ham,5.0,2.0,H,1.42,4.75,6.5
2026-02-28,2025/26,Newcastle,Everton,2.0,3.0,A,1.7,4.0,4.75
2026-02-28,2025/26,Leeds,Man City,0.0,1.0,A,4.75,4.33,1.62
2026-03-01,2025/26,Arsenal,Chelsea,2.0,1.0,H,1.6,3.8,5.5
2026-03-01,2025/26,Fulham,Tottenham,2.0,1.0,H,2.1,3.6,3.3
2026-03-01,2025/26,Brighton,Nott'm Forest,2.0,1.0,H,2.0,3.6,3.5
2026-03-01,2025/26,Man United,Crystal Palace,2.0,1.0,H,1.53,4.5,5.5
2026-03-03,2025/26,Everton,Burnley,2.0,0.0,H,1.57,4.0,6.0
2026-03-03,2025/26,Bournemouth,Brentford,0.0,0.0,D,2.5,3.6,2.63
2026-03-03,2025/26,Leeds,Sunderland,0.0,1.0,A,1.85,3.4,4.33
2026-03-03,2025/26,Wolves,Liverpool,2.0,1.0,H,5.5,4.5,1.5
2026-03-04,2025/26,Man City,Nott'm Forest,2.0,2.0,D,1.38,5.0,7.5
2026-03-04,2025/26,Newcastle,Man United,2.0,1.0,H,2.63,3.5,2.6
2026-03-04,2025/26,Brighton,Arsenal,0.0,1.0,A,4.75,4.1,1.65
2026-03-04,2025/26,Aston Villa,Chelsea,1.0,4.0,A,2.7,3.4,2.55
2026-03-04,2025/26,Fulham,West Ham,0.0,1.0,A,2.0,3.5,3.7
2026-03-05,2025/26,Tottenham,Crystal Palace,1.0,3.0,A,2.35,3.25,3.1
2026-03-14,2025/26,Burnley,Bournemouth,0.0,0.0,D,4.1,3.8,1.83
2026-03-14,2025/26,Sunderland,Brighton,0.0,1.0,A,3.3,3.3,2.25
2026-03-14,2025/26,Arsenal,Everton,2.0,0.0,H,1.38,4.75,8.5
2026-03-14,2025/26,Chelsea,Newcastle,0.0,1.0,A,1.8,4.2,3.8
2026-03-14,2025/26,West Ham,Man City,1.0,1.0,D,4.33,4.33,1.7
2026-03-15,2025/26,Liverpool,Tottenham,1.0,1.0,D,1.3,6.25,8.0
2026-03-15,2025/26,Nott'm Forest,Fulham,0.0,0.0,D,2.2,3.4,3.3
2026-03-15,2025/26,Crystal Palace,Leeds,0.0,0.0,D,2.55,3.3,2.88
2026-03-15,2025/26,Man United,Aston Villa,3.0,1.0,H,1.73,4.0,4.5
2026-03-16,2025/26,Brentford,Wolves,2.0,2.0,D,1.55,4.2,5.75
2026-03-20,2025/26,Bournemouth,Man United,2.0,2.0,D,3.2,3.8,2.1
2026-03-21,2025/26,Fulham,Burnley,3.0,1.0,H,1.53,4.1,6.25
2026-03-21,2025/26,Everton,Chelsea,3.0,0.0,H,3.5,3.4,2.1
2026-03-21,2025/26,Leeds,Brentford,0.0,0.0,D,2.45,3.5,2.88
2026-03-21,2025/26,Brighton,Liverpool,2.0,1.0,H,3.1,3.5,2.2
2026-03-22,2025/26,Newcastle,Sunderland,1.0,2.0,A,1.67,4.0,5.0
2026-03-22,2025/26,Aston Villa,West Ham,2.0,0.0,H,1.95,3.6,3.8
2026-03-22,2025/26,Tottenham,Nott'm Forest,0.0,3.0,A,2.25,3.4,3.2
2026-04-10,2025/26,West Ham,Wolves,4.0,0.0,H,1.8,3.8,4.33
2026-04-11,2025/26,Arsenal,Bournemouth,1.0,2.0,A,1.44,4.5,7.5
2026-04-11,2025/26,Brentford,Everton,2.0,2.0,D,2.15,3.3,3.5
2026-04-11,2025/26,Burnley,Brighton,0.0,2.0,A,4.5,4.0,1.73
2026-04-11,2025/26,Liverpool,Fulham,2.0,0.0,H,1.65,4.2,4.75
2026-04-12,2025/26,Chelsea,Man City,0.0,3.0,A,3.1,3.8,2.15
2026-04-12,2025/26,Nott'm Forest,Aston Villa,1.0,1.0,D,2.63,3.3,2.7
2026-04-12,2025/26,Crystal Palace,Newcastle,2.0,1.0,H,3.0,3.6,2.2
2026-04-12,2025/26,Sunderland,Tottenham,1.0,0.0,H,2.7,3.2,2.7
2026-04-13,2025/26,Man United,Leeds,1.0,2.0,A,1.62,4.1,5.0
2026-04-18,2025/26,Newcastle,Bournemouth,1.0,2.0,A,2.0,3.75,3.5
2026-04-18,2025/26,Tottenham,Brighton,2.0,2.0,D,2.7,3.75,2.4
2026-04-18,2025/26,Chelsea,Man United,0.0,1.0,A,2.2,3.5,3.2
2026-04-18,2025/26,Brentford,Fulham,0.0,0.0,D,2.1,3.75,3.25
2026-04-18,2025/26,Leeds,Wolves,3.0,0.0,H,1.62,3.9,5.75
2026-04-19,2025/26,Aston Villa,Sunderland,4.0,3.0,H,1.67,3.75,5.5
2026-04-19,2025/26,Nott'm Forest,Burnley,4.0,1.0,H,1.5,4.2,7.0
2026-04-19,2025/26,Man City,Arsenal,2.0,1.0,H,1.83,3.7,4.2
2026-04-19,2025/26,Everton,Liverpool,1.0,2.0,A,3.1,3.4,2.3
2026-04-20,2025/26,Crystal Palace,West Ham,0.0,0.0,D,2.38,3.2,3.1
2026-04-21,2025/26,Brighton,Chelsea,3.0,0.0,H,2.5,3.5,2.7
2026-04-22,2025/26,Bournemouth,Leeds,2.0,2.0,D,2.0,3.5,3.6
2026-04-22,2025/26,Burnley,Man City,0.0,1.0,A,19.0,9.0,1.13
2026-04-24,2025/26,Sunderland,Nott'm Forest,0.0,5.0,A,2.7,3.2,2.7
2026-04-25,2025/26,Liverpool,Crystal Palace,3.0,1.0,H,1.44,5.0,6.25
2026-04-25,2025/26,Fulham,Aston Villa,1.0,0.0,H,2.75,3.6,2.45
2026-04-25,2025/26,West Ham,Everton,2.0,1.0,H,2.4,3.4,2.9
2026-04-25,2025/26,Wolves,Tottenham,0.0,1.0,A,4.5,4.33,1.67
2026-04-25,2025/26,Arsenal,Newcastle,1.0,0.0,H,1.45,4.75,6.25
2026-04-27,2025/26,Man United,Brentford,2.0,1.0,H,1.85,3.8,4.0
2026-05-01,2025/26,Leeds,Burnley,3.0,1.0,H,1.33,5.0,9.5
2026-05-02,2025/26,Brentford,West Ham,3.0,0.0,H,1.91,3.75,3.75
2026-05-02,2025/26,Newcastle,Brighton,3.0,1.0,H,2.5,3.75,2.6
2026-05-02,2025/26,Wolves,Sunderland,1.0,1.0,D,3.1,3.2,2.1
2026-05-02,2025/26,Arsenal,Fulham,3.0,0.0,H,1.44,4.33,7.0
2026-05-03,2025/26,Bournemouth,Crystal Palace,3.0,0.0,H,1.57,4.33,5.25
2026-05-03,2025/26,Man United,Liverpool,3.0,2.0,H,2.3,3.8,2.75
2026-05-03,2025/26,Aston Villa,Tottenham,1.0,2.0,A,2.15,3.6,3.2
2026-05-04,2025/26,Everton,Man City,3.0,3.0,D,6.5,4.75,1.44
2026-05-04,2025/26,Chelsea,Nott'm Forest,1.0,3.0,A,1.7,4.0,4.75
